2	FormInfo/DecemberThirtyOne	31 декабря
3	FormInfo/JanuaryFirst	1 января
92	Items/Weapon/Missile/EMP_torpedo/Name	ЭМП торпеда
93	Items/Weapon/Missile/EMP_torpedo/Text	Оружие, способное на время вывести из строя целый линкор
96	Items/Weapon/Missile/GluonTorpedoLauncher/Name	Глюонная торпеда
97	Items/Weapon/Missile/GluonTorpedoLauncher/Text	Самонаводящаяся глюонная сверхлёгкая торпеда
101	Items/Weapon/Name/GluonEmitter	Глюонный излучатель
102	Items/Weapon/Name/GluonTormentor	Глюонный торментор
103	Items/Weapon/Name/GluonTorpedoLauncher	Глюонная торпедная установка
126	Items/Weapon/Text/GluonEmitter	Направляет на цель плотный поток глюонных частиц, нанося <MinDamage>-<MaxDamage><Bonus> ед. урона и подвергая <color=255,240,100>глюонизации</color> её корпус. Дистанция до <Radius>.
127	Items/Weapon/Text/GluonTormentor	Поражает цель концентрированным пучком глюонной материи, нанося <MinDamage>-<MaxDamage><Bonus> ед. урона и подвергая <color=255,240,100>глюонизации</color> её корпус. Дистанция до <Radius>.
128	Items/Weapon/Text/GluonTorpedoLauncher	Выпускает три малые торпеды, начинённые сжатым глюонным полем. Торпеды наносят от <MinDamage> до <MaxDamage><Bonus> ед. ущерба цели и подвергают <color=255,240,100>глюонизации</color> её корпус.
129	Items/Weapon/Text/GluonTorpedoLauncher	Количество залпов: <Count>/<MaxCount> шт.
134	FormShip/NoDrop	Этот предмет необходим для завершения задания. Его нельзя выбрасывать.
148	MicroModuls/ShuMercsHQ_Exdurality/ExText	<color=248,252,248>Улучшение:</color> <clr>"Эксдюралити"<clrEnd>
149	MicroModuls/ShuMercsHQ_Exdurality/ExText	<color=248,252,248>Замена почти всех функциональных деталей данного оборудования на более дорогостоящие и износостойкие фрагилиумные аналоги.</color>
151	MicroModuls/ShuMercsHQ_Exdurality/ExText	Надёжность оборудования: <clr>+50%<clrEnd>
152	MicroModuls/ShuMercsHQ_Exdurality/ExText	Стоимость: <clr>+50%<clrEnd>
168	MicroModuls/ShuMercsHQ_PlayerMercCruiser/Name	</color><Type> корпус крейсера
187	MicroModuls/ShuMercsHQ_PlayerMercFeiHull/Name	</color><Type> корпус наемника
208	MicroModuls/ShuMercsHQ_PlayerMercGaalHull/Name	</color><Type> корпус наемника
229	MicroModuls/ShuMercsHQ_PlayerMercMalocHull/Name	</color><Type> корпус наемника
250	MicroModuls/ShuMercsHQ_PlayerMercPelengHull/Name	</color><Type> корпус наемника
271	MicroModuls/ShuMercsHQ_PlayerMercPeopleHull/Name	</color><Type> корпус наемника
291	MicroModuls/ShuMercsHQ_PlayerMercSpecialHull/Name	Корпус "Звездный скат"
298	MicroModuls/ShuMercsHQ_PlayerMercSpecialHull/Text	<color=248,252,248>Уникальный корпус, спроектированный для проведения молниеносных боевых операций. На место главного проектировщика было решено выбрать <clr>Кривоносого<clrEnd> - потомка легендарного конструктора с планеты <clr>Земля<clrEnd>. Главным преимуществом корпуса является высокая манёвренность и длительное сохранение инерционной тяги, способствующей значительному приросту крейсерской скорости. Однако, из-за особенностей внутренней системы подачи топлива, двигатель не выдерживает продолжительных нагрузок, что негативно сказывается на долгих гиперперелётах.</color>
300	MicroModuls/ShuMercsHQ_PlayerMercSpecialHull/Text	Навык манёвренности: <bonSkill2>
301	MicroModuls/ShuMercsHQ_PlayerMercSpecialHull/Text	Навык обаяния: <bonSkill5>
302	MicroModuls/ShuMercsHQ_PlayerMercSpecialHull/Text	Скорость двигателя: <bonSpeed> ед.
303	MicroModuls/ShuMercsHQ_PlayerMercSpecialHull/Text	Масса корабля: <bonMass><clr>%<clrEnd>
304	MicroModuls/ShuMercsHQ_PlayerMercSpecialHull/Text	Дальность прыжка: <bonJump> пк.
305	MicroModuls/ShuMercsHQ_PlayerMercSpecialHull/Text	Генератор поля: <bonDef> ед.
332	MicroModuls/ShuMercsHQ_StarCockerelFeiHull/Name	</color><Type> корпус наемника
358	MicroModuls/ShuMercsHQ_TetroazinePumping/ExText	<color=248,252,248>Улучшение:</color> <clr>Прокачка тетроазина<clrEnd>
359	MicroModuls/ShuMercsHQ_TetroazinePumping/ExText	<color=248,252,248>Временное насыщение всех узлов оборудования особыми частицами <clr>тетроазина<clrEnd>, способствующими увеличению максимальной мощности двигателя. Полное вымывание всех тетроазиновых частиц произойдёт через <Data1> дн.</color>
361	MicroModuls/ShuMercsHQ_TetroazinePumping/ExText	Скорость двигателя: <bonSpeed> ед.
385	Illness/Stimulant/Expirin/End	Действие стимулятора <clr>"Экспирин"<clrEnd> закончилось. Вас снова посетило странное желание развалиться в кресле с баночкой "Махпеллы" и залипнуть в увлекательное реалити-шоу "Драка экстрафилов".
387	Illness/Stimulant/Expirin/Name	Экспирин
390	Illness/Stimulant/Expirin/Text	Последнее слово в вопросе оптимизации активности нейронов головного мозга.
392	Illness/Stimulant/Expirin/Text	Основным эффектом является общее улучшение памяти и повышение обучаемости носителя, вследствие чего количество получаемого опыта за любые действия возрастает на <clr><Percent>%<clrEnd>. Стимулятор вызывает сильное привыкание, поэтому принимать его рекомендуется не чаще одного <clr>раза в год<clrEnd>.
399	Quest/Info/CountDay	До окончания задания осталось <Day> дней
401	Quest/Info/CurQuests/Accepted	Задание выполнено, осталось получить деньги
402	Quest/Info/CurQuests/AcceptedPapers	Задание выполнено, осталось получить бумаги
403	Quest/Info/CurQuests/NotAccepted	Задание в процессе выполнения
405	Quest/Info/FromPlanet	Заказчик - планета <Planet> (система <System>)
406	Quest/Info/FromRuins	Заказчик - <RuinsType> <RuinsName> (система <System>)
407	Quest/Info/FromRuinsShort	Заказчик - <RuinsType>
409	Quest/Info/OldQuests/Accepted	Задание успешно выполнено
410	Quest/Info/OldQuests/NotAccepted	Задание провалено
413	Quest/Info/Ruins/BK	Сеть бизнес-центров
414	Quest/Info/Ruins/MC	Сеть медицинских станций
415	Quest/Info/Ruins/PB	Синдикат пиратских баз
416	Quest/Info/Ruins/RC	Сеть центров рейнджеров
417	Quest/Info/Ruins/SB	Сеть научных станций
418	Quest/Info/Ruins/WB	КВСМК
429	Quest/ShuMercs/DefShip/Coalition/1/QuestComplete	Отлично, <Player>. Вы выполнили вашу часть сделки, а я выполнил свою - вот ваше разрешение. Всего хорошего.
430	Quest/ShuMercs/DefShip/Coalition/1/QuestCompleteP	Спасибо
432	Quest/ShuMercs/DefShip/Coalition/1/QuestIntro	Пожалуй, я воспользуюсь вашим предложением, рейнджер.
433	Quest/ShuMercs/DefShip/Coalition/1/QuestIntro	Как вы уже наверно поняли, на планете <StartPlanet> я являюсь должностным лицом с высокими полномочиями. Я всегда очень щепетильно относился к собственной безопасности. Многие друзья говорят, что у меня паранойя, но поверьте, у меня и впрямь достаточное количество "доброжелателей", чтобы моя жизнь постоянно находилась под угрозой. То же касается и моей семьи. Вот только моя жена с дочерью абсолютно не разделяют таких взглядов.
434	Quest/ShuMercs/DefShip/Coalition/1/QuestIntro	Несколько дней назад они отправились в турне по ближайшим системам. Дочка очень хотела посмотреть мир, и я не мог ей отказать. Вот только они наотрез отказались от конвоя военных, который я хотел отрядить им в сопровождение. Хорошо хоть смог убедить их полететь на служебном судне <TargetShip>, которое быстрее, чем регулярные лайнеры. Однако как у любящего мужа и отца, моё сердце болит за близких, а потому я поручаю вам, рейнджер <Player>, обеспечить безопасность судна <TargetShip> до конца их турне, а именно до <EndDate>, после чего вас сменят мои агенты, которые к тому времени должны уже вернуться с других заданий.
435	Quest/ShuMercs/DefShip/Coalition/1/QuestIntro	Ну так что, мы договорились?
436	Quest/ShuMercs/DefShip/Coalition/1/QuestTakeNoP	Поговорим на другую тему
437	Quest/ShuMercs/DefShip/Coalition/1/QuestTakeYesP	Я берусь за это
451	Quest/ShuMercs/DefShip/Coalition/2/QuestComplete	Отлично, <Player>. Вы выполнили вашу часть сделки, а я выполнил свою - вот ваше разрешение. Всего хорошего.
452	Quest/ShuMercs/DefShip/Coalition/2/QuestCompleteP	Спасибо
454	Quest/ShuMercs/DefShip/Coalition/2/QuestIntro	В таком случае устраивайтесь поудобней, <Player>. Обрисую вам ситуацию в двух словах.
455	Quest/ShuMercs/DefShip/Coalition/2/QuestIntro	На транспортное судно <TargetShip> несколько дней назад было погружено экспериментальное оружие, разработанное на нашем секретном военном комплексе. Конечно же, вы не слышали про него, на то он и секретный. Но, видимо, всё же не настолько секретный, как нам бы того хотелось...
456	Quest/ShuMercs/DefShip/Coalition/2/QuestIntro	Несколько дней назад произошла крупная утечка информации. Среди похищенных данных оказался, в том числе, и частичный маршрут транспортного судна.
457	Quest/ShuMercs/DefShip/Coalition/2/QuestIntro	Вам, <Player>, необходимо обеспечить безопасность транспортного судна <TargetShip> до <EndDate>. Инструкции по дальнейшей транспортировке лежали на другом сервере, так что хакеры не успели узнать дальнейший путь транспорта. Обеспечьте мне сохранность этого оружия, а я обеспечу вам необходимое разрешение.
458	Quest/ShuMercs/DefShip/Coalition/2/QuestTakeNoP	Поговорим на другую тему
459	Quest/ShuMercs/DefShip/Coalition/2/QuestTakeYesP	Я берусь за это
473	Quest/ShuMercs/DefShip/Coalition/3/QuestComplete	Отлично, <Player>. Вы выполнили вашу часть сделки, а я выполнил свою - вот ваше разрешение. Всего хорошего.
474	Quest/ShuMercs/DefShip/Coalition/3/QuestCompleteP	Спасибо
476	Quest/ShuMercs/DefShip/Coalition/3/QuestIntro	Есть у меня один вопрос, но непростой, а аж целой национальной безопасности.
477	Quest/ShuMercs/DefShip/Coalition/3/QuestIntro	<Player>, вы готовы работать в режиме абсолютной секретности? Отлично. Тогда слушайте внимательно: на пассажирском лайнере <TargetShip> недавно отбыл один VIP. Кто это, я сказать не могу, но поверьте, личность это далеко не последняя в нашем правительстве. По моим данным, на лайнер в скором времени может быть совершена атака, а мы просто физически не успеваем задействовать наших военных. Да и к тому же мы не можем никого задействовать официально, ведь это неизбежно привлечёт к лайнеру излишнее внимание.
478	Quest/ShuMercs/DefShip/Coalition/3/QuestIntro	Сопровождайте пассажирское судно <TargetShip> до <EndDate>, после чего VIP покинет борт корабля, а вы вернётесь ко мне за нужными бумагами, которые будут ждать вас в этом самом кабинете на этом самом столе. Вопросы?
479	Quest/ShuMercs/DefShip/Coalition/3/QuestTakeNoP	Поговорим на другую тему
480	Quest/ShuMercs/DefShip/Coalition/3/QuestTakeYesP	Я берусь за это
497	Quest/ShuMercs/DefShip/PirateClan/1/QuestComplete	Отлично, <Player>. Ты выполнил свою часть сделки, а я выполнил свою - вот твоё разрешение. Попутного ветра.
498	Quest/ShuMercs/DefShip/PirateClan/1/QuestCompleteP	Спасибо
500	Quest/ShuMercs/DefShip/PirateClan/1/QuestIntro	Тут такое дело, <Player>. Тебе нужно будет... защищать мирный транспорт. Что ты на меня так смотришь? Да, да, мы на пиратской планете и я прекрасно понимаю, как абсурдно это звучит. Дело в том, что наши агенты немного обос... облажались. Кхм, понимаешь, у нас есть свой человек в компании грузоперевозок <clr>LGL<clrEnd>, который под видом обычного транспортника собирает для нас данные о перемещении военных Коалиции. И так получилось, что перед отлётом с нашей планеты мы забыли внести опознавательную сигнатуру его корабля в списки агентов под прикрытием.
501	Quest/ShuMercs/DefShip/PirateClan/1/QuestIntro	Твоё задание, <Player>, заключается в обеспечении безопасности транспортного судна <TargetShip> до тех пор, пока список агентов не будет обновлен, то есть до <EndDate>, после чего можешь смело возвращаться за нужными тебе бумагами.
502	Quest/ShuMercs/DefShip/PirateClan/1/QuestIntro	Ну что, по рукам?
503	Quest/ShuMercs/DefShip/PirateClan/1/QuestTakeNoP	Поговорим на другую тему
504	Quest/ShuMercs/DefShip/PirateClan/1/QuestTakeYesP	Я берусь за это
518	Quest/ShuMercs/DefShip/PirateClan/2/QuestComplete	Отлично, <Player>. Ты выполнил свою часть сделки, а я выполнил свою - вот твоё разрешение. Попутного ветра.
519	Quest/ShuMercs/DefShip/PirateClan/2/QuestCompleteP	Спасибо
521	Quest/ShuMercs/DefShip/PirateClan/2/QuestIntro	Нет, <Player>, у нас всё хорошо. Никаких проблем не наблюдается. Контрабанда возится, торгаши грабятся, лепота одним словом. Так что придётся тебе... так, одну секунду, отвечу на звонок:
522	Quest/ShuMercs/DefShip/PirateClan/2/QuestIntro	- Ало? Да. Что? Как улетел? А дурь есть? И дурь пропала?! Только не снова... Так, я перезвоню.
523	Quest/ShuMercs/DefShip/PirateClan/2/QuestIntro	Похоже, что сегодня твой день, <Player>. Мне сообщили, что только что охрана загородной виллы босса нашла записку на его столе со словами "АУЕ" и "Всех убью, один останусь". Также обнаружилась пропажа целого мешка "звёздной пыли", а это может значить только одно - шеф решил вспомнить молодость... третий раз за год.
524	Quest/ShuMercs/DefShip/PirateClan/2/QuestIntro	В общем, <Player>, тебе нужно проследить, чтобы никто не сбил его корабль <TargetShip>, на борту которого находится шеф с его личным пилотом. Охранять тебе его нужно до тех пор, пока он не выкурит всю дурь, которую прихватил с собой, то есть до <EndDate>. И не беспокойся, если его повяжут - нам не впервой его вытаскивать с зоны, да и там он уже как свой. Главное проследи, чтобы с ним всё было в порядке, а уж мы в долгу не останемся.
525	Quest/ShuMercs/DefShip/PirateClan/2/QuestTakeNoP	Поговорим на другую тему
526	Quest/ShuMercs/DefShip/PirateClan/2/QuestTakeYesP	Я берусь за это
540	Quest/ShuMercs/DefShip/PirateClan/3/QuestComplete	Отлично, <Player>. Ты выполнил свою часть сделки, а я выполнил свою - вот твоё разрешение. Попутного ветра.
541	Quest/ShuMercs/DefShip/PirateClan/3/QuestCompleteP	Спасибо
543	Quest/ShuMercs/DefShip/PirateClan/3/QuestIntro	Хорошо. Нет времени объяснять, но на борту корабля <TargetShipFull> сейчас перевозят один очень ценный товар. Обеспечь сохранность корабля до <EndDate>, после чего получишь своё разрешение. По рукам?
544	Quest/ShuMercs/DefShip/PirateClan/3/QuestTakeNoP	Поговорим на другую тему
545	Quest/ShuMercs/DefShip/PirateClan/3/QuestTakeYesP	Я берусь за это
564	Quest/ShuMercs/KillShip/Coalition/1/QuestComplete	Отлично, <Player>. Вы выполнили вашу часть сделки, а я выполнил свою - вот ваше разрешение. Всего хорошего.
565	Quest/ShuMercs/KillShip/Coalition/1/QuestCompleteP	Спасибо
567	Quest/ShuMercs/KillShip/Coalition/1/QuestIntro	Нерешённые вопросы, говорите? Если так подумать, то да, есть один такой.
568	Quest/ShuMercs/KillShip/Coalition/1/QuestIntro	Недавно мне стало известно, что за мной ведётся наблюдение. Подключив службу безопасности, мне удалось выяснить, что некий журналист, имя которого вам знать не нужно, собирает на меня компромат. Делает ли он это по своей воле, либо по наводке, нам неизвестно. Зато нам известно, что в данный момент он со всей своей командой находится на борту пассажирского судна <TargetShip>. Прямо сейчас он со своей командой готовит к эфиру собранный материал.
569	Quest/ShuMercs/KillShip/Coalition/1/QuestIntro	Вам нужно устранить его до выхода ежемесячных новостей, то есть до <EndDate>, после чего я смогу спать спокойно, а вы, так уж и быть, получите нужные бумаги.
570	Quest/ShuMercs/KillShip/Coalition/1/QuestIntro	Если же вы опоздаете, компрометирующую информацию покажут по всем новостям, а моя карьера пойдет коту под хвост, равно как и ваши мечты построить штаб в этой системе. Поверьте, <Player>, я об этом позабочусь.
571	Quest/ShuMercs/KillShip/Coalition/1/QuestTakeNoP	Поговорим на другую тему
572	Quest/ShuMercs/KillShip/Coalition/1/QuestTakeYesP	Я берусь за это
586	Quest/ShuMercs/KillShip/Coalition/2/QuestComplete	Отлично, <Player>. Вы выполнили вашу часть сделки, а я выполнил свою - вот ваше разрешение. Всего хорошего.
587	Quest/ShuMercs/KillShip/Coalition/2/QuestCompleteP	Спасибо
589	Quest/ShuMercs/KillShip/Coalition/2/QuestIntro	Хм... вижу, вы настроены решительно? Хорошо, в таком случае есть у меня одно дело, с которым вы могли бы помочь.
590	Quest/ShuMercs/KillShip/Coalition/2/QuestIntro	Моей семье вот уже два столетия принадлежат фермы по разведению гаалист - маленьких червеподобных существ, вытяжки из которых позволяют создавать один из самых эффективных боевых стимуляторов во всей Галактике - "гаалистру времени". Чему вы так удивляетесь, рейнджер? Думали, его из цветочков делают?
591	Quest/ShuMercs/KillShip/Coalition/2/QuestIntro	Проблема в том, что одна особо активная гражданская активистка, <clr>Зооглота Пуумберг<clrEnd>, прознала о нашей ферме, и теперь призывает правительства различных планет запретить применение гаалистры времени, мотивируя свой призыв выращиванием гаалист, занесенных в гаальскую "Жёлтую книгу", в, цитата: "Условиях, исключающих даже малейший проблеск гуманизма, словно серый бетонный настил заслоняющих свет звезды жизни от дрожащего эпидермиса этих несчастных маленьких созданий". И всё бы ничего, но по какой-то неизвестной нам причине, её кампания получила широкую поддержку в народных массах. Мы теряем заказчиков и терпим колоссальные убытки. Если так продолжится и дальше, моё предприятие совсем обанкротится! Представляете, какой позор для наследника родовой корпорации?
592	Quest/ShuMercs/KillShip/Coalition/2/QuestIntro	Рейнджер <Player>, вам поручается ответственное задание устранить судно <TargetShipFull>, на борту которого сейчас ведёт свою агитацию <clr>Зооглота Пуумберг<clrEnd>. Чем раньше вы это сделаете, тем лучше, однако крайний срок - <EndDate>, после чего моя компания окончательно закроется из-за понесённых убытков.
593	Quest/ShuMercs/KillShip/Coalition/2/QuestIntro	Надеюсь, мы сможем помочь друг другу, потому что в противном случае вам придется подыскивать другую систему для своего штаба.
594	Quest/ShuMercs/KillShip/Coalition/2/QuestTakeNoP	Поговорим на другую тему
595	Quest/ShuMercs/KillShip/Coalition/2/QuestTakeYesP	Я берусь за это
609	Quest/ShuMercs/KillShip/Coalition/3/QuestComplete	Отлично, <Player>. Вы выполнили вашу часть сделки, а я выполнил свою - вот ваше разрешение. Всего хорошего.
610	Quest/ShuMercs/KillShip/Coalition/3/QuestCompleteP	Спасибо
612	Quest/ShuMercs/KillShip/Coalition/3/QuestIntro	Присаживайтесь, <Player>, и закройте за собой дверь.
613	Quest/ShuMercs/KillShip/Coalition/3/QuestIntro	Дело обстоит следующим образом: не так давно из тюрьмы нашей планеты был выпущен опасный преступник. Он получил амнистию за примерное поведение, отсидев всего неделю! Представляете себе такое? Вот и я представить не мог, пока не увидел, как его корабль взлетает с космодрома, а начальник тюрьмы лично провожает его с фейерверком и цветами! Проведя медицинское обследование начальника тюрьмы (уже, к сожалению, бывшего), мы обнаружили сильнейшее гипнотическое воздействие на его мозг. Подумать только, гипноз и в наше время!
614	Quest/ShuMercs/KillShip/Coalition/3/QuestIntro	Однако, я не могу придать огласке такой позор наших правоохранительных органов, а потому вам поручается устранить преступника, скрывающегося на корабле <TargetShipFull> до <EndDate>.
615	Quest/ShuMercs/KillShip/Coalition/3/QuestIntro	Если вы устраните его вовремя, я смогу объяснить прессе, что ситуация изначально была под контролем, а его досрочное освобождение было секретной операцией наших спецслужб. В противном же случае... я даже не хочу думать, что тогда будет. Мы хорошо друг друга поняли, правда, <Player>?
616	Quest/ShuMercs/KillShip/Coalition/3/QuestTakeNoP	Поговорим на другую тему
617	Quest/ShuMercs/KillShip/Coalition/3/QuestTakeYesP	Я берусь за это
631	Quest/ShuMercs/KillShip/Coalition/4/QuestComplete	Отлично, <Player>. Вы выполнили вашу часть сделки, а я выполнил свою - вот ваше разрешение. Всего хорошего.
632	Quest/ShuMercs/KillShip/Coalition/4/QuestCompleteP	Спасибо
634	Quest/ShuMercs/KillShip/Coalition/4/QuestIntro	Ты - мне, я - тебе, да? Хорошо, но только об этом разговоре никто не должен узнать.
635	Quest/ShuMercs/KillShip/Coalition/4/QuestIntro	Есть у нас на планете один богатый меценат, <clr>Снэтч Макплюх<clrEnd>, слыхали о таком? Нет? Неважно. Добрейшей души пеленг. Спонсирует постройку детских грязепарков, субсидирует фермы пенчекряков, а недавно пожертвовал в фонд Эко-сообщества <clr>"Чистый космос"<clrEnd> аж целый миллиард кредитов! И нет чтобы выделить деньги нуждающимся пиратам или организовать какую-нибудь финансовую пирамиду, он продолжает выбрасывать деньги на ветер. Неслыханный позор для всего пеленгского народа!
636	Quest/ShuMercs/KillShip/Coalition/4/QuestIntro	Но увы и ах, господин <clr>Макплюх<clrEnd> очень популярен в определённых кругах и просто так убрать его мы не можем. Однако если бы с ним неожиданно произошёл несчастный случай, вряд ли бы кто-то стал задавать лишние вопросы.
637	Quest/ShuMercs/KillShip/Coalition/4/QuestIntro	В настоящий момент господин <clr>Макплюх<clrEnd> путешествует на дипломатическом судне <TargetShip> в качестве VIP-персоны. По моим данным, его экипаж должен совершить последнюю остановку <EndDate>, после чего его уже невозможно будет устранить, не привлекая лишнего внимания.
638	Quest/ShuMercs/KillShip/Coalition/4/QuestIntro	Ну что, <Player>, у вас остались вопросы? Вопросов нет? Тогда вперёд и с песней!
639	Quest/ShuMercs/KillShip/Coalition/4/QuestTakeNoP	Поговорим на другую тему
640	Quest/ShuMercs/KillShip/Coalition/4/QuestTakeYesP	Я берусь за это
654	Quest/ShuMercs/KillShip/Coalition/5/QuestComplete	Отлично, <Player>. Вы выполнили вашу часть сделки, а я выполнил свою - вот ваше разрешение. Всего хорошего.
655	Quest/ShuMercs/KillShip/Coalition/5/QuestCompleteP	Спасибо
657	Quest/ShuMercs/KillShip/Coalition/5/QuestIntro	Хорошо, <Player> - записывайте...
658	Quest/ShuMercs/KillShip/Coalition/5/QuestIntro	Имя цели - <TargetShipFull>. Капитан корабля должен отправиться к праотцам до <EndDate>, иначе я буду считать наш договор расторгнутым. Остальные подробности для вас излишни. Берётесь?
659	Quest/ShuMercs/KillShip/Coalition/5/QuestTakeNoP	Поговорим на другую тему
660	Quest/ShuMercs/KillShip/Coalition/5/QuestTakeYesP	Я берусь за это
677	Quest/ShuMercs/KillShip/PirateClan/1/QuestComplete	Отлично, <Player>. Ты выполнил свою часть сделки, а я выполнил свою - вот твоё разрешение. Попутного ветра.
678	Quest/ShuMercs/KillShip/PirateClan/1/QuestCompleteP	Спасибо
680	Quest/ShuMercs/KillShip/PirateClan/1/QuestIntro	А вот это уже другой разговор.
681	Quest/ShuMercs/KillShip/PirateClan/1/QuestIntro	Месяц назад уважаемый атаман <clr>Узвар<clrEnd> заказал у нашего постоянного поставщика новенькую партию штурмовых бластеров. И всё бы ничего, но какая-то муха укусила <clr>Сидоровича<clrEnd>, и он толкнул <clr>Узвару<clrEnd> пластмассовую туфту. Обычно такие вещи нас не касаются, это внутренние тёрки братства. Но атаман призвал к ответственности моих начальников, так как <clr>Сидорович<clrEnd> родом с планеты <StartPlanet>.
682	Quest/ShuMercs/KillShip/PirateClan/1/QuestIntro	Мне было приказано устранить <clr>Сидоровича<clrEnd>, иначе вместо его головы полетит моя. Короче говоря, тебе, <Player>, нужно грохнуть <clr>Сидоровича<clrEnd>, который сейчас скрывается на судне <TargetShipFull> до <EndDate>, иначе вместо него грохнут меня. А мне бы очень не хотелось, чтобы до этого дошло.
683	Quest/ShuMercs/KillShip/PirateClan/1/QuestIntro	Ну так что, жмём руки и я иду готовить бумаги к твоему возвращению?
684	Quest/ShuMercs/KillShip/PirateClan/1/QuestTakeNoP	Поговорим на другую тему
685	Quest/ShuMercs/KillShip/PirateClan/1/QuestTakeYesP	Я берусь за это
699	Quest/ShuMercs/KillShip/PirateClan/2/QuestComplete	Отлично, <Player>. Ты выполнил свою часть сделки, а я выполнил свою - вот твоё разрешение. Попутного ветра.
700	Quest/ShuMercs/KillShip/PirateClan/2/QuestCompleteP	Спасибо
702	Quest/ShuMercs/KillShip/PirateClan/2/QuestIntro	Присаживайся, <Player>. Есть для тебя одно дельце.
703	Quest/ShuMercs/KillShip/PirateClan/2/QuestIntro	Наши информаторы сообщили, что в братстве завёлся стукачёк, звать которого <TargetShip>. Этот гадёныш сливает Коалиции инфу про наши военные планы и секретные разработки. По последним данным, он сейчас находится в системе <TargetStar>. Он уже заподозрил, что его спалили, и начал вести себя крайне осторожно. Твоя задача устранить его. Сделать это нужно до <EndDate>, иначе он с якорями заляжет на дно.
704	Quest/ShuMercs/KillShip/PirateClan/2/QuestIntro	Вопросы?
705	Quest/ShuMercs/KillShip/PirateClan/2/QuestTakeNoP	Поговорим на другую тему
706	Quest/ShuMercs/KillShip/PirateClan/2/QuestTakeYesP	Я берусь за это
720	Quest/ShuMercs/KillShip/PirateClan/3/QuestComplete	Отлично, <Player>. Ты выполнил свою часть сделки, а я выполнил свою - вот твоё разрешение. Попутного ветра.
721	Quest/ShuMercs/KillShip/PirateClan/3/QuestCompleteP	Спасибо
723	Quest/ShuMercs/KillShip/PirateClan/3/QuestIntro	Тогда перейдём сразу к делу.
724	Quest/ShuMercs/KillShip/PirateClan/3/QuestIntro	Как раз вчера состоялось очередное заседание правления клана. Были рассмотрены кандидатуры на повышение в иерархии братства, приставлены к награде отличившиеся пираты, а также награждены орденами особо умелые рейдеры.
725	Quest/ShuMercs/KillShip/PirateClan/3/QuestIntro	В то же время, были рассмотрены кандидатуры штрафников. В список приговорённых попал <TargetShipFull>. Твоя задача ликвидировать цель. Крайний срок - <EndDate>, после чего, в случае неудачи, наш договор будет аннулирован и уже твоё собственное имя окажется в штрафном списке.
726	Quest/ShuMercs/KillShip/PirateClan/3/QuestIntro	Ну что, заключаем сделку или как?
727	Quest/ShuMercs/KillShip/PirateClan/3/QuestTakeNoP	Поговорим на другую тему
728	Quest/ShuMercs/KillShip/PirateClan/3/QuestTakeYesP	Я берусь за это
740	Quest/ShuMercs/QuestComplete	Вы успешно выполнили то, что я вам поручил, <Player>. Как я и обещал, подписанные бумаги на строительство штаба будут ожидать вас по возвращении на планету <Planet>.
741	Quest/ShuMercs/QuestFailed	Вы не справились с порученной вам задачей, <Player>, так что можете забыть о своём разрешении!
751	Quest/ShuMercs/QuestsHQ/Coalition/AttackDominators/1/QuestAccepted	Понял, босс, отправлю к ним, эмм... капрала <clr>Голубенко<clrEnd>. А ребятам передам приказ на взлёт.
752	Quest/ShuMercs/QuestsHQ/Coalition/AttackDominators/1/QuestAcceptedFei	Вот это здоровый подход, начальник! Логичность твоего решения ещё не раз проявит себя в будущем, будь уверен! А ещё хочу уточнить, что доминаторы не являются носителями вирусов или бактерий. Я могу подготовить доклад о разнице между биологическими микроорганизмами и нодоподобными наноструктурными элементами, предварительно на 2048 страниц, сопроводив визуальной презентацией.
753	Quest/ShuMercs/QuestsHQ/Coalition/AttackDominators/1/QuestAcceptedFei	Приказы на взлёт отправлены бойцам на коммуникаторы. Если тебя ничего не держит, и ты соскучился по боевым операциям, то тоже можешь вылетать. Шанс твоей гибели всего 4,2%.
754	Quest/ShuMercs/QuestsHQ/Coalition/AttackDominators/1/QuestAcceptedMaloc	Я бы на твоём месте послал его к рагобамским жабам, но приказ есть приказ! Отправим рядового <clr>Передаста<clrEnd> дать ответ.
755	Quest/ShuMercs/QuestsHQ/Coalition/AttackDominators/1/QuestAcceptedMaloc	Бо-ойцы-ы! Команда на взлёт!!!
756	Quest/ShuMercs/QuestsHQ/Coalition/AttackDominators/1/QuestAcceptedPeople	Это верно, шеф, запасные части у нас не казённые.
758	Quest/ShuMercs/QuestsHQ/Coalition/AttackDominators/1/QuestAcceptedPeople	Главный пост! Команда на вылет второму отряду. Точка сбора будет отмечена в навигационном компьютере. По возвращении полный отчёт по форме 4-МТЛБ мне на стол. С каждого!
760	Quest/ShuMercs/QuestsHQ/Coalition/AttackDominators/1/QuestAcceptedPeople	Тебя, шеф, это не касается, конечно же. Кто-то скажет "коррупция", я же воскликну "доверие"! Что-то ещё?
761	Quest/ShuMercs/QuestsHQ/Coalition/AttackDominators/1/QuestAcceptedPlayer	Отправь им голубя с нашим согласием.
762	Quest/ShuMercs/QuestsHQ/Coalition/AttackDominators/1/QuestAcceptedPlayerFei	Ну ты это... Не слишком шуруй по базам Совета, я ещё хотел бы пожить. Но раз ресурсы нужны, то и поработать надо! Погнали бить механическую заразу!
763	Quest/ShuMercs/QuestsHQ/Coalition/AttackDominators/1/QuestAcceptedPlayerMaloc	Ну чего ты сразу ярлыки вешаешь? Может, он честный трудяга. Ха-ха! Ладно, мы беремся, поднимай парней.
764	Quest/ShuMercs/QuestsHQ/Coalition/AttackDominators/1/QuestAcceptedPlayerPeople	Подписывай контракт. Будет жарко - дадим дёру, мы не на службе, нам можно.
765	Quest/ShuMercs/QuestsHQ/Coalition/AttackDominators/1/QuestDeclined	Как скажешь, босс. Я сообщу командованию Коалиции, что мы отказываемся от работы из-за крайней профнепригодности переговорщика. Пускай не генеральские сортиры драит, а тюремные, ха! Что-нибудь ещё?
766	Quest/ShuMercs/QuestsHQ/Coalition/AttackDominators/1/QuestDeclinedFei	*Вот уж спасибо, вот уж такого подарка мне не надо.
767	Quest/ShuMercs/QuestsHQ/Coalition/AttackDominators/1/QuestDeclinedFei	Как рассчитываешь нужным, начальник. Шанс твоей гибели в операции составляет всего 4,2%, а шанс, что меня обнаружат в течение следующих 13 тысяч лет равен 0,0000001%. А эффективность выделки овечьей шкуры зависит от многих факторов: порода овцы, её физическое здоровье, используемые инструменты, профессионализм мастера, цена на рынке и ещё 174 фактора, если взять торговые отношения средней человеческой планеты и средней планеты малоков как наиболее холодных и требующих различных утеплительных изделий. Хочешь, озвучу все и выведу идеальные условия для торговли овчиной?
768	Quest/ShuMercs/QuestsHQ/Coalition/AttackDominators/1/QuestDeclinedMaloc	Отлично! Не терплю работать с такими... командирами, тьфу! Ещё команды будут?
769	Quest/ShuMercs/QuestsHQ/Coalition/AttackDominators/1/QuestDeclinedPeople	Очень разумно, шеф. Жизнь наёмника в понимании обывателя ничего не стоит, так что можно ждать разного, а мне потом гору документов оформлять...
771	Quest/ShuMercs/QuestsHQ/Coalition/AttackDominators/1/QuestDeclinedPeople	Ангарная секция, пятый технический док, приём! Можете продолжать эксперимент с Марк-2, на пока вылетов не будет.
773	Quest/ShuMercs/QuestsHQ/Coalition/AttackDominators/1/QuestDeclinedPeople	Если есть чем озадачить, шеф, я весь внимание.
774	Quest/ShuMercs/QuestsHQ/Coalition/AttackDominators/1/QuestDeclinedPlayer	Откажи им! Будут знать, как великому рейнджеру угрожать!
775	Quest/ShuMercs/QuestsHQ/Coalition/AttackDominators/1/QuestDeclinedPlayerFei	Элайма, ты сдурел?! Какие, нафиг, взломы правительственных серверов? Завязывай! И операцию отмени, овчина не стоит выделки!
776	Quest/ShuMercs/QuestsHQ/Coalition/AttackDominators/1/QuestDeclinedPlayerMaloc	Нет, что-то кости ломит, наверняка из-за магнитных бурь. Пошли-ка ты его куда подальше, по возможности - вежливо!
777	Quest/ShuMercs/QuestsHQ/Coalition/AttackDominators/1/QuestDeclinedPlayerPeople	Наверняка нас хотят сделать живым щитом. Откажемся, пожалуй.
778	Quest/ShuMercs/QuestsHQ/Coalition/AttackDominators/1/QuestIntro	Шеф, недавно мы получили письмо... Да-да, самое обычное письмо, в бумажном конверте. Я таких за всю жизнь всего штуки три видел, да и то в фильмах. Ха! Вспомнил тут нашу встречу. Надо было вместо планшета такое же бумажное письмо тебе дать, вот была бы хохма! Ха-ха! И Чеквушечке моей на память сувенир реальный, а не кусок кода в виде твоего автографа!
779	Quest/ShuMercs/QuestsHQ/Coalition/AttackDominators/1/QuestIntro	В общем, пишет тебе работяга из генштаба Коалиции. Давай лучше я вскрою и прочту, а то мало ли что там может быть, сейчас много всяких квантовых газов развелось... Та-ак-с... Угу... Это не интересно... А тут ещё какая-то ерунда... Ну, в целом ясно.
780	Quest/ShuMercs/QuestsHQ/Coalition/AttackDominators/1/QuestIntro	Если опустить всякие формальности по типу: "Помогите мне, ради бога!!!" и "Если вы не согласитесь, я буду всю жизнь драить генеральские сортиры!", здесь говорится о запланированной атаке на захваченную доминаторами систему <TargetStar>, в которой нас приглашают принять участие за неплохую сумму в <Cost> cr.
781	Quest/ShuMercs/QuestsHQ/Coalition/AttackDominators/1/QuestIntro	Освободить систему обязательно до <EndDate>, иначе атака будет признана неудачной, а мы все окажемся "прокляты до семисот семидесят седьмого колена".
782	Quest/ShuMercs/QuestsHQ/Coalition/AttackDominators/1/QuestIntro	Чё-то они все какие-то нервные там, военные эти. Так что мне им ответить?
783	Quest/ShuMercs/QuestsHQ/Coalition/AttackDominators/1/QuestIntroFei	Начальник, привет! Как ты наверняка знаешь, наша база оборудована всем необходимым для длительного автономного функционирования. У нас имеются не только фабрикаторы, синтезаторы и огромное множество сборочных линий разного назначения, но и системы сбора и переработки разных... Некоторые называют это "ресурсы", но по моим объективным расчётам на содержание полезных элементов, я назову это всё мусорными включениями! Астероиды, потоки газа и пыли, обломки кораблей - всё мусор! Из тонны сырья удаётся вытащить не более, чем 0,0001% чего-то действительно полезного! Но к счастью, такого в обитаемой галактике сейчас в избытке. 17 взрывов сверхновых в соседних рукавах создали мощнейшие ударные волны, на которых к нам прибывают и астероиды, и пыль, и межзвёздный газ. С приходом же доминаторов ещё и сражений стало больше, что увеличило количество всевозможных материалов, свободно плавающих в пространстве.
784	Quest/ShuMercs/QuestsHQ/Coalition/AttackDominators/1/QuestIntroFei	Но есть вещи, которые нам так или иначе необходимо закупать. Продукты и медикаменты я не рассматриваю, да и их, в случае крайней нужды, можно получать самостоятельно, но вот ноды!.. Как тебе известно, ноды - результат слияния клисанской протоплазмы с нашими технологиями. Либо из-за наномашин, либо адаптация самой протоплазмы под цифровой код тех роботов, что были выброшены на Гралгаре. Детали мне неизвестны, но известно, что никто в полной мере не овладел собственно созданием чистых нодов. Даже гении подпольных пиратских синдикатов, даже я сам, да-да! И при этом сейчас ноды используют не только в создании микромодулей, но и практически всего военного оборудования! В каждом акрине можно обнаружить остаточные следы нод-матриц! Не говоря уже о том, что наши бойцы, и вообще другие рейнджеры, прилетающие к нам, могут использовать образцы чисто доминаторских технологий. Нам приходится закупать честно и нечестно ноды везде, где только возможно! Иначе мы не можем починить даже самих себя! Нам очень нужны ноды, начальник, а собирать их после сражений с доминаторами не всегда удаётся.
785	Quest/ShuMercs/QuestsHQ/Coalition/AttackDominators/1/QuestIntroFei	И к счастью, начальник, я знаю, где мы можем их получить! Я тут взломал центральное военное ведомство Совета... Да, это было незаконно, да, это сделано чисто, и нет, это было не сложно, я так делаю не в первый раз. Что? Откуда мне ещё получать секретную информацию? В общем, я выяснил, что система <TargetStar>, по данным генштаба, является наиболее выгодной для атаки. Кроме того, я оформил на имя нашей организации официальный контракт от имени прапорщика Взадова, с обязательствами выплатить нам <Cost> cr. в случае успеха. Наш Взадов уже несколько месяцев в поте лица "трудится" мелким чиновником, успешно шутит в рабочих переписках, а пара человеческих женщин не против сходить с ним на свидание. Хотя я, вообще-то, сделал Взадова малоком, ведь они самые тупые, прости, простые и прямолинейные гуманоиды, и их психологию проще простого понять и повторить. Я слишком хорош во всём, за что берусь.
786	Quest/ShuMercs/QuestsHQ/Coalition/AttackDominators/1/QuestIntroFei	Для большей правдоподобности я установил в договоре не слишком позднюю дату завершения операции - до <EndDate>. Ну и оформил запрос на огневую поддержку от Совета. Официально, конечно, это мы будем огневой поддержкой при проведении операции, но даже по открытой информации, наши бойцы в техническом оснащении и боевых навыках на 54,79 процента превосходят рядового военного. Вероятность того, что это наши наёмники будут прикрывать солдат Коалиции, стремится к абсолютным значениям! Предварительно, никто из военных не переживёт атаку. Не понимаю, что тут жестокого. Трое из них всё равно погибнут в пьяной драке в баре через две недели, один в следующем месяце получит отчёт от налоговой и с вероятностью в 97% выйдет в шлюз, а пятый выиграет в лотерею 20,000,000 кредитов, вложит их в разработку нового ИИ компании "Тайсон", который сойдёт с ума, нанесёт термоядерный удар по всем столичным планетам, уничтожив 300 миллиардов гуманоидов, а после займётся уничтожением вообще всего живого в галактике! Это чистый математический расчёт! Я бы показал, но твой мозг прекратит функционирование от одного вида формул. В общем, начальник, их итог уже предрешён самым честным судьёй - математикой, а нам невероятная польза, ведь сразу за вашей группой в систему войдут мои минитранки-сборщики, задачей которых будет собирать вообще всё, что содержит нод-матрицы. Немедленного ответа не требую, я ведь понимаю, насколько велика разница в работоспособности моего мозга и всех остальных гуманоидов нашего рукава.
787	Quest/ShuMercs/QuestsHQ/Coalition/AttackDominators/1/QuestIntroMaloc	Командир, извини за беспорядок, у нас тут случился... процесс разминирования. Понимаешь, нам пришло бумажное письмо! А у нас в таких самые секретные донесения передают, с функцией самоуничтожения. Нам-то, малокам, несколько грамм взрывчатки в лицо не страшны, но здесь много хилых инопланетников, да и имущество не казённое. Я и приказал его взорвать заранее, в специально подготовленном месте. Не имущество! Конверт. Бойцы слегка увлеклись... Но не волнуйся, командир! Мы его восстановили малоклар... Мулекурял... В общем, восстановили! Его даже прочесть можно!
788	Quest/ShuMercs/QuestsHQ/Coalition/AttackDominators/1/QuestIntroMaloc	Принесите распечатку!
789	Quest/ShuMercs/QuestsHQ/Coalition/AttackDominators/1/QuestIntroMaloc	Ага... Слабак! Хотя что ожидать от инопланетника? Крыса тыловая... В общем, какой-то инопланетник из генштаба Коалиции о помощи просит. Ему приказано возглавить операцию по зачистке захваченной доминаторами системы, но у него так трясутся поджилки, что он даже к наёмникам за огневой поддержкой готов обратиться. Наверняка его больше пугает пресп... Пересеп... Перс-пек-ти-ва, во! Перспектива драить генеральские сортиры в случае провала его пугает. Предлагает нам <Cost> cr. Откуда такие деньги? Взятки, точно говорю, командир.
790	Quest/ShuMercs/QuestsHQ/Coalition/AttackDominators/1/QuestIntroMaloc	Необходимо провести операцию до <EndDate>, иначе атака будет признана неудачной. Тогда эта тыловая крыса наверняка на всю галактику разорётся, какие мы ненадёжные, и о хороших контрактах от Коалиции можно забыть. Берёмся?
791	Quest/ShuMercs/QuestsHQ/Coalition/AttackDominators/1/QuestIntroPeople	...Отчёт о результатах технических работ на четвёртый стол. Сертификаты соответствия возьмите с третьего, вторая слева стопка, листы с пятого по тридцать шестой. Позовите И`вана Макса, хватит ему в машинки играть, пусть реальным делом займётся. О, шеф! Секунду...
793	Quest/ShuMercs/QuestsHQ/Coalition/AttackDominators/1/QuestIntroPeople	Так, поле подавления фоновых шумов включил, теперь можем поговорить спокойно. Есть задание от Коалиции. Не простое, а золотое, как говорится. Штаб Флота хочет нанять нашу группу в качестве усиления при освобождении системы <TargetStar>. Хоть не самим в пекло лезть, и то здорово! Если говорить прямо - данную затею я не поддерживаю. Наши отряды уже сталкивались с доминаторами, и мне прекрасно известно, какой затратный ремонт после таких "свиданий" приходится проводить. Плюс ко всему, для операции по освобождению установлен крайний срок, и довольно сжатый - до <EndDate>. Чем они там вообще думают? Да на грамотное оформление полётных листов может уйти больше времени!.. Я вытряс всю душу из посланника, до последней копейки! Выторговал сумму в <Cost> cr. Мог бы и больше, но мне стало жаль парня, он уже готовился подписать договор на донорство большей части своих органов, лишь бы не отчитываться перед штабным начальством за перерасход. А как они хотели? Это бизнес! Он ещё и торговаться пытался, ха! Да я собаку съел, и не одну, на курсах по красноречию в Коо-Рее! Как-то так, шеф. Что думаешь?
794	Quest/ShuMercs/QuestsHQ/Coalition/AttackDominators/1/QuestNeedToThinkPlayer	Мне надо подумать
795	Quest/ShuMercs/QuestsHQ/Coalition/AttackDominators/1/QuestNoteFailed	Контракт провален. Ваша организация не уложилась в установленный срок. Совет крайне разочарован вашей неудачей.
796	Quest/ShuMercs/QuestsHQ/Coalition/AttackDominators/1/QuestNoteInProcess1	Контракт в процессе выполнения. Необходимо объединиться с военными кораблями на планете <BeginPlanet> в системе <BeginStar>, после чего нанести совместный удар по системе <TargetStar>. Захватить систему необходимо до истечения указанного срока.
797	Quest/ShuMercs/QuestsHQ/Coalition/AttackDominators/1/QuestNoteInProcess2	Контракт в процессе выполнения. Необходимо захватить систему <TargetStar> до истечения указанного срока.
798	Quest/ShuMercs/QuestsHQ/Coalition/AttackDominators/1/QuestNoteSuccess	Контракт выполнен. Система <TargetStar> перешла под контроль военных сил <color=255,240,100>Коалиции</color>. Оплата в размере <Cost> cr. переведена на счёт вашей организации. Совет благодарит вас за отличную работу!
799	Quest/ShuMercs/QuestsHQ/Coalition/AttackDominators/1/QuestNoteTitle	Контракт от <color=255,240,100>Коалиции</color> на захват системы <TargetStar> (<color=255,240,100>доминаторы</color>)
800	Quest/ShuMercs/QuestsHQ/Coalition/AttackDominators/1/QuestNoteTitleReward	Награда за выполнение: <Cost> cr. и <Reputation> очков <color=255,240,100>репутации Совета</color>
802	Quest/ShuMercs/QuestsHQ/Coalition/AttackDominators/1/SupportGreeting	Сейчас узнаем, из какого теста твои наёмнички, <Player>. Покажите нам, чего вы стоите.
803	Quest/ShuMercs/QuestsHQ/Coalition/AttackDominators/1/SupportGreetingAfterWin	"Отличная" работа, <Player>! Благодаря тебе и твоим парням вилла генерала спасена, так что в скором времени он наверняка порекомендует вашу организацию соседним ведомствам.
804	Quest/ShuMercs/QuestsHQ/Coalition/AttackDominators/1/SupportGreetingWhileBattle	Делай свою работу и не отвлекай меня!
805	Quest/ShuMercs/QuestsHQ/Coalition/AttackDominators/1/SupportOnMeeting	О, кажется, это обещанная подмога. Видать, генералу уж очень приспичило свою виллу отбить, раз даже решил на наёмников раскошелиться. Впрочем, его дело.
806	Quest/ShuMercs/QuestsHQ/Coalition/AttackDominators/1/SupportOnMeeting	Отряд, строимся!
809	Quest/ShuMercs/QuestsHQ/Coalition/AttackDominators/1/SupportOnPlayerAttack	Эй, вы чё, совсем там сдурели? Вам что, доминаторы больше заплатили?
810	Quest/ShuMercs/QuestsHQ/Coalition/AttackDominators/1/SupportOnPlayerAttack	Отряд, перенаправить орудия, цель - наёмники организации <PlayerOrgName>!
823	Quest/ShuMercs/QuestsHQ/Coalition/AttackKlissan/1/QuestAccepted	Эх, всё же неохота ребят в это дело втягивать... Про клисан много баек нехороших в галанете ходит. Надо бы им премиальных перед взлётом выписать... Ну и про завещания, конечно, не забыть.
824	Quest/ShuMercs/QuestsHQ/Coalition/AttackKlissan/1/QuestAccepted	Отправлю с этой рожей <clr>Голубенко<clrEnd> общаться, иначе если сам буду - мониторы заплюю так, что ни одна техничка отдраить не сможет!
825	Quest/ShuMercs/QuestsHQ/Coalition/AttackKlissan/1/QuestAcceptedFei	*Когда вы обговорили детали, с вами связались из медицинского блока. Элайма пришёл в полный порядок и уже готов вернуться к работе. А вот, собственно, и он!
826	Quest/ShuMercs/QuestsHQ/Coalition/AttackKlissan/1/QuestAcceptedFei	Начальник, извини, что тебе пришлось обо мне беспокоиться. Мне до сих пор сложно осознать случившееся, но обещаю, что больше такого не повторится! В крайнем случае я всегда успею обратиться за медицинской помощью. Я уже получил данные, что ты выразил согласие на операцию. Что же, желаю успеха, ведь шанс на твоё личное выживание в битве чертовски мал. Но не переживай, это лишь из-за недостатка данных о современных клисанах. Погрешность расчётов составляет три порядка, что делает их в принципе бесполезными! Бойцам уже сообщил, готовы вылететь в течение 19 минут и 17 секунд. Ох, прапорщик Взадов уже 30 минут и 23 секунды не проявляет социальной активности. Это может его скомпрометировать. 8 и 45 сотых секунды, начальник, мне надо ознакомиться с самоучителем "Как быть душой, костями и плотью любой интеррасовой компании". Пока подумай, будут ли ещё для меня задачи.
827	Quest/ShuMercs/QuestsHQ/Coalition/AttackKlissan/1/QuestAcceptedMaloc	Что же, командир, приказ есть приказ. <clr>Передаст<clrEnd>! Заправляй корабль, лично доложишь, что мы берёмся. Эфиру в таких вопросах я не доверяю.
828	Quest/ShuMercs/QuestsHQ/Coalition/AttackKlissan/1/QuestAcceptedMaloc	Пойду угощу парней выпивкой, что ли?.. Мало ли как оно выйдет, война не спрашивает, кого отпустить, а кого... Эх-х, да что там! Сегодня сам напьюсь в стельку, за вашу удачу, командир!
829	Quest/ShuMercs/QuestsHQ/Coalition/AttackKlissan/1/QuestAcceptedPeople	Отряд готов к вылету, шеф! Панические настроения от встречи с клисанами были подавлены премиальными, так что будь спокоен!
830	Quest/ShuMercs/QuestsHQ/Coalition/AttackKlissan/1/QuestAcceptedPlayer	Передай ему, что мы в деле.
831	Quest/ShuMercs/QuestsHQ/Coalition/AttackKlissan/1/QuestAcceptedPlayerFei	*Встреча с клисанами пугает, но обещанная награда задавила ваш страх. Вы набираете указанный в контракте номер, чтобы дать положительный ответ
832	Quest/ShuMercs/QuestsHQ/Coalition/AttackKlissan/1/QuestAcceptedPlayerMaloc	Не отчаивайся, клисане может и страшные, но и наш технический прогресс на месте не стоял. В этот раз всё будет иначе, уверяю! Пиши этим из Совета, что согласны.
833	Quest/ShuMercs/QuestsHQ/Coalition/AttackKlissan/1/QuestAcceptedPlayerPeople	Кредиты - это хорошо, с кредитами наш штаб станет сильным и могучим! Ставь закорючку!
834	Quest/ShuMercs/QuestsHQ/Coalition/AttackKlissan/1/QuestDeclined	Правильно, шеф! Пусть ищет самоубийц в другом месте. Лучше подождём предложения, не связанного с клисанами. А то ещё подхватят наши ребята какую протозаразу - потом сами же на лекарства все премиальные и спустим. Не в том смысле, что ты мог подумать, босс! Для "того смысла" у нас на базе всё обеспечено, ха-ха!
835	Quest/ShuMercs/QuestsHQ/Coalition/AttackKlissan/1/QuestDeclinedFei	*Когда вы выслушали угрозы и проклятья, обвинение в трусости, гнусности и полном отсутствии патриотизма, с вами связались из медицинского блока. Элайма пришёл в полный порядок и уже готов вернуться к работе. А вот, собственно, и он!
836	Quest/ShuMercs/QuestsHQ/Coalition/AttackKlissan/1/QuestDeclinedFei	Начальник, извини, что тебе пришлось обо мне беспокоиться. Мне до сих пор сложно осознать случившееся, но обещаю, что больше такого не повторится! В крайнем случае я всегда успею обратиться за медицинской помощью. Я уже получил данные, что ты отказался от проведения операции. Что же, не могу тебя винить. Даже наоборот полностью поддерживаю, ведь шанс на твоё личное выживание в битве чертовски мал, что уж говорить о наших бойцах? Коалиционные военные вообще должны стать обломками в первые дни боя! Конечно, весь пессимизм расчётов лишь из-за недостатка данных о современных клисанах - погрешность расчётов составляет три порядка, что делает их в принципе бесполезными! -, но тем не менее это всё та же беспристрастная математика. Ох, прапорщик Взадов уже 30 минут и 23 секунды не проявляет социальной активности. Это может его скомпрометировать. 8 и 45 сотых секунды, начальник, мне надо ознакомиться с самоучителем "Как быть Леонидом Толстым не только на словах". Пока подумай, будут ли ещё для меня задачи.
837	Quest/ShuMercs/QuestsHQ/Coalition/AttackKlissan/1/QuestDeclinedMaloc	Утешил, командир! Правильно, пусть эти лживые интриганы сами разбираются, пускай летят головы! Глядишь, на их место возьмут настоящих вояк! Ещё приказы будут?
838	Quest/ShuMercs/QuestsHQ/Coalition/AttackKlissan/1/QuestDeclinedPeople	Понял, шеф! Несколько сотен голодных ртов не дождутся зарплаты, но это реалии рынка. Пожелаем удачи в поиске новой работы! Ещё что-то от меня нужно?
839	Quest/ShuMercs/QuestsHQ/Coalition/AttackKlissan/1/QuestDeclinedPlayer	Отправь ему наш лучший киберкукиш
840	Quest/ShuMercs/QuestsHQ/Coalition/AttackKlissan/1/QuestDeclinedPlayerFei	*Встреча с клисанами пугает, и обещанная награда не задавила ваш страх. Вы набираете указанный в контракте номер, чтобы дать отрицательный ответ
841	Quest/ShuMercs/QuestsHQ/Coalition/AttackKlissan/1/QuestDeclinedPlayerMaloc	Страшно, очень страшно. Если бы мы знали, что это такое, но мы не знаем, что это такое. Так что побережём ребят, откажемся.
842	Quest/ShuMercs/QuestsHQ/Coalition/AttackKlissan/1/QuestDeclinedPlayerPeople	Запускай план Б, Серго! А лучше ещё В и Г, только свиданий с клисанами нам не хватало!
843	Quest/ShuMercs/QuestsHQ/Coalition/AttackKlissan/1/QuestIntro	Отлично, босс, ты как раз вовремя! Тут у меня на прямой линии представитель военного командования Коалиции, вроде генерал какой-то. То ли Пупыр, кажется, то ли Бурбон...
845	Quest/ShuMercs/QuestsHQ/Coalition/AttackKlissan/1/QuestIntro	*Взбешённый голос из динамика* Да Бумбыр я, тупое создание! В который раз повторяю, БУМ-БЫР!!!
847	Quest/ShuMercs/QuestsHQ/Coalition/AttackKlissan/1/QuestIntro	Ну, в общем, сейчас этот срамословный джентльмен сам тебе всё объяснит, а я пока пойду, побултыхаюсь в нежной грязи с самого Рахиша под песни "Хеши"... Ты, босс, счёту если что не удивляйся, всё компенсирую из своих кровных.
849	Quest/ShuMercs/QuestsHQ/Coalition/AttackKlissan/1/QuestIntro	Иди-иди, икродрист помоечный! Расплодилось вашего помёта, что уж и тростинок на всех не напасёшься! А ты сам, <Player>, часом не... Ну да, впрочем, сейчас мне без разницы.
850	Quest/ShuMercs/QuestsHQ/Coalition/AttackKlissan/1/QuestIntro	Сегодня тебе выпал счастливый шанс лично пообщаться с почётным обладателем орденов "Сааба" и "Скрытой Силы", абсолютным победителем всегалактического конкурса "Мистер Отбейморда 3270", первым в истории обладателем сразу восьми "Калкитовых наконечников", заслуженным мастером боя на каменных дубинках и потомственным рартом с великой планеты <clr>Рамгатру<clrEnd>, генерал-лейтенантом <clr>Бумбыром Баргабырвсратом<clrEnd>! А теперь - овации... Что ж, вижу, хорошим манерам ты не обучен. Ну тогда, возможно, хоть воин из тебя путный? У твоей организации хорошая репутация в моих кругах, а дело, которое я хочу предложить, категорически не терпит слюнтяев.
851	Quest/ShuMercs/QuestsHQ/Coalition/AttackKlissan/1/QuestIntro	Как тебе, надеюсь, известно, <clr>клисанская угроза<clrEnd> вновь повисла над нашей Галактикой. Мало нам было поганых жестянок, так теперь ещё и эта зелёная протомерзость полезла изо всех щелей! Вдобавок, в отличие от клисан из старых учебников по истории, эти гады применяют принципиально новое оружие и оборудование, и совершенно иную тактику нападения на системы, так что все наши исторические тактики ведения боя оказались против них неэффективны. Одни только пираты каким-то непостижимым образом иногда справляются с ними, но сейчас речь не об этом.
852	Quest/ShuMercs/QuestsHQ/Coalition/AttackKlissan/1/QuestIntro	Ведущими умами элитного малокского ОКБ "Первый Граг" был разработан гениальный план по освобождению оккупированных систем от клисанских захватчиков. Как известно, каждую флотилию клисан сопровождает нейролинк, который обеспечивает постоянную связь с мозговым центром всех клисан - Махпеллой. Если его уничтожить, остальные клисане станут действовать намного менее слаженно и, что самое главное, больше не получат никаких подкреплений. Так вот, совсем недавно лучшие малокские умы из ОКБ разработали новое, уникальное в своём роде, оружие, предназначенное специально для борьбы с клисанскими нейролинками. Что, не веришь? Ха! Ну так тебе верить вовсе и не обязательно, ведь деньги я твоим наймитам отнюдь не за веру плачу.
853	Quest/ShuMercs/QuestsHQ/Coalition/AttackKlissan/1/QuestIntro	А теперь - непосредственно к делу. Тебе и твоей шайке недовояк нужно будет принять участие в особой военной операции по освобождению системы <TargetStar>. Точкой сбора штурмового подразделения выбрана планета <BeginPlanet> в системе <BeginStar>. Крайний срок завершения операции - <EndDate> <clr>года<clrEnd>. В случае успеха каждому участнику операции будет выдана памятная грамота с моим автографом, а ваша организация получит благодарность от высших чинов военного командования Коалиции. Ну и сумму в <Cost> cr., конечно же, из малокского военно-научного фонда вам также по завершении выплатят - не сомневайся. И кстати, отказ не принимается, ведь речь идёт о Галактической без... *нарастающие радиопомехи*
855	Quest/ShuMercs/QuestsHQ/Coalition/AttackKlissan/1/QuestIntro	Ну да, не принимается - как же... Можем так послать, что у Чеквушечки ушные пазухи на месяц работать откажутся! Быдло краснож... мордое! А ты сперва хорошенько подумай, босс - надо ли оно нам вообще? Грамоты они свои могут засунуть себе в баргабырвсрат, но вот деньжата предлагают достойные. Да и более плотные связи в верхах Коалиции нам явно не повредят. Только вот, сдаётся мне, что "досточтимый" генерал просто бюджет попилить решил. Нам отдаст <Cost>, а в отчётах пару-тройку лишних ноликов нарисует! Я подобные махинации за парсек чую, сам грешен, хе-хе! Да и про противника ничего толком не сказал, надул в уши про свои регалии, чую, чисто внимание отвлечь. Не хочется мне в это лезть, босс, клисане не просто так в прошлом страшно пенчекрячили обитаемый космос... Впрочем, последнее слово, как водится, за тобой.
856	Quest/ShuMercs/QuestsHQ/Coalition/AttackKlissan/1/QuestIntroFei	*Вы заходите в кабинет Управляющего. Горит всего один монитор из... Не, у вас нет столько времени, чтобы все сосчитать. Элайма сидит тихий, его руки не дирижируют в воздухе, как вы привыкли. Вы окликаете своего верного помощника.
857	Quest/ShuMercs/QuestsHQ/Coalition/AttackKlissan/1/QuestIntroFei	Началиник, привет. Изивини, я долого боролося, но Ака Сециянка меня досотала... На меня она дейсутувует силинее, чем на дуругих фэян, менеталиная перегурузака пороисиходит во весех долях мозога.
858	Quest/ShuMercs/QuestsHQ/Coalition/AttackKlissan/1/QuestIntroFei	Килисане пирилетели, предсатавляешь? Как это моголо произойти? Весе мои расчёты говорили, что этого не может быть! Не выдеражал менаталиного шока, просити, началиник. Я не верил. Долого не верил! Думал... Хотел думати, что все получаемые данные неверыны, что это поросото какие-то терорисыты масыкируются под них. Но сегодяня пиришёл конатаракт от Совета. Хотят отыбить захаваченую клисанами сисетему. Всё официалино! Докуменыты здеси, порочитай сам. Клисане верунулиси, началиник!
859	Quest/ShuMercs/QuestsHQ/Coalition/AttackKlissan/1/QuestIntroFei	*С этими словами Элайма окончательно перешёл в вегетативное состояние. Вы вызвали медицинскую бригаду, ведь знали, что Ака Сецияка поддаётся лечению. Видимо, шок был настолько велик и быстр, что у самого Некентиды уже не хватило сил достать коммуникатор. Вы взяли документы, на которые указал Элайма.
860	Quest/ShuMercs/QuestsHQ/Coalition/AttackKlissan/1/QuestIntroFei	*Так... Система <TargetStar> захвачена вернувшимися клисанами. Система крайне важна и её требуется вернуть. Ага, система та-а-ак важна, что после <EndDate> <clr>года<clrEnd> её захват уже не интересен совету. Наверняка кто-то из высоких чинуш забыл на ней что-то важное, вот и реальная причина "важности"! Ну хоть не своими силами предлагают с зелёными воевать, в системе <BeginStar> готовится сбор штурмового подразделения. На планете <BeginPlanet>, запомнили. Что ещё важного? Невероятное признание и уважение Совета, целование в корму всех причастных в случае успеха... Не то. А, вот! <Cost> cr. лично нашей организации! С этим уже можно работать, над этим уже можно думать. Надо решать, как поступить.
861	Quest/ShuMercs/QuestsHQ/Coalition/AttackKlissan/1/QuestIntroMaloc	Вооружённые Силы уже совсем не те... Прогнила Коалиция, ослабла. Во время Первой Войны даже большемозглые фэяне дрались с клисанами на смерть! Ни километра пространства без обломков своей брони не отдавали! Пираты объединялись с военными перед лицом угрозы! Так, о чём я?.. Точно! Командир, нам Совет запрос прислал. Говорят, ситуация на фронте всё хуже и хуже, вернувшиеся клисанские корабли жгут военных целыми эскадрами. Готовы даже к наёмникам за поддержкой обращаться. Чтоб мои предки да к жалким охотникам за наживой на поклон шли?! Ох, извини, командир, я забыл, кто мы сами. Времена сейчас уже не те, что прежде...
862	Quest/ShuMercs/QuestsHQ/Coalition/AttackKlissan/1/QuestIntroMaloc	Давай ближе к делу. Наиболее выгодной для атаки, по мнению генерального штаба, считается система <TargetStar>. Там, вроде, и клисанских кораблей меньше, и оборудованы они хуже, и даже пираты успели их потрепать! Я проверил через своих друзей в штабе - чушь полная! Точнее, это всё, конечно, возможно, но никаких данных никто не получал. Штабные крысы сражаются за кусок сыра в виде тёплого местечка, вот и сочиняют доклады один другого краше! Освободить систему получится, скажут "а кто данные получил? Благодаря кому всё это?". Провалится операция, выкрутятся мол долго собирались, информация устарела, это же КЛИСАНЕ! Кто знает, как быстро они восстанавливают свою боевую мощь? Интриги во время войны... Да будь мой пра-пра-пра-пра-пра-пра-пра-пра-прадед жив, он бы всех их!.. За шею и в шлюз без скафандра! Да-а... Так что стоит ожидать, что клисанские корабли будут на пике своего вооружения. Бой не может быть простым, потери нам обеспечены. Бойцы к этому готовы, конечно... Но невозможно оценить разницу в огневой мощи. Возможно, мы отправимся прямо в пасть к пенчекряку даже без исподнего, совершенно бессильные дать отпор. Не скрою, командир, нынешние клисане меня самого слегка пугают. Это не значит, что я отдам им хоть пылинку в пределах наших территорий! Только через мой труп! Но они изменились, стали сильнее. Или это вообще другой вид, не знаю. Пусть головастые из научного отдела думают! Моё дело гашетку жать в кого прикажут! Но больше за бойцов боюсь, командир. Они же для меня как братья уже! Пусть и мошенник на мошеннике, но я ведь каждого лично отбирал для твоей армии! Дрался на праздниках со многими. Кто-то даже в морду мне сумел разок дать, х-хе! Но решать, конечно же, тебе. Перед тобой больше информации о ситуации в Галактике, ты разберёшься лучше.
863	Quest/ShuMercs/QuestsHQ/Coalition/AttackKlissan/1/QuestIntroMaloc	Если мы согласимся, ты с отрядом должен будешь прибыть на планету <BeginPlanet>. Это в <BeginStar>, но ты и так наверняка знаешь. Там ждёт ударная группа вместе с координатором из генштаба. Он выдаст более детальную информацию. Также эти штабные крысы назначили конкретный срок проведения операции - до <EndDate> <clr>года<clrEnd>. К этому сроку, как мне сообщили друзья, в Совете готовится совещание по вопросу кадровых перестановок. Сам понимаешь, если на стол к Совету попадёт доклад об освобождении системы от самых настоящих клисан, те, кто разрабатывал операцию, могут подняться в рангах как на реактивной тяге. Нам гарантирована нехилая награда в <Cost> cr., а ещё поддержка тех, кто получит повышение. А они его обязательно получат, отрыжки гобзавра! Палец о палец не ударив! Обещают предлагать нас генштабу на участие в дальнейших операциях Коалиции с солидной оплатой за работу. Что будем делать, командир? Решение только за тобой.
864	Quest/ShuMercs/QuestsHQ/Coalition/AttackKlissan/1/QuestIntroPeople	Шеф, здравствуй! У нас небольшая проблема. Из-за недавней эпидемии Повидло-2019 возник перерасход бюджета - огромные выплаты по больничным листам! Через одного наши сотрудники уходят с рабочих мест то с больным животом, то с поносом, прикрываясь данным заболеванием. И ведь наш собственный медицинский отсек выдаёт справки направо и налево! По итогу работа стоит, прибыль стоит, а расходы не стоят! Только у И`вана стоит, играет на бирже во всю, ломая галактическую экономику на пару с этим Тарам-Памом, будь он не ладен! Да куда ты покупаешь на росте, дурила? На росте продавать надо, а скупать на падении! Всему учить надо... В общем, финансы тают, перспективы не радужные. У меня найдётся несколько вариантов, но они сопряжены с сокращением штата, урезанием зарплат, введением штрафов. Также можно заменить немалую часть сотрудников ИИ, но не люблю я эту всю технократию... Работать должны люди, а ИИ лишь помогать! Тем не менее выход есть!
865	Quest/ShuMercs/QuestsHQ/Coalition/AttackKlissan/1/QuestIntroPeople	Уверен, ты лучше меня знаешь сводку на фронте - клисане вернулись и лютуют. Но что для Коалиции страшный враг, то для нас - верный способ заработать. К сожалению, в штабе сидят слишком гордые гуманоиды. Думают, раз они победили клисан раз, то и с вторым пришествием справятся без проблем, так что ждать обращения к сторонним организациям можно вплоть до третьего пришествия клисан! Пришлось оплатить некоторым чиновникам и военным поездку на пляжи, чтобы обратить их внимание на нас. Это называется "премиальный доступ", а не коррупция! По итогу со мной связался один из оперативных командиров. Я соблазнил его большими скидочными акциями в честь "сотого заказа", умолчав про множество мелких сопутствующих расходов, наоборот поднятых в цене. Помани гобзавра костью, и сможешь вытащить из его логова хоть планетарный танк на своём горбу - тактика, работающая веками. Общая цена контракта выйдет в <Cost> в галактической валюте. Уверяю, что даже в случае полной потери кораблей и затрат на наём и обучение новых пилотов, мы останемся в плюсе в случае успеха. Это позволит мне начать судебные тяжбы в отношении "прогульщиков" и погрузить их в долговую яму. Они думали играть со мной? Думали, я их не переиграю?! Я переиграю! Нечего было прикрываться таким серьёзным заболеванием, от которого гибнут миллиарды гуманоидов!
866	Quest/ShuMercs/QuestsHQ/Coalition/AttackKlissan/1/QuestIntroPeople	Если ты готов, то принимай командование отрядом. Точка сбора - планета <BeginPlanet>, что в системе <BeginStar>. <TargetStar> - система, которую нужно будет избавить от клисанского присутствия. Операция должна быть завершена до <EndDate>, после мы начнём нести колоссальные сопутствующие убытки, и проще будет расторгнуть договор, чем продолжать его выполнение. Твоё мнение, шеф?
867	Quest/ShuMercs/QuestsHQ/Coalition/AttackKlissan/1/QuestNeedToThinkPlayer	Мне надо подумать
868	Quest/ShuMercs/QuestsHQ/Coalition/AttackKlissan/1/QuestNoteFailed	Контракт провален. Ваша организация не уложилась в установленный срок. Совет крайне разочарован вашей неудачей.
869	Quest/ShuMercs/QuestsHQ/Coalition/AttackKlissan/1/QuestNoteInProcess1	Контракт в процессе выполнения. Необходимо объединиться с военными кораблями на планете <BeginPlanet> в системе <BeginStar>, после чего нанести совместный удар по системе <TargetStar>. Захватить систему необходимо до истечения указанного срока.
870	Quest/ShuMercs/QuestsHQ/Coalition/AttackKlissan/1/QuestNoteInProcess2	Контракт в процессе выполнения. Необходимо захватить систему <TargetStar> до истечения указанного срока.
871	Quest/ShuMercs/QuestsHQ/Coalition/AttackKlissan/1/QuestNoteSuccess	Контракт выполнен. Система <TargetStar> перешла под контроль военных сил <color=255,240,100>Коалиции</color>. Оплата в размере <Cost> cr. переведена на счёт вашей организации. Совет благодарит вас за отличную работу!
872	Quest/ShuMercs/QuestsHQ/Coalition/AttackKlissan/1/QuestNoteTitle	Контракт от <color=255,240,100>Коалиции</color> на захват системы <TargetStar> (<color=255,240,100>клисаны</color>)
873	Quest/ShuMercs/QuestsHQ/Coalition/AttackKlissan/1/QuestNoteTitleReward	Награда за выполнение: <Cost> cr. и <Reputation> очков <color=255,240,100>репутации Совета</color>
875	Quest/ShuMercs/QuestsHQ/Coalition/AttackKlissan/1/SupportDuringBattle	Ну чего уставился, <Player>? Сосредоточься-ка лучше на сражении да не отвлекай меня, а то ведь я к союзным цветам не привык - глядишь, в горячке боя ещё наёмничков твоих за клисан приму...
876	Quest/ShuMercs/QuestsHQ/Coalition/AttackKlissan/1/SupportGreeting	Что, всё-таки решился вписаться во взрослое дело? А у тебя кишка не тонка, раз хочешь с клисанами бодаться. Ты, главное, особо не путайся у нас под ногами, а ещё лучше сиди тихо в сторонке и смотри, как сражаются настоящие, неподкупные герои!
877	Quest/ShuMercs/QuestsHQ/Coalition/AttackKlissan/1/SupportOnMeeting	Что, всё-таки решился вписаться во взрослое дело? А у тебя кишка не тонка, раз хочешь с клисанами бодаться. Ты, главное, особо не путайся у нас под ногами, а ещё лучше сиди тихо в сторонке и смотри, как сражаются настоящие, неподкупные герои!
880	Quest/ShuMercs/QuestsHQ/Coalition/AttackKlissan/1/SupportOnPlayerAttack	Эй, вы чё, совсем там сдурели? Вам что, клисаны больше заплатили?
881	Quest/ShuMercs/QuestsHQ/Coalition/AttackKlissan/1/SupportOnPlayerAttack	Отряд, перенаправить орудия, цель - наёмники организации <PlayerOrgName>!
882	Quest/ShuMercs/QuestsHQ/Coalition/AttackKlissan/1/TrancGreeting1	В бой! В БОЙ, АКАБОСЬИ ДЕТИ!!! ВОТ Я ВАМ СЕЙЧАС ТАКОЙ "ГОВОРЯЩИЙ ТОСТЕР" ПОКАЖУ!!!
883	Quest/ShuMercs/QuestsHQ/Coalition/AttackKlissan/1/TrancGreeting2	Эй! Эй!!! Вы меня слышите?! Пожалуйста, помогите мне! Я известный фэянский учёный, а эти твердолобые кретины запихали меня в транклюкатора за то, что я раскритиковал их тупой план снарядить роботов взрывчаткой и отправить на нейролинк. Я прошу вас как можно скорее предпринять меры по моему вызволению! Таймер на бомбах уже активировался, обратный отсчёт пошёл. Мне НА САМОМ ДЕЛЕ жизненно необходимо срочно выбраться из этого дегенеративного абоминатора. Эй, это ведь никакие не шутки - СПАСИТЕ МЕНЯ!!!
884	Quest/ShuMercs/QuestsHQ/Coalition/AttackKlissan/1/TrancGreeting3	У меня негативные прогнозы касательно конечной цели моего полёта. Мой хозяин не сообщил мне конечную цель полёта. Хотя обычно он всегда сообщает мне конечную цель полёта. Вы не знаете конечную цель моего полёта? Хозяин вам не сообщил конечную цель моего полёта? Что я должен сделать после того, как достигну той громадной зелёной конструкции? Я прошу вас сообщить мне конечную цель моего полёта. СООБЩИТЕ МНЕ КОНЕЧНУЮ ЦЕЛЬ ПОЛЁТА, ПОЖАЛУЙСТА!!!
885	Quest/ShuMercs/QuestsHQ/Coalition/AttackKlissan/1/TrancName1	БУМ
886	Quest/ShuMercs/QuestsHQ/Coalition/AttackKlissan/1/TrancName2	БА
887	Quest/ShuMercs/QuestsHQ/Coalition/AttackKlissan/1/TrancName3	ДАХ
895	Quest/ShuMercs/QuestsHQ/Coalition/AttackPirateClan/1/AttackersGreeting	Чёртовы наёмники, только вас-то нам здесь только и не хватало!
903	Quest/ShuMercs/QuestsHQ/Coalition/AttackPirateClan/1/QuestAccepted	Понял, босс. Пошлю <clr>Голубенко<clrEnd>, а то мне противно теперь даже в одном помещении с ним находиться. Заодно пусть спросит, почём услуги аниматора для головастиков, ха-ха!
904	Quest/ShuMercs/QuestsHQ/Coalition/AttackPirateClan/1/QuestAccepted	А бойцы уже в курсе, зря, что ли, у меня две пары рук? Одной даму гладишь, другой карманы обчищаешь, эх, молодость! Главное, чтоб дама сама тебя не обчистила, ха-ха-ха!!!
905	Quest/ShuMercs/QuestsHQ/Coalition/AttackPirateClan/1/QuestAcceptedFei	Перец - довольно редкий ресурс, и я против того, чтобы им его давать бесплатно. Но если это поможет в бою, во что я и мои расчёты верить отказываемся, то делай, начальник.
906	Quest/ShuMercs/QuestsHQ/Coalition/AttackPirateClan/1/QuestAcceptedFei	Приказы на вылет были отправлены на коммуникаторы наших бойцов. Что-то ещё?
907	Quest/ShuMercs/QuestsHQ/Coalition/AttackPirateClan/1/QuestAcceptedMaloc	Да, командир, верное решение! Пошлю к совету <clr>Передаста<clrEnd>, передам с ним инструкции по согласованию частот. Эх, руки чешутся самому сесть в корабль да разнести к клисановой матери всю их шаражкину контору! Но долг требует оставаться на базе, следить за молодняком.
908	Quest/ShuMercs/QuestsHQ/Coalition/AttackPirateClan/1/QuestAcceptedMaloc	Бойцы! Готовность пять минут! По машинам!!!
909	Quest/ShuMercs/QuestsHQ/Coalition/AttackPirateClan/1/QuestAcceptedPeople	Люди... ценник на блюде! Каждый должен приносить пользу в соответствии с получаемой зарплатой. Раз военные не могут справиться сами - а получают пилоты в рядах ВКС огромные суммы -, то грош цена таким гуманоидам! Ты, шеф, главное наших в максимальной целостности доставь. Приказ пилотам на взлёт по готовности я уже направил, к слову.
910	Quest/ShuMercs/QuestsHQ/Coalition/AttackPirateClan/1/QuestAcceptedPlayer	Скажи клоуну, что мы берёмся.
911	Quest/ShuMercs/QuestsHQ/Coalition/AttackPirateClan/1/QuestAcceptedPlayerFei	Нет, мне не обидно за менее развитых, это просто система пожаротушения капает. Берёмся, дадим пиратам перца!
912	Quest/ShuMercs/QuestsHQ/Coalition/AttackPirateClan/1/QuestAcceptedPlayerMaloc	В древности за обман руки отрубали. Но мы существа цивилизованные, мы сразу голову снесём! Готовь парней!
913	Quest/ShuMercs/QuestsHQ/Coalition/AttackPirateClan/1/QuestAcceptedPlayerPeople	Поможем военным, возможно, сохраним несколько людских жизней.
914	Quest/ShuMercs/QuestsHQ/Coalition/AttackPirateClan/1/QuestDeclined	И то верно, босс. Прислать в нашу уважаемую организацию какого-то клоуна, и в прямом, и переносном! Пусть в иле играют дальше, мальки, а мы возьмём что-то солидное и более оплачиваемое.
915	Quest/ShuMercs/QuestsHQ/Coalition/AttackPirateClan/1/QuestDeclinedFei	Сомневаюсь, что в операции со стороны Коалиции будет задействован хоть один гуманоид моложе репродуктивного возраста, а сражения наверняка пройдут в космосе без использования песка. Если для меня есть ещё задачи, готов приступить к их решению!
916	Quest/ShuMercs/QuestsHQ/Coalition/AttackPirateClan/1/QuestDeclinedMaloc	Командир, ты уверен? А если Коалиция не справится, и меня снова нае?.. В смысле, если эти хакеры продолжат своё мошенничество? Но что же.... Приказ принят, сидим на табуретке ровно! Ещё приказания?
917	Quest/ShuMercs/QuestsHQ/Coalition/AttackPirateClan/1/QuestDeclinedPeople	Вот, верно говоришь, шеф! Аутсорс - дело хорошее, но не с такими высокими рисками. Разбирать завалы их разрушенных прогнозов за такие смешные деньги? Да сейчас! Есть ещё о чём спросить, шеф?
918	Quest/ShuMercs/QuestsHQ/Coalition/AttackPirateClan/1/QuestDeclinedPlayer	Да ну их, цирк с гобзаврами какой-то! Откажемся!
919	Quest/ShuMercs/QuestsHQ/Coalition/AttackPirateClan/1/QuestDeclinedPlayerFei	Нет, мне не обидно за менее развитых, это просто конденсат скопился. Отказываемся, пусть детишки сами в песочнице резвятся.
920	Quest/ShuMercs/QuestsHQ/Coalition/AttackPirateClan/1/QuestDeclinedPlayerMaloc	Работать с галактполом? Отказываюсь! А тебе уроком послужит!
921	Quest/ShuMercs/QuestsHQ/Coalition/AttackPirateClan/1/QuestDeclinedPlayerPeople	Вот уж нет. Прошляпили пробуждение Клана сами, теперь сами пусть разбираются.
922	Quest/ShuMercs/QuestsHQ/Coalition/AttackPirateClan/1/QuestIntro	Тут явился какой-то чудик, явно только что сбежавший из лечебницы для психически крайне нездоровых гуманоидов. О как загнул, ха! Хоть сейчас на сцену, оды читать. Племяшке точно понравится, ха-ха! В общем, этот тип хочет личной аудиенции. Не знаю, что за гуманоид, но говорит, мол, работает на военную разведку, и что мы не так всё поняли. Видать, образ у него такой шпиёнский, ага, для маскировки. Кретин, его бы из Дзухаллага за такое шоу по частям вынесли в ближайшее болото. Привести его?
924	Quest/ShuMercs/QuestsHQ/Coalition/AttackPirateClan/1/QuestIntro	Эй, <clr>Ржавый<clrEnd>! А ну тащи сюда этого клоуна! И <clr>Башку<clrEnd> с собой захвати, для подстраховки!
926	Quest/ShuMercs/QuestsHQ/Coalition/AttackPirateClan/1/QuestIntro	Не дрейфь, босс, мы с этого красавца глаз не спустим, если что - во все двенадцать рук скрутим так, что лента Мёбиуса детской игрушкой покажется! А вот и он, шпиё-о-он!
928	Quest/ShuMercs/QuestsHQ/Coalition/AttackPirateClan/1/QuestIntro	П-простите пожалуйста, уважаемый <Player>. Скажите вашим подчинённым, чтобы не держали меня на мушке, а то б-боюсь немножко!
929	Quest/ShuMercs/QuestsHQ/Coalition/AttackPirateClan/1/QuestIntro	Я не шпион! Меня неправильно п-поняли! Я всего лишь простой уборщик в генштабе С-совета Коалиции. И именно меня заставили к вам лететь! Угрожали лишением годовой зарплаты! Что? Почему я в костюме клоуна? Так ради конспирации, конечно! Враги ж повсюду, поэтому начальство принудительно посоветовало мне сменить облик...
930	Quest/ShuMercs/QuestsHQ/Coalition/AttackPirateClan/1/QuestIntro	Д-дело в том, что нам стало известно о тайном съезде самых опасных хакеров Галактики, который скоро состоится на планете <TargetPlanet>. Меня послали договориться с вами о проведении полномасштабной совместной операции по захвату системы <TargetStar>.
931	Quest/ShuMercs/QuestsHQ/Coalition/AttackPirateClan/1/QuestIntro	Если у вас всё получится, командование готово выделить <Cost> cr. из моего... Ой, то есть из военного бюджета. И, пожалуйста, <Player>, управьтесь до <EndDate>, а иначе мы, то есть, они не успеют установить блокаду системы, и все хакеры скроются с радаров.
933	Quest/ShuMercs/QuestsHQ/Coalition/AttackPirateClan/1/QuestIntro	Ну всё, уводите бедолагу, а то смотреть больно... И уберите уже кто-нибудь за ним пол! Ужасно отвратительное зрелище. Хотя такой подход неплох... В Дзухаллаге, по слухам, есть отдельное направление обучения: "как извергнуть из себя физиологическую жидкость нужного цвета в нужном количестве и в точно нужное время". Так что скажешь, босс? Деньги-то вроде неплохие предлагают.
934	Quest/ShuMercs/QuestsHQ/Coalition/AttackPirateClan/1/QuestIntroFei	Начальник, я снова случайно взломал сервера генерального штаба Коалиции. В этот раз честно случайно! Их адрес IP 197.23.34.789.5678 с портом 37895, а мне был нужен 197.23.35.798.4676 с портом 37995. Шанс ошибиться был целых 0,000000000000000006 процентов! Я сейчас в очередной раз борюсь с Акой Сециянкой, моя мозговая деятельность не совсем идеальна. Итак, к делу. Этот сервер зарезервирован для связи самых высокопоставленных военных чиновников. Они обсуждали деятельность пиратского Клана. Собрав самую важную информацию, можно подвести итог - им очень не нравится ситуация в военном противостоянии с пиратами. Была захвачена узловая система <TargetStar>, которую в срочном порядке необходимо вернуть. Обсуждалось проведение штурмовой операции до <EndDate>. Из представленных тактических и стратегических данных можно сделать вывод, что у них ничего не получится. Технический перевес коалиции очевиден, но количественно пираты способны превзойти военных в разы. Максимальная цифра, полученная простейшими расчётами - 7. Не в 7 раз, а просто 7. Я же говорю, расчёты простейшие, и что они означают, поймут лишь малоки. Итог, как я уже говорил, однозначен - Коалиция не вернёт себе систему <TargetStar> своими силами. Но вот с нашей помощью...
935	Quest/ShuMercs/QuestsHQ/Coalition/AttackPirateClan/1/QuestIntroFei	В военных списках сотрудников координационного штаба уже длительное время числится некий прапорщик Взадов. Личность полностью сфабрикованная мной, но ведущая активную социальную деятельность для создания иллюзии живости. Не спрашивай, зачем, объяснение займёт 7 лет, 3 месяца, 24 дня и ровно 14 минут при условии, что твой мозг будет извлечён из черепной коробки и напрямую подключён к моему, точно так же извлечённому. Я этого не хочу, хотя насчёт тебя не уверен. Прапорщик был тут же "повышен" мной до звания бригадного генерала, что позволило ему подключиться к обсуждению. "Взадовым" было вынесено предложение подключить к операции наёмников, что повысит успешность операции примерно до 99,457474 процентов. Конечно, "Взадов" приврал, шанс увеличивается до 99,457676 процентов, но кто в Совете сможет это понять за две минуты? В любом случае, предложение всем понравилось, и вот 7 минут и 12 секунд назад нашей организацией был получен документ договора на оказание военной поддержки. Награду, которую предложил "Взадов", сильно занизили, но всё равно получается неплохая сумма кредитов в <Cost>.
936	Quest/ShuMercs/QuestsHQ/Coalition/AttackPirateClan/1/QuestIntroFei	Итак, все вводные данные я озвучил, осталось лишь тебе провести логический анализ и принять решение, которое обеспечит наиболее выгодный курс развития нашей организации. Или же на твоё решение повлияют химические реакции, которые вы, менее развитые интеллектуально гуманоидные формы, называете "чувства" и "желания"? Как порой сложно вас понимать...
937	Quest/ShuMercs/QuestsHQ/Coalition/AttackPirateClan/1/QuestIntroMaloc	Командир! Я тебя ждал! Тут такое дело... Мне недавно позвонили из службы безопасности СтарБанка, сказали, что с наших счетов идёт подозрительная активность. Сказали, что надо перевести все деньги на безопасный счёт, иначе средства будут заблокированы. Я сглупил, поверил... Я ведь недавно закупался оборудованием у... Ну, через старые армейские связи. Я не нарушал закон, командир, поверь! Это всё должны были утилизировать, и я подписался как подрядчик на утилизацию. Какая разница, как это произойдёт - на заводе или в бою, верно? В общем, командир, все наши деньги отобрали, представляешь? До последнего кредита! Ещё и издевались, отрыжки гобзавра! Я попытался подключить наших ребят, но эти мошенники знают своё дело. Наших возможностей оказалось мало. Развели как младенца, стыдоба какая!
938	Quest/ShuMercs/QuestsHQ/Coalition/AttackPirateClan/1/QuestIntroMaloc	Но я всё решил! У меня ведь всё записано до последнего кредита! Что покупалось, на что, кому и когда продавалось, полная запись разговора с этими отморозками из "СтарБанка" с расшифровкой всех частот и сигнатур! Когда я связался с представителями настоящего СтарБанка, то, конечно, ни на что не надеялся. Сам дурак, но я обязан был попробовать все варианты. Когда я начал передавать данные, меня тут же соединили с ОБЭП. Думаю, что всё, прикроют и меня, и... старые армейские связи. Но нет! Меня начали чуть ли не облизывать, сказали, что именно благодаря моим данным они наконец-то смогли вычислить местонахождение хакеров! А парни ещё смеялись над моей подозрительностью, называли параноиком! Да что они вообще понимают?!
939	Quest/ShuMercs/QuestsHQ/Coalition/AttackPirateClan/1/QuestIntroMaloc	В общем, в благодарность за помощь в обнаружении преступной группы они приказали СтарБанку вернуть всё украденное до последнего кредита. Также мне сказали, что начата подготовка к операции по поимке или уничтожению данной группы, а так как вся система <TargetStar> захвачена пиратами, то и освободить её по пути. И нам, как имеющим личную обиду к хакерам, даже поступило предложение за неплохое вознаграждение в <Cost> cr. принять участие в операции. Можем не только отомстить, но и неплохо заработать! Решайся, командир!
940	Quest/ShuMercs/QuestsHQ/Coalition/AttackPirateClan/1/QuestIntroPeople	Здравствуй, шеф! Ну ты посмотри на него!.. И`ван! Хватит дурачиться, твой Дракон никуда не улетит, марш бумаги разбирать, студент! Эх... Четвёртый десяток мужику, а всё в кораблики играет. Мечта, понимаешь, у человека - отправить людей колонизировать соседний рукав. Ну, к делу!
941	Quest/ShuMercs/QuestsHQ/Coalition/AttackPirateClan/1/QuestIntroPeople	У нас есть высокооплачиваемое предложение от Совета Коалиции. В очередной раз штабные деятели хотят загрести жар чужими руками. Не смогли справиться с доминаторами - возродили корпус рейнджеров, без которого - прости, но это факты - обитаемому космосу прекрасно жилось. Теперь же не могут справиться с пиратами - привлекают наёмников. Радует, что наша организация на хорошем счету, в первую очередь обратились именно сюда. Я проиндексировал полученные документы, выделив среди них самое важное. <clr>Самое важное<clrEnd> - это, конечно же, наша "зарплата", а именно <Cost> в кредитах. Цель обращения к нам - следующее по важности. Военные предлагают нам принять участие на правах ассоциации в освобождении системы <TargetStar> от вояжирующих в ней пиратских кораблей. Наземную операцию они возьмут на себя, да и нет у нас технической возможности - протокол "семейный праздник" пришлось закрыть из-за перерасхода. Самое рутинное - точка рандеву с ударной группой. Тебе с отрядом наших пилотов нужно будет встретить командующего космической операцией на планете <BeginPlanet>. Дальше дело за малым - проследовать за группой, уничтожить противника и вернуться в организацию. Транш должен пройти автоматически, но на всякий случай я буду лично держать связь с представителем СтарБанка, заместителем Грефа госпожой Нагибулиной. Меня уже раз... да, впрочем, даже не раз, пытались облапошить в этом СтарБанке! Знаю я, как они работают! Серго больше не попадётся на общажную ипотеку под -30% дневных, о нет, сэр! В общем, я буду держать руку на её пульсе, пока ты будешь зарабатывать нам на хлеб. И последнее по важности - всё должно быть выполнено в срок до <EndDate>. Времени с запасом, а за скорость нам не доплатят, потому можешь не спешить. При этом гибель пилотов коалиции не является оправданием невыхода на работу, так сказать. С ними или без них, но мы обязаны выполнить контракт. Вопрос репутационных и значительных материальных потерь - я подготовил план по загрузке боеприпасов и накачке реакторов активным веществом с большим запасом, на случай какого-либо форс-мажора. Гибели наших пилотов тоже не стоит допускать, подготовка новичков под наши стандарты влетает в копеечку. Как-то оно вот так, шеф. Что об этом думаешь?
942	Quest/ShuMercs/QuestsHQ/Coalition/AttackPirateClan/1/QuestNeedToThinkPlayer	Мне надо подумать
943	Quest/ShuMercs/QuestsHQ/Coalition/AttackPirateClan/1/QuestNoteFailed	Контракт провален. Ваша организация не уложилась в установленный срок. Совет крайне разочарован вашей неудачей.
944	Quest/ShuMercs/QuestsHQ/Coalition/AttackPirateClan/1/QuestNoteInProcess1	Контракт в процессе выполнения. Необходимо объединиться с военными кораблями на планете <BeginPlanet> в системе <BeginStar>, после чего нанести совместный удар по системе <TargetStar>. Захватить систему необходимо до истечения указанного срока.
945	Quest/ShuMercs/QuestsHQ/Coalition/AttackPirateClan/1/QuestNoteInProcess2	Контракт в процессе выполнения. Необходимо захватить систему <TargetStar> до истечения указанного срока.
946	Quest/ShuMercs/QuestsHQ/Coalition/AttackPirateClan/1/QuestNoteSuccess	Контракт выполнен. Система <TargetStar> перешла под контроль военных сил <color=255,240,100>Коалиции</color>. Оплата в размере <Cost> cr. переведена на счёт вашей организации. Совет благодарит вас за отличную работу!
947	Quest/ShuMercs/QuestsHQ/Coalition/AttackPirateClan/1/QuestNoteTitle	Контракт от <color=255,240,100>Коалиции</color> на захват системы <TargetStar> (<color=255,240,100>пиратский клан</color>)
948	Quest/ShuMercs/QuestsHQ/Coalition/AttackPirateClan/1/QuestNoteTitleReward	Награда за выполнение: <Cost> cr. и <Reputation> очков <color=255,240,100>репутации Совета</color>
950	Quest/ShuMercs/QuestsHQ/Coalition/AttackPirateClan/1/SupportGreeting	Не нарушай режим радиомолчания по пустякам, <Player>. Ты прекрасно знаешь, что нужно делать.
951	Quest/ShuMercs/QuestsHQ/Coalition/AttackPirateClan/1/SupportGreetingAfterWin	Верховное командование выражает тебе свою признательность, <Player>, а также всем пилотам организации <PlayerOrgName> за блестяще проведённую военную операцию! Надеемся на дальнейшее сотрудничество.
952	Quest/ShuMercs/QuestsHQ/Coalition/AttackPirateClan/1/SupportGreetingWhileBattle	Делай свою работу и не отвлекай меня!
953	Quest/ShuMercs/QuestsHQ/Coalition/AttackPirateClan/1/SupportOnMeeting	Группа, занять позиции! Боевое построение альфа, готовимся к скорому гиперпрыжку!
956	Quest/ShuMercs/QuestsHQ/Coalition/AttackPirateClan/1/SupportOnPlayerAttack	Грязные наёмники, да вы хуже пиратов! У тех хотя бы свой кодекс чести есть, а для вас ничего не свято!
957	Quest/ShuMercs/QuestsHQ/Coalition/AttackPirateClan/1/SupportOnPlayerAttack	Группа, уничтожить предателей!
968	Quest/ShuMercs/QuestsHQ/Coalition/DefendFromDominators/1/QuestAccepted	Понял, босс. Я уведомлю этого головастого, что мы берёмся за дело, и передам ребятам приказ на взлёт. Кстати, что узнал - у нас, оказывается, тоже есть учёные! Настоящие, которые с пробирками возятся и мышей изучают! Вот уж кого отцы не любят - в такую клоаку отправлять, без перспектив и приличного дохода... Видимо, слишком много детей в помёте, лишний нашёлся, ха!
969	Quest/ShuMercs/QuestsHQ/Coalition/DefendFromDominators/1/QuestAcceptedFei	В понимании примитивных форм разумной жизни плазма - это огонь, начальник, и у него нет вкуса. Хотя если разобрать состав звезды на элементы, прогнать через молекулярный рекомпилятор, выделить структурные компоненты, то... Нет, всё равно мы не получим никакой сладости.
970	Quest/ShuMercs/QuestsHQ/Coalition/DefendFromDominators/1/QuestAcceptedFei	А? Да бойцы уже 18 секунд как получили на коммуникаторы сигналы о вылете. Всё точно по графику, начальник! Можешь ставить новую задачу, если она у тебя имеется.
971	Quest/ShuMercs/QuestsHQ/Coalition/DefendFromDominators/1/QuestAcceptedMaloc	Так точно, командир! Приказ принят, посылаю <clr>Передаста<clrEnd> для оформления всех документов. Бойцы, к слову, готовы вылететь хоть немедленно. Вчера парни решили отметить день рождения Канона Мага Григория, ну и как в такой праздник не подраться, верно? Да только они умудрились разнести половину бара и разбили бутылку дорогущего янвелба "Хенесси"! Второй день сидят по машинам, симулируют космические сражения, х-хе!
972	Quest/ShuMercs/QuestsHQ/Coalition/DefendFromDominators/1/QuestAcceptedMaloc	Хватит начищать свои скромные бластеры, бойцы, вас ждут настоящие большие пушки! Заводи движки!
973	Quest/ShuMercs/QuestsHQ/Coalition/DefendFromDominators/1/QuestAcceptedMaloc	Будут ли ещё приказы, командир?
974	Quest/ShuMercs/QuestsHQ/Coalition/DefendFromDominators/1/QuestAcceptedPeople	Благодарю, шеф! Отряд готов к вылету, я послал бойцам инструкции, чтобы они как можно меньше лезли на рожон. Комплектующие к пилотируемым кораблям в последнее время взлетели в цене, особенно оперативные карты для терминалов...
975	Quest/ShuMercs/QuestsHQ/Coalition/DefendFromDominators/1/QuestAcceptedPlayer	Напиши ему, что выбираем красный стимулятор. В смысле, мы согласны! К чему я это сказал вообще?..
976	Quest/ShuMercs/QuestsHQ/Coalition/DefendFromDominators/1/QuestAcceptedPlayerFei	Когда-нибудь твоего Взадова обнаружат и засунут тебе в... Неважно, принимай задачу, спасём твою сладкую звёздочку!
977	Quest/ShuMercs/QuestsHQ/Coalition/DefendFromDominators/1/QuestAcceptedPlayerMaloc	Что же, поможем этим расп... разгильдяям, коль сами защитить себя не могут. Шли ответку и поднимай парней!
978	Quest/ShuMercs/QuestsHQ/Coalition/DefendFromDominators/1/QuestAcceptedPlayerPeople	Чем бы дитя не тешилось, лишь бы под дюзы на взлёте не лезла... Не будем лишать мальчика игрушки, я согласен!
979	Quest/ShuMercs/QuestsHQ/Coalition/DefendFromDominators/1/QuestDeclined	Как скажешь, босс. Пошлю тогда этого улетевшего в Каа-Щенко отдохнуть. Там каждый что не избранный, то мать избранного, ха! Ещё что будет, босс?
980	Quest/ShuMercs/QuestsHQ/Coalition/DefendFromDominators/1/QuestDeclinedFei	Странные вы существа, способные чувствовать вкус абстрактных фонетических конструкций. Понял, начальник, займусь поиском другой звезды, подходящей для исследования.
981	Quest/ShuMercs/QuestsHQ/Coalition/DefendFromDominators/1/QuestDeclinedMaloc	Вот и правильно, командир, так им и надо!
982	Quest/ShuMercs/QuestsHQ/Coalition/DefendFromDominators/1/QuestDeclinedPeople	Понял, шеф. Ну, пусть в следующий раз думает лучше, прежде чем шутить на всю галактику.
983	Quest/ShuMercs/QuestsHQ/Coalition/DefendFromDominators/1/QuestDeclinedPlayer	Подозрительно это, выбираю синий стимулятор. В смысле, я откажусь! При чём здесь стимуляторы вообще?..
984	Quest/ShuMercs/QuestsHQ/Coalition/DefendFromDominators/1/QuestDeclinedPlayerFei	Когда-нибудь твоего Взадова обнаружат и засунут тебе в... Неважно, как бы горьки ни были мои слова, но отвечу отказом, извини.
985	Quest/ShuMercs/QuestsHQ/Coalition/DefendFromDominators/1/QuestDeclinedPlayerMaloc	Боюсь, если "крепко", то письмо не пропустит отдел цензуры. А вот мягонько давай пошлём, самого достаёт спам на коммуникатор.
986	Quest/ShuMercs/QuestsHQ/Coalition/DefendFromDominators/1/QuestDeclinedPlayerPeople	Хочешь, чтобы машины второй раз восстали из пепла ядерной войны? Удалить Взубы, отказать "Глоку", тьфу, наоборот!
987	Quest/ShuMercs/QuestsHQ/Coalition/DefendFromDominators/1/QuestIntro	Да мне тут недавно начали сообщения странные на планшет приходить... Началось всё с безобидного: "Проснись, CEO". Затем стали про избранного какую-то абракадабру написывать. Ещё так отвратительно - зелёные символы на чёрном фоне, да ещё вертикально! Думал, гаальцем стану, третий глаз прорежется! В общем, отдал я планшет нашим спецам поковыряться, и они вычислили, что сигнал идёт с какого-то засекреченного коалиционного объекта в системе <TargetStar>.
988	Quest/ShuMercs/QuestsHQ/Coalition/DefendFromDominators/1/QuestIntro	Я немного поболтал с отправителем, объяснил на пальцах, что с ним случится, если он не скажет, кто такой и чего ему надо. Оказалось, что это какой-то наглухо улетевший учёный с секретной военной базы на планете <TargetPlanet>. Он обнаружил закономерность в нападениях доминаторов и предсказал, что система <TargetStar> в скором времени подвергнется атаке безжалостных машин. Вот только начальство не восприняло его предупреждение всерьез, поскольку ранее он уже двенадцать раз выдавал бредовые прогнозы, которые так и не сбылись.
989	Quest/ShuMercs/QuestsHQ/Coalition/DefendFromDominators/1/QuestIntro	Однако наш умник очень хочет верить, что в этот-то раз он точно не прогадал, а потому просит обеспечить безопасность системы до <EndDate>, пока не соберёт вокруг себя достаточно таких же отбитых на голову фанатиков. Страшно представить, в какой ужас тогда превратится система! Гралгарская бойня может показаться детской игрой в стрелялки! Пожалуй, после нашего с тобой разговора я схожу в ангар и заблокирую эту систему в навигаторе Чеквушечки, она как раз в гости заглянула. Чисто на всякий случай.
990	Quest/ShuMercs/QuestsHQ/Coalition/DefendFromDominators/1/QuestIntro	За работу, кстати, этот головастый обещает солидный перевод в размере <Cost> cr. с одного из счетов военного командования Коалиции. Правда, очень просил не спрашивать, откуда у него доступ к этому счёту, но нас-то оно и не особо трогает, верно?
991	Quest/ShuMercs/QuestsHQ/Coalition/DefendFromDominators/1/QuestIntroFei	Привет, начальник. Вчера, в 14:32:14.67 по общегалактическому я, как обычно в это время, проводил расчёты квазиустойчивости солнечной короны звезды <TargetStar> в случае нанесения по ней массированного термоядерного удара. Это самая удобная для таких исследований звезда. Результаты были мной получены в 15:32:14.69. Как обычно, оказалось, что звезда никак не отреагирует, даже если разом выпустить все 2,033 термоядерных боеголовки класса "космос-космос", имеющиеся в распоряжении Коалиции. Откуда точное количество? Из открытых источников. Их открыл я лично, но какая разница? Практический смысл? Он есть! События в системе Эльтан показали, что не с каждой угрозой мы в состоянии справиться без радикальных методов. При этом гравитационный коллапс с применением технологии пузырей, во-первых, невероятно разрушителен - по расчётам, применение данного метода к звезде того же класса, что и колыбель нашей расы Атлан, приведёт к полному уничтожению жизни в радиусе 32,174654 парсек, а в радиусе 83,484736 парсека жизнь полностью вымрет в течение следующих 248 лет с погрешностью 3,5 года. Коллапс звезды класса О или двойной системы Вольфа-Райе вовсе способен сделать нежизнепригодным целый галактический рукав! А во-вторых, технология создания устойчивых гиперпузырей так засекречена, что мне до сих пор не удаётся взломать... Я сказал "взломать"? Что ты, начальник, никаких преднамеренных взломов! Я хотел сказать, не удалось найти в даркгаланете информацию о них.
992	Quest/ShuMercs/QuestsHQ/Coalition/DefendFromDominators/1/QuestIntroFei	Так вот, в отличие от полного гравитационного коллапса, дестабилизация фотосферы путём энергетической накачки верхних слоёв звезды не приведёт к таким глобальным разрушениям. Внутренняя структура звезды сохраняется, при этом звёздная корона в глубину несколько тысяч километров буквально отрывается, и поток плазмы и излучения на околосветовой скорости прошивает систему, разрывая на частицы каждый материальный объект в радиусе до нескольких тысяч астрономических единиц! Плазма рассеется довольно быстро, но даже излучение потеряет почти всю свою силу ещё до границы гелиопаузы. Конечно, соседние звёзды могут получить остаточный заряд излучения, но процент чертовски низок, и за несколько лет, что поток дойдёт до самых ближайших соседей, будет время подготовить различные средства защиты биосферы. Очевидная выгода в сравнении с тем, как гаальцы пытались остановить клисан!
993	Quest/ShuMercs/QuestsHQ/Coalition/DefendFromDominators/1/QuestIntroFei	Извини, начальник, вижу, ты спешишь, потому итог будет краток. За две сотых секунды лишних расчётов я обнаружил, что звезда <TargetStar> представляет интерес не только для меня, но и для доминаторов неизвестной серии. Есть предположения, какой именно серии и по какой причине звезда интересна, но ученый не оперирует такими метафоричными вещами! Математика требует точности! И эта точность утверждает, что до <EndDate> в систему вторгнутся силы доминаторов. Количество атакующих рассчитать не удалось, слишком много неизвестных переменных. Мне нужна эта звезда, начальник! Вторую аналогичную по удобству найти будет сложно!
994	Quest/ShuMercs/QuestsHQ/Coalition/DefendFromDominators/1/QuestIntroFei	Именно поэтому я лично связался с военным командованием Коалиции. За 11 минут и 54 секунды разговора - как же долго думают военные! - я предоставил им все расчёты, а также предложил наши услуги за сильно завышенную сумму для создания окна торга. Моё внедрённое в систему Совета альтер-эго генерал-майор Взадов, которым я управлял параллельно, сумел "договориться" со мной на сумму в <Cost> cr., что полностью устроило командование, и теперь у нас на руках официальный контракт на охрану системы. Я не должен её потерять, начальник! Это сведёт на нет 17 дней, 5 часов, 16 минут и 31 секунду чистого времени работы!
995	Quest/ShuMercs/QuestsHQ/Coalition/DefendFromDominators/1/QuestIntroMaloc	Командир, спасай! Я уже не могу это выдерживать! Подумать только - меня, малока с боевым опытом, какие-то канцелярские крысы сумели довести до белого каления! Их бы в рубку посадить да отправить доминаторов бить! Или хотя бы пиратов. Да хоть учебный бой с настоящим ветераном - вмиг бы вся спесь с них слетела! Убил бы! Ар-гх!! Р-р-ра!!!
996	Quest/ShuMercs/QuestsHQ/Coalition/DefendFromDominators/1/QuestIntroMaloc	*Вы взяли специально заготовленное для общения с Вдубасом полотенце и вытерли лицо. И скафандр, ведь выражение "брызжет слюной" к малокам не применимо, там льётся целый водопад!*
997	Quest/ShuMercs/QuestsHQ/Coalition/DefendFromDominators/1/QuestIntroMaloc	Я столько букв не видел с тех времён, когда большемозглый фэянин припёрся к нам в учебку новейшее вооружение демонстрировать! Не удивляйся, иногда такое случается. Программа Обмена Перспективных Акринов. Так этот задохлик притащил с собой инструкции к вооружению, каждая из которых весила как сам этот фэянин! Пять гравикаров за собой вёл только с этими бумажками! Мой командир посмотрел на это всё дело, порвал пополам сразу три инструкции, схватил винтовку, за спиной одной левой её собрал-разобрал, зарядил и с закрытыми глазами сбил все тренировочные мишени! Управился за две минуты, и сказал фэянам, что винтовка хуже дерьма пенчекряка, ведь с хорошей винтовкой он бы справился за минуту тридцать. Так, к чему я? А, верно! Спасай, командир!
998	Quest/ShuMercs/QuestsHQ/Coalition/DefendFromDominators/1/QuestIntroMaloc	Совет закидал меня письмами! Каждый день шлют, а то и по два-три, из разных отделов. Ты меня знаешь, я такие документы помощникам не доверяю, сам читаю. У меня уже глаза разъезжаются! А что самое смешное, знаешь? В этих письмах они просят нас о помощи в обороне! Наёмников, за кредиты! Как хорошо, что мои предки не видят, во что превратилась Коалиция, ни один военный медик не откачал бы... Чем-то им система <TargetStar> очень необходима, раз готовы выдать нам целых <Cost> cr., если мы не позволим забрать её до <EndDate>. Командир, я уже не выдерживаю чтения их писем! Прошу, давай хотя бы крепко пошлём Совет!
999	Quest/ShuMercs/QuestsHQ/Coalition/DefendFromDominators/1/QuestIntroPeople	Шеф, здравствуй! Такое дело... у нас проблемы, и проблемы серьёзные. И`ван, чтоб его бюрократия поглотила, создал свою модель искусственного интеллекта и выложил её в открытый доступ. Модель как модель, ничего особенного, называется "Грок", но он шутки ради добавил алгоритм, заставляющий при любом сравнении И`вана и кого-то ещё утверждать, что первый лучше. Сначала были просто шутки по типу "кто лучше целует рагобамских жаб в задницу", но в какой-то момент начались сравнения с действующим координатором военного штаба Коалиции, Взубы Бить-Нагами. Малок по происхождению, выросший в среде фэян. Одновременно очень умный и очень агрессивный... Требует полностью удалить "Грок", в противном случае поднимет вопрос о создании резолюции против Свободных Анклавов. Я ещё не сообщал об этом Максу, он такой милый, когда играет со своим ИИ...
1000	Quest/ShuMercs/QuestsHQ/Coalition/DefendFromDominators/1/QuestIntroPeople	Мне удалось договориться об альтернативном варианте: необходимо будет принять участие в обороне системы <TargetStar>. Вооружённые силы в ней сейчас на плановом переоснащении и потому ослаблены, а доминаторы двигают фронт именно к ней. Кроме того, слава Коалиционной бюрократии, под дополнительную охрану выделен немалый грант. В свете истории с ИИ всё нам не отдадут, придётся компенсировать моральный ущерб Бить-Нагами - что, несомненно, правильно и честно, и не имеет отношения ни к каким "отмывам"! -, но даже так я выторговал нам сумму в <Cost>, что не только компенсирует расходы на операцию, но и немного добавит в плюс. Полное переоснащение произойдёт <EndDate> году, и если система выстоит - мы получим свои деньги и расположение Взубы, а И`ван сможет и дальше развлекаться со своим "Гроком", разве что я потребую удалить алгоритм восхваления. Жду твоего решения, шеф.
1001	Quest/ShuMercs/QuestsHQ/Coalition/DefendFromDominators/1/QuestNeedToThinkPlayer	Мне надо подумать
1002	Quest/ShuMercs/QuestsHQ/Coalition/DefendFromDominators/1/QuestNoteFailed	Контракт провален. Система <TargetStar> была захвачена доминаторами. Учёный крайне разочарован вашей неудачей.
1003	Quest/ShuMercs/QuestsHQ/Coalition/DefendFromDominators/1/QuestNoteInProcess	Контракт в процессе выполнения. Вам необходимо отбивать все атаки противника на систему <TargetStar> вплоть до истечения указанного срока.
1004	Quest/ShuMercs/QuestsHQ/Coalition/DefendFromDominators/1/QuestNoteSuccess	Контракт выполнен. Доминаторское вторжение в систему <TargetStar> было успешно остановлено. Совет благодарит вас за отличную работу!
1005	Quest/ShuMercs/QuestsHQ/Coalition/DefendFromDominators/1/QuestNoteTitle	Контракт на охрану системы <TargetStar> от вторжения <color=255,240,100>доминаторов</color>
1006	Quest/ShuMercs/QuestsHQ/Coalition/DefendFromDominators/1/QuestNoteTitleReward	Награда за выполнение: <Cost> cr. и <Reputation> очков <color=255,240,100>репутации Совета</color>
1013	Quest/ShuMercs/QuestsHQ/Coalition/DefendFromPirateClan/1/AttackersGreeting	Сдохни в мучениях, коалиционная подстилка!!!
1016	Quest/ShuMercs/QuestsHQ/Coalition/DefendFromPirateClan/1/AttackersOnEnter1	Хана всем ворогам нашей вольницы!!!
1019	Quest/ShuMercs/QuestsHQ/Coalition/DefendFromPirateClan/1/AttackersOnEnter2	Гутен-морген, коалиционные ублюдки!!!
1022	Quest/ShuMercs/QuestsHQ/Coalition/DefendFromPirateClan/1/AttackersOnEnter3	ЗА КЛАН! ЗА БРАТСТВО! ЗА СВОБОДУ!!!
1025	Quest/ShuMercs/QuestsHQ/Coalition/DefendFromPirateClan/1/AttackersOnEnter4	Скоро вы пожалеете, что не сдали нам эту систему по-хорошему!
1028	Quest/ShuMercs/QuestsHQ/Coalition/DefendFromPirateClan/1/AttackersOnEnter5	Тикайте из сектора, это теперь наша звезда!
1034	Quest/ShuMercs/QuestsHQ/Coalition/DefendFromPirateClan/1/QuestAccepted	А почему ты решил, босс, что не вызвал? Ха-ха-ха!
1035	Quest/ShuMercs/QuestsHQ/Coalition/DefendFromPirateClan/1/QuestAccepted	Да, не вызвал... А вот сейчас - вызвал. Уже мчатся как фонсеры к своим кораблям, а <clr>Голубенко<clrEnd> никуда сегодня не помчится - приболел. Придётся мне самому связываться с разведчиками и говорить, что мы согласны.
1036	Quest/ShuMercs/QuestsHQ/Coalition/DefendFromPirateClan/1/QuestAcceptedFei	Наука - самая беспристрастная вещь во вселенной, начальник. Она не может кого-то любить или нет. Не говоря уже о том, что "наука" - это вообще не разумное существо. Да и не существо в принципе! Ты разве не знал?
1037	Quest/ShuMercs/QuestsHQ/Coalition/DefendFromPirateClan/1/QuestAcceptedFei	*Из ангара донеслись звуки сирены, означающей готовность к взлёту. Порой вы думаете, что Элайма - гаалец, и где-то прячет дополнительные конечности, ведь вы совершенно не заметили, когда он успел послать бойцам сигнал на коммуникаторы.
1038	Quest/ShuMercs/QuestsHQ/Coalition/DefendFromPirateClan/1/QuestAcceptedMaloc	..ой энтузиазм, командир! <clr>Передаст<clrEnd>, живо в корабль пиз!..
1039	Quest/ShuMercs/QuestsHQ/Coalition/DefendFromPirateClan/1/QuestAcceptedMaloc	Остаток фразы вы уже не услышали. То ли потому, что уже были на полпути к медкабинету, то ли слух окончательно отказал.
1040	Quest/ShuMercs/QuestsHQ/Coalition/DefendFromPirateClan/1/QuestAcceptedPeople	Отлично, шеф!
1041	Quest/ShuMercs/QuestsHQ/Coalition/DefendFromPirateClan/1/QuestAcceptedPeople	Работаем, братья! Кредиты сами себя не заработают, не зря мудрость гласит: "капитализм - это счастье, это зашибись!"
1042	Quest/ShuMercs/QuestsHQ/Coalition/DefendFromPirateClan/1/QuestAcceptedPlayer	Если ты такой умный, то почему ещё бойцов не вызвал? Берёмся!
1043	Quest/ShuMercs/QuestsHQ/Coalition/DefendFromPirateClan/1/QuestAcceptedPlayerFei	Возможно, ты прав, надо провериться. А контракт мы подпишем. Я всегда любил науку, хотя она никогда не любила меня!
1044	Quest/ShuMercs/QuestsHQ/Coalition/DefendFromPirateClan/1/QuestAcceptedPlayerMaloc	Да! Согласен! Отправляй отряд! Я сейчас!.. В туалет сбегаю! И НА КОРАБЛЬ!!!
1045	Quest/ShuMercs/QuestsHQ/Coalition/DefendFromPirateClan/1/QuestAcceptedPlayerPeople	Зря они используют Телеграфф, он не ловит даже в ангаре. А предложение принимаю, готовь парней к взлёту!
1046	Quest/ShuMercs/QuestsHQ/Coalition/DefendFromPirateClan/1/QuestDeclined	А почему ты решил, босс, что я ещё не дал ответ? Да я им знаешь, что ответил?!
1047	Quest/ShuMercs/QuestsHQ/Coalition/DefendFromPirateClan/1/QuestDeclined	Да ничего! Не могу же я через твою голову, босс, такое решать. Итак, что же им написать?.. А напишу-ка им простое "НЕТ!" Как раз по уровню их интеллектуальных способностей, ха!
1048	Quest/ShuMercs/QuestsHQ/Coalition/DefendFromPirateClan/1/QuestDeclinedFei	Понял, начальник, извини... А ещё я ничего не лепил, честно! Если кто-то вылепил какого-то горбатого, мы можем по спектру используемого материала определить местонахождение изготовителя даже по остаточным микрочастицам с точностью плюс-минус 7 метров и 77 миллиметров. Мне заняться данным вопросом?
1049	Quest/ShuMercs/QuestsHQ/Coalition/DefendFromPirateClan/1/QuestDeclinedMaloc	...онял, командир! Ты у нас самый муд... Эй!... с тобой?! В... ча! Не вол... ир, я передам товарищу, что ты просто ох...
1050	Quest/ShuMercs/QuestsHQ/Coalition/DefendFromPirateClan/1/QuestDeclinedMaloc	Остаток фразы вы уже не услышали. То ли потому, что уже были на полпути в рейнджерский рай с янвелбом и милыми доминаторшами, то ли слух окончательно отказал.
1051	Quest/ShuMercs/QuestsHQ/Coalition/DefendFromPirateClan/1/QuestDeclinedPeople	Понял, шеф. Тогда вложусь в рудодобывающие предприятия ещё больше. Мне хватит, чтоб на паре планет полностью вырубили всю зелень?..
1052	Quest/ShuMercs/QuestsHQ/Coalition/DefendFromPirateClan/1/QuestDeclinedPlayer	Если ты такой умный, то почему вообще спрашиваешь? Отказываемся!
1053	Quest/ShuMercs/QuestsHQ/Coalition/DefendFromPirateClan/1/QuestDeclinedPlayerFei	Я точно слышал про секретные документы, не лепи мне горбатого! В наказание никакого контракта, не справятся сами - так тебе и надо!
1054	Quest/ShuMercs/QuestsHQ/Coalition/DefendFromPirateClan/1/QuestDeclinedPlayerMaloc	Нет! Это!.. Извини, дружище! У меня!.. У нас сил нет! Не справимся, ПРОСТИ!!!
1055	Quest/ShuMercs/QuestsHQ/Coalition/DefendFromPirateClan/1/QuestDeclinedPlayerPeople	Лучше бы пользовались "Мракс", он ловит даже в гиперпространстве. А предложение отклонить, пусть парни отдохнут.
1056	Quest/ShuMercs/QuestsHQ/Coalition/DefendFromPirateClan/1/QuestIntro	Поступил срочный запрос из бюро коалиционной разведки. Либо у них совсем дела плохи, либо наоборот, так разжирели, что бюджет девать некуда, раз к нам обращаются. Но кто был бы против, верно, босс? Можно будет Чеквуше новую корабельную пушку подарить. Она девица мирная, но пошугать честных и, в особенности, совсем не честных, торгашей любит. Ты бы видел рожи гаальских пилотов, когда она запускает интерком, включает что-то из "Хеши", вроде "Нас не обгонят", и миленьким голоском требует "выбрось груз, дядя, а то отнимут", поливая вокруг корабля из всей корабельной артиллерии! Так, отвлёкся, давай к делу.
1057	Quest/ShuMercs/QuestsHQ/Coalition/DefendFromPirateClan/1/QuestIntro	Из докладов агентов, внедрённых в Клан, стало понятно, что в скором времени начнётся полномасштабный налёт на систему <TargetStar>. Правда, это стало понятно ещё давно всем моим знакомым и незнакомым контрабандистам, а через полчаса и всему рукаву, ведь один из баронов в баре так напился, что разве галакарту с планами на столе не запустил! Но кто мы такие, чтобы критиковать действия профессионалов? Простые трудяги...
1058	Quest/ShuMercs/QuestsHQ/Coalition/DefendFromPirateClan/1/QuestIntro	В то же время, пираты задействовали все свои связи в военном и политическом руководстве сектора <TargetSector>. Ну как "связи"? Половина из них буквально сидит на зарплате Коалиции! Уверен, что это хитрый план контрразведки, ловят более крупную пиявку, точно говорю! Так большинство военных было направлено либо в соседние сектора, под предлогом усиления их обороноспособности, либо отозвано по каким-то другим надуманным причинам.
1059	Quest/ShuMercs/QuestsHQ/Coalition/DefendFromPirateClan/1/QuestIntro	Местного гарнизона системы <TargetStar> на данный момент недостаточно для отражения массированной пиратской атаки... хотя его и до этого было недостаточно, ведь идея позволить всем военным свободно уходить в увольнительные ради свободы выбора очень мотивирует, да-да... Поэтому глава спецотдела готов выделить из бюджета <Cost> cr., чтобы нанять нас в качестве временной охраны. Предполагается, что сил пиратов хватит лишь на штурм до <EndDate>, после чего им придётся отступить для перегруппировки. Ведь кто бы подумал, что, получив по рожам, пираты не захотят дальше воевать? Гобзавр задери, я хочу работать в этом отделе! Меня через полчаса сделают генералом, если я им палец покажу!
1060	Quest/ShuMercs/QuestsHQ/Coalition/DefendFromPirateClan/1/QuestIntro	Ладно, побурлили, и хватит. Что ответить этим гениям?
1061	Quest/ShuMercs/QuestsHQ/Coalition/DefendFromPirateClan/1/QuestIntroFei	Начальник, привет! Ты знаешь, что такое квантовые флуктуации межпространственных мембран 10 и 11 порядков? А квантовый структурный переход конденсата Боза-Эйнштейна с выбросом мезонных пучков? Нет? Как жаль, нам было бы, о чём поговорить. А вот в системе <TargetStar> знают! Там готовится научная конференция, посвящённая измерениям выше шестого. Увы, только теоретическая. До практики никто из представленных учёных не доберётся ещё минимум 101 год, 2 месяца и 11 дней. Тем не менее, представленные в промо-листе презентации невероятно интересны! Например, тема "возможное построение гипотетической теории о связи предположительного 23 или 24 измерения с метафоричным субъективным веществом". Как тебе?! Я бы очень хотел быть там лично, но не могу покинуть пост Управляющего. Нет, что ты, начальник! Отпуск мне не нужен! Просто в данный момент я работаю над исследованием в области искусственного интеллекта нового поколения. Уже есть первые успешные результаты, например, социальный бот "Чед Дрожь Пяти", поисковый инструмент "Ди Псих" и графический редактор "Митя Хорни". Названия - результат генерации моей первой примитивной модели "Яшка-ГПТ", так что не удивляйся их странности. Это временно, пока модели на стадии пре-альфа. В общем, мне некогда покидать штаб. Я приму участие в конференции в режиме дополненной реальности.
1062	Quest/ShuMercs/QuestsHQ/Coalition/DefendFromPirateClan/1/QuestIntroFei	Но всё сказанное не является самым значимым! Наиболее важно то, что всей конференции грозит срыв! Дело в том, что работы в области меж-, под- и надпространства тесно связаны с известным нам гиперпространством, и любой успех учёных в этих сферах способен подорвать монополию на технологии гиперпузырей. Как тебе, должно быть, известно, основные владельцы технологии - это гаальцы. Но они раса крайне миролюбивая, и потому с вероятностью 99,74643% не будут препятствовать разработкам других рас. Но есть ещё и Клан! Неизвестно, как, но они получили в свои руки отличную научную и, очень вероятно, техническую базу по технологии сверхсветового путешествия с использованием искусственно генерируемых червоточин. Коалиция на данный момент способна отправлять огромные структуры вроде станций лишь в прямой гиперпереход, тогда как пиратские доминионы способны погружаться в пузыри и выходить из них там, где хочется, а не куда ведёт гипертрасса. Также есть информация, что они могут каким-то образом управлять гиперпространством в границах системы, что объяснило бы сложность в достижении их Скрытого Сектора и вообще его обнаружение. Они не допустят, чтобы кто-то из специалистов приблизился к разгадке их уникальной технологии, являющейся их главным оружием в войне с Коалицией.
1063	Quest/ShuMercs/QuestsHQ/Coalition/DefendFromPirateClan/1/QuestIntroFei	Это не примитивные умозаключения, основанные на предположениях. Разработанный мною супервероятностный анализатор... Нет, я его даже тебе не дам. Он слишком хрупкий для конечностей гуманоидов. Я сам использую электромагнитные бесконтактные манипуляторы, программируя их в режиме онлайн. В общем, супервероятностный анализатор определил, что на систему <TargetStar> будет совершено до нескольких нападений пиратами Клана. Вероятность атак снижается до нуля после <EndDate>, но до тех пор систему необходимо защитить любой ценой! Исследования, обсуждаемые на предстоящей конференции, будут важны на фундаментальном уровне ещё как минимум 256 лет! По этой причине я связался с представителями военного командования Коалиции с предложением оплатить наши услуги по охране. Несмотря на результаты неявного вероятностного прогнозирования, военные согласились сразу же! В том числе и на установленную мной сумму в <Cost> cr. Даже не пришлось использовать глубоко погруженного в управленческие цепочки цифрового фантома майора Взадова. Раньше он был прапорщиком для большей маскировки, но я был вынужден его "повысить" ради необходимых мне секретных... Начальник, смотри! А, уже ушёл. Какие "секреты", начальник? Я говорил о пришедшем к нам контракте от Совета на защиту системы <TargetStar> до <EndDate> за <Cost> кредитов. Ты меня не слушал? Может, у тебя начинается Ака Сециянка? Эта болезнь случается не только лишь у Фэян, немало кто может ей болеть.
1064	Quest/ShuMercs/QuestsHQ/Coalition/DefendFromPirateClan/1/QuestIntroMaloc	Командир, ты как по крику старшины - даже раньше, чем вовремя! Не хочется пользоваться положением... В общем, мой старый армейский товарищ на планету <TargetPlanet> переехал, когда вышел на пенсию. С семьёй, само собой. Такую дачу себе отгрохал! Он такой шашлык из гобзавра умеет жарить, ух! А жена профессиональный повар, маринует мясо лучше, чем на пятизвёздочных станциях! А какие мы вечера устраивали, пока он был холостой!.. Извини, командир, молодость даётся лишь однажды, и память нашу бередит с годами. Что я сейчас?.. Неважно! Дело!
1065	Quest/ShuMercs/QuestsHQ/Coalition/DefendFromPirateClan/1/QuestIntroMaloc	Так вот! Он ушёл на пенсию, но не думаешь ли ты, что настоящий ветеран, прошедший не одну схватку с пиратами, просто так оставит своё призвание? Конечно нет! Рождённый воином малок воином и погибнет!
1066	Quest/ShuMercs/QuestsHQ/Coalition/DefendFromPirateClan/1/QuestIntroMaloc	*Последовал мощнейший громоподобный удар в грудную клетку, от которого комбинезон Вдубаса треснул по швам. Вы почувствовали тёплую струйку, стекающую из уха. Надо будет показаться врачу.
1067	Quest/ShuMercs/QuestsHQ/Coalition/DefendFromPirateClan/1/QuestIntroMaloc	...ираты напасть хотят, представляешь?! Грязные п!..
1068	Quest/ShuMercs/QuestsHQ/Coalition/DefendFromPirateClan/1/QuestIntroMaloc	*О-о-о, здравствуйте!..
1069	Quest/ShuMercs/QuestsHQ/Coalition/DefendFromPirateClan/1/QuestIntroMaloc	...му генерал Ларенег сообщил. Фэянин, щуплый, но голова на месте, и сердце воина имеет! Или сердца? Сколько там у этих гом?..
1070	Quest/ShuMercs/QuestsHQ/Coalition/DefendFromPirateClan/1/QuestIntroMaloc	*Точно, к врачу надо. А Вдубас ещё и забыл, что я просил его говорить шёпотом...
1071	Quest/ShuMercs/QuestsHQ/Coalition/DefendFromPirateClan/1/QuestIntroMaloc	...истема <TargetStar> будет подвергаться атаке до <EndDate>, а потом пираты пойдут на х!..
1072	Quest/ShuMercs/QuestsHQ/Coalition/DefendFromPirateClan/1/QuestIntroMaloc	*Вы периодически перестаёте слышать даже мощное сердце вашего Управляющего. Вам хочется просто прилечь и послушать Моцка Рта, а не вот это всё.
1073	Quest/ShuMercs/QuestsHQ/Coalition/DefendFromPirateClan/1/QuestIntroMaloc	...то решаем, командир? Я не могу бросить товарища! Коалиция, сам знаешь, уже не та! Эти ган!..
1074	Quest/ShuMercs/QuestsHQ/Coalition/DefendFromPirateClan/1/QuestIntroMaloc	*Вы держитесь из последних сил. Вы не можете показать слабость перед подчинённым. Не спать, рейнджер! Вам некогда терять сознание!!!
1075	Quest/ShuMercs/QuestsHQ/Coalition/DefendFromPirateClan/1/QuestIntroMaloc	...переведёт нам <Cost> cr. за помощь из своих личных. Всё честно, командир, ручаюсь! И в Совете его слово до сих пор имеет вес. Выступаем?
1076	Quest/ShuMercs/QuestsHQ/Coalition/DefendFromPirateClan/1/QuestIntroPeople	Шеф, срочное послание от штаба Коалиции! И в этот раз действительно срочное - его подкрепили некоторой суммой кредитов для преодоления очереди на сервере. Небольшое нововведение нашего малыша И`вана, так называемый премиум-доступ. Кажется, он подглядел его у Пашки Дуралеева, но главное, что работает! В данный момент вся прибыль идёт на внутренние расходы, но кто знает, быть может мы сможем на этом раскрутиться и выйти в плюс.
1077	Quest/ShuMercs/QuestsHQ/Coalition/DefendFromPirateClan/1/QuestIntroPeople	В общем, флот предлагает нам выгодный контракт по обороне одной из их систем. На рынке металла сложилась очень грустная картина, цены растут как на дрожжах. В совете флота придумали решить эту проблему массированным ударом по пиратскому флоту с дальнейшим сбором обломков и оборудования, и лучшей тактикой выбрали оборонную. Используя Телеграфф, они вышли на одного из баронов и в самых нелицеприятных словах вызвали в нём ярость. Там и про прогулки с матерью, и про место, возле которого он должен быть, и про то, какой именно птицей он является - полный набор! Но набор оказался даже с перебором, и штаб Флота сомневается, что сможет выдержать готовящуюся по данным разведки атаку. По этой причине они обратились к нам.
1078	Quest/ShuMercs/QuestsHQ/Coalition/DefendFromPirateClan/1/QuestIntroPeople	Атаке будет подвергнута система <TargetStar>. Её необходимо будет оборонять до <EndDate> - к этому сроку на месте ряда заповедных лесов будут построены добывающие карьеры, что вернёт добычу руды на докризисный уровень. За удержание системы от потери управления нам обещают неплохую сумму, хотя жадный флотовой менеджер так не хотел расставаться с каждой копейкой, что пришлось использовать те же самые выражения, которыми они злили пиратов. Зато удалось выбить аж <Cost> кр., что на 56% выше, чем просят конкуренты! К слову, попрошу тебя особо не усердствовать в обороне. Я неплохо вложился в постройку новых добывающих производств, и будет слегка жаль, если леса вырубят просто так - деньги мне никто не вернёт, если инициатива вдруг сорвётся.
1079	Quest/ShuMercs/QuestsHQ/Coalition/DefendFromPirateClan/1/QuestNeedToThinkPlayer	Мне надо подумать
1080	Quest/ShuMercs/QuestsHQ/Coalition/DefendFromPirateClan/1/QuestNoteFailed	Контракт провален. Система <TargetStar> была захвачена пиратскими силами. Совет крайне разочарован вашей неудачей.
1081	Quest/ShuMercs/QuestsHQ/Coalition/DefendFromPirateClan/1/QuestNoteInProcess	Контракт в процессе выполнения. Вам необходимо отбивать все атаки противника на систему <TargetStar> вплоть до истечения указанного срока.
1082	Quest/ShuMercs/QuestsHQ/Coalition/DefendFromPirateClan/1/QuestNoteSuccess	Контракт выполнен. Пиратское наступление на систему <TargetStar> было успешно отбито. Совет благодарит вас за отличную работу!
1083	Quest/ShuMercs/QuestsHQ/Coalition/DefendFromPirateClan/1/QuestNoteTitle	Контракт на охрану системы <TargetStar> от <color=255,240,100>пиратского</color> налёта
1084	Quest/ShuMercs/QuestsHQ/Coalition/DefendFromPirateClan/1/QuestNoteTitleReward	Награда за выполнение: <Cost> cr. и <Reputation> очков <color=255,240,100>репутации Совета</color>
1101	Quest/ShuMercs/QuestsHQ/PirateClan/AttackCoalition/1/AttackersGreeting	Чёртовы наёмники, только вас-то нам здесь только и не хватало!
1103	Quest/ShuMercs/QuestsHQ/PirateClan/AttackCoalition/1/GalaxyNewsAfterWin	Источники из военного ведомства Коалиции подтвердили, что сегодня, при поддержке организации "<clr><PlayerOrgName>"<clrEnd>, пиратами была захвачена система <TargetStar>. Совет Коалиции призывает местных жителей не терять надежды и ждать скорейшего освобождения от гнёта проклятых оккупантов, а также выразил обеспокоенность активным выступлением организации "<clr><PlayerOrgName>"<clrEnd> на стороне пиратского клана.
1108	Quest/ShuMercs/QuestsHQ/PirateClan/AttackCoalition/1/QuestAccepted	Понял, босс! Отправлю <clr>Голубенко<clrEnd>, пусть сообщит. Интересно, а если его с этим дохлым Щещьтёйкой на ринг выпустить, кто кого, а?.. Ладно, а-а-атставить разговорчики, понял, босс! Приказ парням отправлен, и я бы поставил на нашего!
1109	Quest/ShuMercs/QuestsHQ/PirateClan/AttackCoalition/1/QuestAcceptedFei	Будет выполнено, начальник! Вернее, уже выполнено 2,37 секунды назад. Уже 4,14 секунды назад. 6,43... 7,12...
1110	Quest/ShuMercs/QuestsHQ/PirateClan/AttackCoalition/1/QuestAcceptedFei	А ещё если у тебя грязные элементы управления кораблём, то у нас же есть собственная кораблемойка. Ты только скажи, и мне потребуется меньше секунды, чтоб оставить заказ на химчистку твоего корабля как снаружи, так и внутри.
1111	Quest/ShuMercs/QuestsHQ/PirateClan/AttackCoalition/1/QuestAcceptedMaloc	Никаких эксцессов в рабочее время, командир, я за этим слежу! <clr>Передаст<clrEnd>, мальчик мой, лети к заказчику, говори, что согласны. Только будь осторожен, с незнакомцами по пути не разговаривай, кто этих пиратов знает?
1112	Quest/ShuMercs/QuestsHQ/PirateClan/AttackCoalition/1/QuestAcceptedMaloc	Бойцы! Прогревай движки!
1113	Quest/ShuMercs/QuestsHQ/PirateClan/AttackCoalition/1/QuestAcceptedPeople	Понял, шеф, бойцам даю команду на вылет. А зачем мне самому передавать? Пусть Макс посмотрит на настоящего пирата!
1114	Quest/ShuMercs/QuestsHQ/PirateClan/AttackCoalition/1/QuestAcceptedPlayer	Скажи, что я даю добро. Начинай подготовку к операции.
1115	Quest/ShuMercs/QuestsHQ/PirateClan/AttackCoalition/1/QuestAcceptedPlayerFei	Ты чертовски прав! Пусть придётся замарать руки, но мы согласимся. Принимай контракт!
1116	Quest/ShuMercs/QuestsHQ/PirateClan/AttackCoalition/1/QuestAcceptedPlayerMaloc	Тёплое отношение пиратов может пригодиться. Поднимай народ, Вдубас, и выбери самых нейтрально настроенных. Нам эксцессы не к чему.
1117	Quest/ShuMercs/QuestsHQ/PirateClan/AttackCoalition/1/QuestAcceptedPlayerPeople	Передай решале положительный ответ. Берёмся!
1118	Quest/ShuMercs/QuestsHQ/PirateClan/AttackCoalition/1/QuestDeclined	Сделаем, босс. Пойду пошлю посланников пойти полететь подальше поскорее. О как, я почти что гаальский поэт! Но классика всегда лучше. Гоп-стоп, мы подлетели не спеша, гоп-стоп, мы тормознули торгаша...
1119	Quest/ShuMercs/QuestsHQ/PirateClan/AttackCoalition/1/QuestDeclinedFei	Насчёт профессионалов я бы устроил с тобой научный дискурс, но как скажешь, оспаривать твои задачи не буду. Также я не понял, чего ты боишься. Каннибалов среди пиратов я массово не наблюдал, да и твоя рука влезет только в пасть малока, которые не являются абсолютным большинством. Шанс на такой исход меньше одного процента!
1120	Quest/ShuMercs/QuestsHQ/PirateClan/AttackCoalition/1/QuestDeclinedMaloc	Туда их! Порко мадонна, диум песто пер бако кастелло!!! Дене брано хемаре, инчес арвестих, цхам дураля!!! Прости, командир, погорячился. Но раз они уже не наши клиенты, то можно позволить!
1121	Quest/ShuMercs/QuestsHQ/PirateClan/AttackCoalition/1/QuestDeclinedPeople	Это смотря где искать, шеф. Я одно время занимался продажей счастья во всех его проявлениях. Выгодный бизнес, и гуманоиды радуются - всем хорошо. У меня остались ссылки в галанете, нужно?
1122	Quest/ShuMercs/QuestsHQ/PirateClan/AttackCoalition/1/QuestDeclinedPlayer	И всё же он тоже мерзкий. Передай им наш отказ.
1123	Quest/ShuMercs/QuestsHQ/PirateClan/AttackCoalition/1/QuestDeclinedPlayerFei	КОЗ - профессионалы, а с пиратами работать опасно, сунешь палец - откусят руку по локоть!
1124	Quest/ShuMercs/QuestsHQ/PirateClan/AttackCoalition/1/QuestDeclinedPlayerMaloc	Отказываюсь! В смысле, не приказать. Приказывать кому-то всегда было моей мечтой. Сила, власть, безнаказанность, ух!.. Задание брать отказываюсь, пусть разбираются сами.
1125	Quest/ShuMercs/QuestsHQ/PirateClan/AttackCoalition/1/QuestDeclinedPlayerPeople	За деньги не купишь счастье, друг мой Серго... Откажи решале, сейчас это нам не интересно.
1126	Quest/ShuMercs/QuestsHQ/PirateClan/AttackCoalition/1/QuestIntro	Босс! Ты как нельзя вовремя! Несколько дней назад прибыли посланники Клана. Какой-то матёрый вышибала без половины зубов и бедняга в ужасном физическом состоянии, которого Матёрый - он просто не изволил представиться, видите ли! - звал "Щещьтёйка". Они принесли устройство с видеозаписью специально для тебя. Но как однажды в детстве сказала Чеквуша, ловко выкрав мой подборщик кодов для чужих терминалов: "нужно делиться!" Вот ты и поделился со мной, босс, ха-ха! Но увы, одному смотреть страшно - там такой жуткий тип... Словно из фильма "Не свой" с Сигарни Шифер! Итак, вывожу запись на экран...
1128	Quest/ShuMercs/QuestsHQ/PirateClan/AttackCoalition/1/QuestIntro	Так... Этот не тот, рано. Этот вот тоже мерзкий, но терпимо, сейчас...
1130	Quest/ShuMercs/QuestsHQ/PirateClan/AttackCoalition/1/QuestIntro	Бу! Испугался?! Ха, я пошутил, там простой фэянин. Ладно, слушай, что он хочет.
1132	Quest/ShuMercs/QuestsHQ/PirateClan/AttackCoalition/1/QuestIntro	"Доброго времени галасуток, <Player>. Вкратце обрисую вам ситуацию.
1133	Quest/ShuMercs/QuestsHQ/PirateClan/AttackCoalition/1/QuestIntro	Клану необходимо срочно получить контроль над системой <TargetStar>. Зачем - вас не касается. Клану нужна стопроцентная гарантия успеха, а в подобных вопросах надеяться на наших раздолбаев дело гиблое. Несколько проверенных рубак будет ожидать ваших парней в системе <BeginStar>, откуда вы и нанесёте решительный удар по системе <TargetStar>.
1134	Quest/ShuMercs/QuestsHQ/PirateClan/AttackCoalition/1/QuestIntro	Захватить систему необходимо строго до <EndDate>. В случае успеха вы получите благодарность клана в размере <Cost> cr., а также мой собственный положительный отзыв. И не слишком задерживайтесь с ответом - братство не любит ждать."
1136	Quest/ShuMercs/QuestsHQ/PirateClan/AttackCoalition/1/QuestIntro	Наглый же, пенчекряк его обглодай... "Не любит ждать", как же. Пока доминаторы не начали утюжить Коалицию, именно что сидели и ждали, трусы. Так какой ответ передать этим, кто запись принёс?
1137	Quest/ShuMercs/QuestsHQ/PirateClan/AttackCoalition/1/QuestIntroFei	Привет, начальник. Ты знаешь о такой болезни как Повидло-2019? Правильное название СТАРС-ПоВ-2. У него ещё имеется множество штаммов, самый известный из которых "юникрон". Это не самая страшная из современных болезней со смертностью всего лишь от 7,123456% до 12,345678% в зависимости от конкретной расы, но её заразность феноменальна! По предварительным расчётам, тысячи заражённых гуманоидов на одной планете будет достаточно для того, чтобы вся галактика в течение десятка лет оказалась подвержена заболеванию! И, что самое ужасное - именно такое количество заражённых по закрытым от общественности данным КОЗ вот-вот соберётся в системе <TargetStar>! И тогда никакие карантины, никакие скафандры, никакая самоизоляция не спасёт галактику! КОЗ готовится принять меры, но зная их уровень перестраховки в вопросах здравоохранения и прав разумных гуманоидов, они не пойдут на какие-то радикальные меры, и с вероятностью, близкой к единице, просто попросят граждан оставаться дома и носить респираторы. Уверяю тебя, начальник, это не сработает, я проанализировал все данные по эпидемиям, начиная с события "Вкусной Летучей Мыши", произошедшей на Земле более тысячелетия назад.
1138	Quest/ShuMercs/QuestsHQ/PirateClan/AttackCoalition/1/QuestIntroFei	Но выход есть! Если всё равно невозможно полностью ограничить социальную деятельность гуманоидов, то почему бы не направить эту деятельность в абсолютно деструктивном направлении? Анархия, разбой, грабежи, массовые беспорядки - сделать так, чтобы заражённые сами истребили друг друга! Если ты скажешь, что это жестоко, я скажу тебе "оао ыаыуары атим ылфшво". В сложившейся ситуации мои слова имеют столько же смысла, как и твоё возможное мнение. КОЗ никогда не отличалась эффективностью в своей деятельности, а значит, что без радикальных методов под угрозу ставится вся обитаемая галактика! А ведь одним из постповидлых последствий является снижение когнитивных функций! Я не могу позволить моему гению пропасть из-за кучки гуманоидов, не думающих об окружающих!!!
1139	Quest/ShuMercs/QuestsHQ/PirateClan/AttackCoalition/1/QuestIntroFei	Прости, начальник, общение с примитивными в эмоциональном плане гуманоидами даёт о себе знать... Так вот, анархия. Как её достичь эффективнее и быстрее всего? Отдать систему Клану! Я предложил им наши услуги по захвату системы <TargetStar>, для гарантии использовав своего цифрового фантома прапорщика Взадова, который крепко сидит в протестантстве Совета Коалиции, и "выдал" "секретные" "данные" о том, что система "не защищена" и "очень выгодна". Им это предложение оказалось интересно. Конечно, им любое подобное предложение будет интересно, они живут по принципу "лишь бы побольше, а там разберёмся", потому совершенно без разницы, что захватывать. Мы договорились на сумму в <Cost> cr., что я считаю чертовски малой суммой для спасения моего интеллектуального потенциала, а заодно и всех разумных гуманоидов, но в ходе диалога я выяснил, что интеллект пиратского командования столь низок в среднем значении, что вообще не заметит постповидлых последствий, потому данный аргумент даже не стал использовать. По итогу у нас на руках выгодный в финансовом лично для нас и полезный всего галактического рукава в интеллектуальном плане контракт. Но необходимо спешить, начальник, критическая численность носителей Повидло-2019 будет достигнута в 14:37 по общегалактическому в <EndDate>. Если мы не успеем, то рискуем потерять десятилетия интеллектуальной эволюции!
1140	Quest/ShuMercs/QuestsHQ/PirateClan/AttackCoalition/1/QuestIntroFei	Ну и мерзкий же тип, а? Что мне ему ответить, босс?
1141	Quest/ShuMercs/QuestsHQ/PirateClan/AttackCoalition/1/QuestIntroMaloc	Командир, Клан предлагает контракт. Необходимо захватить... систему Коалиции. Как мне не хочется работать с пиратами, тем более против Коалиции... Но коли назвался Дракаром - полезай в военный корабль! Знал, на что летел, понимал, что не одними добрыми делами наёмники промышляют.
1142	Quest/ShuMercs/QuestsHQ/PirateClan/AttackCoalition/1/QuestIntroMaloc	В общем, этим... прохвостам - не будем обзывать возможных клиентов - позарез необходима система <TargetStar>. Никто мне не сказал, зачем им именно она, только начали ругаться, когда я спросил. Со времён учебки таких грязных и красивых выражений не слышал! Наш сержант Рит Вратарский слезу бы пустил! По старой памяти могу предположить, что система удобна для промежуточных гиперпереходов. Торговцы, пассажирские перевозки да и просто туристы - космический трахик на уровне столичных систем! Правильно говорить "трафик"? Виноват, командир, исправлюсь! В общем, стратегически важная точка. Нас в учебке сам Суровов драконил, так что лекции в голове до сих пор всплывают. В кошмарах, в основном, но всё же! По крайней мере, ни о каких казино с ятзи и падшими гуманоидками в этой системе я не слышал.
1143	Quest/ShuMercs/QuestsHQ/PirateClan/AttackCoalition/1/QuestIntroMaloc	Важность системы может подчеркнуть не только крайнее нежелание говорить о ней, но и срочность с наградой - захват должно осуществить не позднее <EndDate> года, иначе даже об отступных речи не будет, зато в случае успеха мы получаем <Cost> грязных, наверняка окровавленных пиратских кредитов. Уважение Клана тоже обеспечено. Хотя какое там уважение? Плазменный нож в спину даже лучшему другу воткнут, если это будет выгодно! Я этих денег не хочу, я этих денег не жду, но командир здесь ты. Приказывай!
1144	Quest/ShuMercs/QuestsHQ/PirateClan/AttackCoalition/1/QuestIntroPeople	Шеф, пришло послание от менеджера по общественным связям пиратского Клана, или, как он сам себя назвал, решалы. В общем, данный "решала" связался с нами для решения одного щепетильного вопроса - нападения для последующего захвата на систему Коалиции. Квалификация данного субъекта оставляет желать лучшего, конечно, но основную информацию он донести сумел. Вследствие ряда обстоятельств, следственный отдел Коалиции сумел накрыть несколько клановых притонов и захватить немалый фонд общих денежных средств и материальных ценностей. По информации, доступной Клану, данный "общак" как раз находится в одном из федеральных хранилищ где-то в системе <TargetStar>. Из-за отсутствия точных указаний, пираты не могут совершить рейдерский налёт, а своих сил на захват и последующую блокаду системы у них не хватает. Я навёл некоторые справки по группировке, которую представляет "решала" и примерно подсчитал, какие накопления у них могли быть, так что выторговал для нас отличную сумму за данный контракт в размере <Cost> кр. При условии, конечно, что мы справимся с захватом до <EndDate>.
1145	Quest/ShuMercs/QuestsHQ/PirateClan/AttackCoalition/1/QuestIntroPeople	Ты можешь возмутиться, конечно, как это так рейнджер - и пиратам помогает, но отношения ведь приходят и уходят, а кредиты на счету остаются. К тому же И`вану очень нравятся пираты как концепция, говорит, иногда лучше "Пиратская Бухта", чем преодолевать миллионы подписок на сервисы. Порадуем мальца, шеф?
1146	Quest/ShuMercs/QuestsHQ/PirateClan/AttackCoalition/1/QuestNeedToThinkPlayer	Мне надо подумать
1147	Quest/ShuMercs/QuestsHQ/PirateClan/AttackCoalition/1/QuestNoteFailed	Контракт провален. Ваша организация не уложилась в установленный срок. Клан крайне разочарован вашей неудачей.
1148	Quest/ShuMercs/QuestsHQ/PirateClan/AttackCoalition/1/QuestNoteInProcess1	Контракт в процессе выполнения. Необходимо объединиться с пиратскими силами на планете <BeginPlanet> в системе <BeginStar>, после чего нанести совместный удар по системе <TargetStar>. Захватить систему необходимо до истечения указанного срока.
1149	Quest/ShuMercs/QuestsHQ/PirateClan/AttackCoalition/1/QuestNoteInProcess2	Контракт в процессе выполнения. Необходимо захватить систему <TargetStar> до истечения указанного срока.
1150	Quest/ShuMercs/QuestsHQ/PirateClan/AttackCoalition/1/QuestNoteSuccess	Контракт выполнен. Система <TargetStar> перешла под контроль <color=255,240,100>пиратского клана</color>. Оплата в размере <Cost> cr. переведена на счёт вашей организации. Клан благодарит вас за отличную работу!
1151	Quest/ShuMercs/QuestsHQ/PirateClan/AttackCoalition/1/QuestNoteTitle	<color=255,240,100>Пиратский</color> контракт на захват системы <TargetStar> (<color=255,240,100>Коалиция</color>)
1152	Quest/ShuMercs/QuestsHQ/PirateClan/AttackCoalition/1/QuestNoteTitleReward	Награда за выполнение: <Cost> cr. и <Reputation> очков <color=255,240,100>репутации клана</color>
1154	Quest/ShuMercs/QuestsHQ/PirateClan/AttackCoalition/1/SupportGreeting	Начальник, ты не очкуй. Всё путём будет - нам не впервой на это дело ходить.
1155	Quest/ShuMercs/QuestsHQ/PirateClan/AttackCoalition/1/SupportGreetingAfterWin	Я ж говорил, что всё выгорит, а ты не верил! Знатная заруба вышла - будет теперь чё браткам рассказать.
1156	Quest/ShuMercs/QuestsHQ/PirateClan/AttackCoalition/1/SupportGreetingAfterWin	Кстати, мистер <clr>Ву<clrEnd> поставил вашей конторе аж целых четыре звезды на <clr>"Мерканавте"<clrEnd>, а это дорогого стоит.
1157	Quest/ShuMercs/QuestsHQ/PirateClan/AttackCoalition/1/SupportGreetingWhileBattle	Делай свою работу и не отвлекай меня!
1158	Quest/ShuMercs/QuestsHQ/PirateClan/AttackCoalition/1/SupportOnMeeting	Хм, вроде ребята матёрые, может чё-то даже и выгорит. Зря, видать, мистер <clr>Ву<clrEnd> кипеш наводил. Ну чё народ, пушки проверяем - движки прогреваем, а затем вперёд и с песней!
1161	Quest/ShuMercs/QuestsHQ/PirateClan/AttackCoalition/1/SupportOnPlayerAttack	Шо?! По своим стрелять!!? Да шли бы вы к девияблу с такими закидонами!
1162	Quest/ShuMercs/QuestsHQ/PirateClan/AttackCoalition/1/SupportOnPlayerAttack	Эй, братва - вали петухов!
1170	Quest/ShuMercs/QuestsHQ/PirateClan/AttackDominators/1/GalaxyNewsAfterWin	Бойцы пиратского клана, совместно с наёмниками из организации <clr>"<PlayerOrgName>"<clrEnd>, недавно провели блестящую операцию по освобождению системы <TargetStar> от доминаторских агрессоров. Тем не менее, военные аналитики Коалиции выражают обеспокоенность привлечением пиратским кланом дополнительных сил третьей стороны.
1177	Quest/ShuMercs/QuestsHQ/PirateClan/AttackDominators/1/QuestAccepted	Да, босс! Выберу лучших из наших парней для операции и заставлю <clr>Голубенко<clrEnd> кровь из жабр, но договориться с Ицзибитом, чтобы тот взял корабль мелкой к себе на прокачку!
1178	Quest/ShuMercs/QuestsHQ/PirateClan/AttackDominators/1/QuestAcceptedFei	Фонари под глазами? А что, очень практично! Подключить их через нейроинтерфейс, поставить диафрагмовые регулируемые рефлекторы, теплоотводные радиаторы... Мне всё равно не ясно, зачем для этого нужно быть в состоянии опьянения и участвовать в драках, но предположу, что у Клана трудности с анестетиками при проведении операций по имплантации. Гениально!
1179	Quest/ShuMercs/QuestsHQ/PirateClan/AttackDominators/1/QuestAcceptedFei	Ах, да, приказ нашим бойцам готовить корабли к взлёту уже отправлен, начальник, не беспокойся.
1180	Quest/ShuMercs/QuestsHQ/PirateClan/AttackDominators/1/QuestAcceptedMaloc	Так точно, командир! Глядишь, и узнаем немного об этой их СэЦэПэ и этом Лестере. <clr>Передаст!<clrEnd> В этот раз тебе передавать ничего не надо, вся связь только по особому каналу. Иди бахни янвелба, заслужил!
1181	Quest/ShuMercs/QuestsHQ/PirateClan/AttackDominators/1/QuestAcceptedMaloc	Бойцы, хорош жрать сивуху в баре! Время зарабатывать на солидную выпивку! По машинам!!!
1182	Quest/ShuMercs/QuestsHQ/PirateClan/AttackDominators/1/QuestAcceptedPeople	Да, шеф! Будем ковать железо, пока горячо! Бойцы в готовности "ноль", я не сомневался в твоём решении! Так, снова эти звонят!
1184	Quest/ShuMercs/QuestsHQ/PirateClan/AttackDominators/1/QuestAcceptedPeople	Радуйтесь, паскуды, мы приняли ваше... Макс? Это ты?! Сумел сбежать? Так, выиграл в карты гору разного металлолома, получил доступ к мастерской, изготовил себе бронескафандр и прорвался с боем... Грязно сработано, И`ван, в деле экономиста главное оружие - дипломатия и политика! Возвращайся скорее, тебя ждёт гора бумажной работы.
1186	Quest/ShuMercs/QuestsHQ/PirateClan/AttackDominators/1/QuestAcceptedPeople	Хух! Ложная тревога, шеф! Ты не говори И`вану, как сильно я за него переживал, а то он расслабится и будет плохо учиться. Вон, сам слышал, не иначе с тебя пример взял, начав вооружённое столкновение с превосходящими силами противника. А ещё такое дело... Отказаться от контракта уже не выйдет. Это повлечёт потерю репутации, мы лишимся прибыли... а ещё я заплатил парням дополнительный бонус со своего личного счёта. Для мотивации. Я буду плакать, если данные инвестиции не окупятся.
1187	Quest/ShuMercs/QuestsHQ/PirateClan/AttackDominators/1/QuestAcceptedPlayer	Берёмся! Если дело выгорит - возьми себе премию, купи племяшке новое бронепокрытие.
1188	Quest/ShuMercs/QuestsHQ/PirateClan/AttackDominators/1/QuestAcceptedPlayerFei	Уверен, что самые яркие фонари на пиратском празднике - это те, что под глазами после пьяных драк. Отправляй согласие, поможем молодёжи повеселиться.
1189	Quest/ShuMercs/QuestsHQ/PirateClan/AttackDominators/1/QuestAcceptedPlayerMaloc	А это интересно... Если он шишка, то и слово за нас перед Кланом замолвить может, да деньги неплохие. Берёмся!
1190	Quest/ShuMercs/QuestsHQ/PirateClan/AttackDominators/1/QuestAcceptedPlayerPeople	Понял тебя, готовь всё, что надо, вылетаем немедленно!
1191	Quest/ShuMercs/QuestsHQ/PirateClan/AttackDominators/1/QuestDeclined	Ха! Ух, умеешь пошутить, босс! Спасибо, отпустило. Я скажу пиратам, что мы отказываемся. Что-нибудь ещё от меня требуется?
1192	Quest/ShuMercs/QuestsHQ/PirateClan/AttackDominators/1/QuestDeclinedFei	Начальник, среди известных разумных рас нет ни драконов, ни существ из золота. В отношении биологии людей мне известно понятие "золотой дождь", но не совсем уверен, что оно относится к твоим словам. Можешь объяснить, что ты имел в виду?
1193	Quest/ShuMercs/QuestsHQ/PirateClan/AttackDominators/1/QuestDeclinedMaloc	Хорошо, командир, я понял.
1194	Quest/ShuMercs/QuestsHQ/PirateClan/AttackDominators/1/QuestDeclinedMaloc	Бойцы! Продолжайте жрать сивуху со слезами на глазах, сегодня отдыхаем!
1195	Quest/ShuMercs/QuestsHQ/PirateClan/AttackDominators/1/QuestDeclinedPeople	Я... понимаю, шеф. Данные об оснащении наших бойцов изучил наизусть, так что я не... Так, снова эти звонят!
1197	Quest/ShuMercs/QuestsHQ/PirateClan/AttackDominators/1/QuestDeclinedPeople	Серго слушает, мрази! Если с И`ваном!.. Макс? Это ты?! Сумел сбежать? Так, выиграл корабль главаря в карты, обыграл охранника на желания и заставил провести экскурсию, обдурил дежурного по ангару, представившись новым паханом... Да ты ж моя умничка! Без шуму и пыли, стервец! Жду, у тебя накопилась работа, не мне же её разгребать!
1199	Quest/ShuMercs/QuestsHQ/PirateClan/AttackDominators/1/QuestDeclinedPeople	Хух! Ложная тревога, шеф, всё в порядке! И это... не говори ему, как сильно я переживал, это может повредить его карьерному росту.
1200	Quest/ShuMercs/QuestsHQ/PirateClan/AttackDominators/1/QuestDeclinedPlayer	Откажемся. А вдруг правда? Соберутся Кланы в один Мега-Клан и прикроют нашу организацию за ненадобностью!
1201	Quest/ShuMercs/QuestsHQ/PirateClan/AttackDominators/1/QuestDeclinedPlayerFei	Да ну их к Махпелле! Не для того меня кураторы в учебке драконили, чтоб я под дудку золотой молодёжи плясал. Отказываюсь!
1202	Quest/ShuMercs/QuestsHQ/PirateClan/AttackDominators/1/QuestDeclinedPlayerMaloc	А это интересно... Но, пожалуй, ты прав, мутный гуманоид. Что он там может наизобрести, получив нужные ресурсы - одной Махпелле известно! Откажи, не будем рисковать светлым будущим.
1203	Quest/ShuMercs/QuestsHQ/PirateClan/AttackDominators/1/QuestDeclinedPlayerPeople	Прости, Серго... У нас на это не хватит сил, мы лишь потеряем людей...
1204	Quest/ShuMercs/QuestsHQ/PirateClan/AttackDominators/1/QuestIntro	Есть один контракт от пиратов Клана. Их умельцы засекли странный сигнал, исходящий из системы <TargetStar>, которая сейчас захвачена доминаторами. Эти клановые умники считают, что на планете <TargetPlanet> мог остаться один из тайников самого <clr>Рачехана<clrEnd>. Содержимое совершенно неизвестно, и чем вообще может быть полезна рухлядь трёхвековой давности, они и сами не ответят, однако в народе ходит старая байка. На самом деле тайников всего восемь, и только найдя все из них, получится пройти какую-то игру и полноценно воссоздать историю становления клана. Главари пиратов рассчитывают таким образом поднять боевой дух своих головорезов, сплотить вокруг общей цели, да и просто прекратить постоянные споры о том, как зародилась их шайка. Знаешь, а вообще не забивай себе этим голову. Я подобные истории рассказывал Чеквушечке, когда сестра уходила на разбой и оставляла мелкую мне. Эх-х, Чикураша... Кто же знал, что у этой туалетной пиявки на дырявой рухляди такое вооружение? Я ведь предлагал ей взять сканер мощнее! А она всё копила на корпус в подарок дочери... Извини, босс, даже такой циничный мошенник, как я, иногда может дать волю чувствам. Ну, ладно...
1205	Quest/ShuMercs/QuestsHQ/PirateClan/AttackDominators/1/QuestIntro	От нас требуется... просто помочь клану установить контроль над системой, чтобы обеспечить безопасность раскопок. Обнаруженный сигнал слабеет с каждым днём, и... отследить его с гарантией будет возможно лишь до <EndDate>, после... чего он, как предполагают в Клане, исчезнет. Нам предлагают оплату в... размере <Cost> cr. в случае успеха операции. Предварительная встреча... с отрядом Клана должна состояться в системе <BeginStar>, где наши парни... смогут дозаправиться и... по необходимости перезарядить пушки...
1206	Quest/ShuMercs/QuestsHQ/PirateClan/AttackDominators/1/QuestIntroFei	Привет, начальник. Каково твоё отношение к традиционным праздникам? Лично моё - абсолютно негативное! Да и не мнение это вовсе, а математический расчёт. Знаешь, сколько современных праздников, которые делают выходным днём, в среднем приходится на одну расу? 26,456! Если округлить, то 26 дней в году никто ничего не делает! Колоссальная потеря трудочасов! Даже моя родная фэянская раса, вступив в галактическую Коалицию, не избежала этой участи. Какой позор! Ненавижу, чёрт возьми, праздники! Что? С вами, не-фэянами, пообщаешься - не такой лексике научишься! Некоторые, как оказалось, совершенно не понимают разумную речь с высокой долей интеллектуальности и научных знаний. Им понятен лишь жаргон! Третье тысячелетие, какой ужас... Приходится каждый день изучать словари по типу известного "Пиратский базар: что это за слово?!" или "С каких выражений заходить в хату, чтоб не опустили почки".
1207	Quest/ShuMercs/QuestsHQ/PirateClan/AttackDominators/1/QuestIntroFei	Итак, о чём я? Дело в том, что у Клана на некоторых планетах устраивают такой праздник, как "X-Alloy-In". Максимально неразумная традиция поклонения всему неживому - механизмам, машинам, транклюкаторам, а с недавнего времени ещё и доминаторам. Гуманоиды надевают на себя различные атрибуты технической направленности и даже полноценные роботизированные скафандры, ходят друг к другу в гости, в шутку угрожая при этом "наркотики в мешок или вибропером в бок". Также одним из атрибутов празднования является так называемая "корпусная голова" или же "фонарь ЖЭКа" - гуманоиды используют различные корпусные элементы, вырезают в них лазером глаза и пасть, помещают туда плазменную лампу и выставляют... да вообще везде, куда можно выставить! Я уже говорил, что традиция максимально далека от понятия "разумная"? Десятки гигаватт энергии тратится за несколько суток только на одной планете! И для чего? Испытать временное чувство связи с современной киберсферой? Так установите себе имплант или биомодуль! Кроме того, сейчас, с приходом доминаторов, "фонарь ЖЭКа" повысил свою популярность уже на 67 процентных пунктов! А почему? Молодые, только что вступившие в клан, гуманоиды стараются делать "фонари" из самых настоящих корпусов доминаторов, а не из коалиционных изделий! Но на свалке ошмёток доминатора ты не найдёшь, а покупка даже обрезка топливной трубки может обойтись в цену жилья на столичной планете. Соответственно, каждый, у кого "фонарь" сделан из настоящего доминатора, пользуется невероятным уважением.
1208	Quest/ShuMercs/QuestsHQ/PirateClan/AttackDominators/1/QuestIntroFei	Вследствие всего вышесказанного, к нам обратилась группа молодых членов Клана, дети ханов, атаманов и паханов. Рынок доминаторского металлолома в данный момент пуст, а парням необходимо выделиться в глазах остальных членов своего криминального общества. Заказчики подготовили ударную группу из своих для захвата системы <TargetStar>, но в случае неудачи и больших потерь их, скорее всего, отстранят от пиратского бизнеса, поэтому для усиления и повышения шансов на успех нам и предложили контракт. Предлагают <Cost> cr. в том случае, если операция будет завершена успехом, а главное - в срок, до <EndDate>. Через полгода после этой даты наступает тот самый "X-Alloy-In". За это время заказчики планируют успеть собрать корпусные детали с уничтоженных доминаторов, обработать под "фонари" и успеть вернуться на свои родные планеты.
1209	Quest/ShuMercs/QuestsHQ/PirateClan/AttackDominators/1/QuestIntroFei	Лично я против того, чтобы столь колоссальное количество энергоресурсов использовали для... Да я даже не понимаю, для чего! Мои модели ломаются при попытке выяснить данный вопрос! Но даже без доминаторских деталей празднование всё равно состоится, так что принципиальной разницы нет. В случае отказа нам удастся сэкономить для обитаемой галактики не более 0,00001 процента энергии. Решать тебе, начальник.
1210	Quest/ShuMercs/QuestsHQ/PirateClan/AttackDominators/1/QuestIntroMaloc	Командир! Очень странный документ получил. Слушай, что пишут. Меня зовут Лестер, данные удалены, для пиратского Клана. Основанная мной промышленная компания SCP-8000 специализируется на, данные удалены, с применением, данные удалены. У меня критическая нехватка доминаторских компонентов, особенно, данные удалены, и, данные удалены. Сбор компонентов после боёв в коалиционных системах затруднён по причине, данные удалены... Да ну его! В общем, этот некий Лестер предлагает нам присоединиться к пиратской атаке на доминаторскую систему. Он не уверен - и я не могу его винить -, что "бравые" клановые "вояки" сумеют справиться с доминаторами, а ему необходима полностью безопасная система, в которой можно спокойно собрать какие-то ошмётки. Я так понял, он у них весьма большая промышленная шишка, и в данный момент разрабатывает некое специальное вооружение для них. По своим армейским товарищам пробил - никто ничего не знает о нём. Вроде как это фэянин, когда-то давно преподававший по предмету "строительство астроинженерных сооружений в условиях ограниченных масштабов". Есть сведения о том, что существует прототип миниатюрной функциональной сферы Дайсона, им разработанной. Мутный тип, в общем, но гениален как сразу десяток фиолетовых хиляков, это даже я понимаю. И очень скрытен, в документе проще перечислить то, что не подверглось цензуре, чем наоборот!
1211	Quest/ShuMercs/QuestsHQ/PirateClan/AttackDominators/1/QuestIntroMaloc	Цель атаки - система <TargetStar>. Почему именно эта? Спросить бы у него лично... Судя по всему, его текущий проект должен быть готов не позже, чем в <EndDate> году, ведь именно эту дату он обозначил крайней, если мы возьмёмся за контракт. В награду за поддержку его товарищей он пообещал нам <Cost> cr. Деньги на счёт только при успехе операции. Никаких авансов, никаких командировочных. Дозаправку, возможный мелкий ремонт, закупку боекомплекта на планете <BeginPlanet>, где назначена встреча со штурмовой группировкой, нашим ребятам придётся делать за свой счёт.
1212	Quest/ShuMercs/QuestsHQ/PirateClan/AttackDominators/1/QuestIntroMaloc	Эх-х!.. Не хочется такого говорить, но я не против помочь этому задохлику. Пока Коалиция сидит сложа руки или увязает в междоусобицах, Клан вовсю бьёт доминаторов. Благое дело, в котором наша организация может подсобить. А с пиратами можно разобраться позже! Так что решаешь, командир?
1213	Quest/ShuMercs/QuestsHQ/PirateClan/AttackDominators/1/QuestIntroPeople	Шеф, всё пропало! Всё пропало!!! Моя кровинушка, мой родненький, мой преемничек И`ван!.. Его похитили! Чёртовы пираты! И теперь ставят мне условия! Требуют, чтобы мы отбили у них одну из систем под контролем доминаторов, и положением своим пользуются по полной, скоты! Никакой информации о кораблях противника, о его вооружении, количестве и прочем. "Хочешь вернуть своего выродка живым - пусть твой шеф встречает наших пацанов на планете <BeginPlanet> и валит брать систему <TargetStar>. Сроку тебе до <EndDate>, иначе вместо выродка пришлём тебе его голову!" - вот всё, что они прислали... Я сразу же начал считать, во сколько мы влетим на этой операции, если согласимся, и цифра получалась очень грустной, но чёрт возьми, шеф!.. Не зря я Макса себе под крыло взял, ох, не зря! Он сумел убедить взявшую его в заложники банду, что без дополнительной суммы кредитов я даже трубку коммуникатора не подниму, чтоб с тобой связаться. Ха! Ловко он придумал, конечно! Придумал же?.. В общем, он договорился на сумму в <Cost>, что более чем покроет расходы! Теперь мы можем отправляться спасать моего балбеса не только из чувства долга, но и из чувства наживы! Ну, как "мы", скорее, "ты", а если точнее, "ты с парнями отправляться, а я в штабе сидеть, отчеты оформлять, дебет с кредитом сводить, заниматься организацией рабочих процессов"...
1214	Quest/ShuMercs/QuestsHQ/PirateClan/AttackDominators/1/QuestNeedToThinkPlayer	Мне надо подумать
1215	Quest/ShuMercs/QuestsHQ/PirateClan/AttackDominators/1/QuestNoteFailed	Контракт провален. Ваша организация не уложилась в установленный срок. Клан крайне разочарован вашей неудачей.
1216	Quest/ShuMercs/QuestsHQ/PirateClan/AttackDominators/1/QuestNoteInProcess1	Контракт в процессе выполнения. Необходимо объединиться с пиратскими силами на планете <BeginPlanet> в системе <BeginStar>, после чего нанести совместный удар по системе <TargetStar>. Захватить систему необходимо до истечения указанного срока.
1217	Quest/ShuMercs/QuestsHQ/PirateClan/AttackDominators/1/QuestNoteInProcess2	Контракт в процессе выполнения. Необходимо захватить систему <TargetStar> до истечения указанного срока.
1218	Quest/ShuMercs/QuestsHQ/PirateClan/AttackDominators/1/QuestNoteSuccess	Контракт выполнен. Система <TargetStar> перешла под контроль <color=255,240,100>пиратского клана</color>. Оплата в размере <Cost> cr. переведена на счёт вашей организации. Клан благодарит вас за отличную работу!
1219	Quest/ShuMercs/QuestsHQ/PirateClan/AttackDominators/1/QuestNoteTitle	<color=255,240,100>Пиратский</color> контракт на захват системы <TargetStar> (<color=255,240,100>доминаторы</color>)
1220	Quest/ShuMercs/QuestsHQ/PirateClan/AttackDominators/1/QuestNoteTitleReward	Награда за выполнение: <Cost> cr. и <Reputation> очков <color=255,240,100>репутации клана</color>
1222	Quest/ShuMercs/QuestsHQ/PirateClan/AttackDominators/1/SupportGreeting	Ну ты там как, в бизнес-центре страховку-то оплатил? А то <clr>10<clrEnd> тыщ в наше время уже не деньги... Хе-хе, да шучу я, <Player> - рожа у тебя смешная просто.
1223	Quest/ShuMercs/QuestsHQ/PirateClan/AttackDominators/1/SupportGreetingAfterWin	Харош, <Player>! И вояки твои тоже что надо! Надеюсь только, мы не за какую-то очередную туфту головой рисковали.
1224	Quest/ShuMercs/QuestsHQ/PirateClan/AttackDominators/1/SupportGreetingAfterWin	Кстати, мистер Ву поставил вашей конторе аж целых четыре звезды на <clr>"Мерканавте"<clrEnd>, а это дорогого стоит.
1225	Quest/ShuMercs/QuestsHQ/PirateClan/AttackDominators/1/SupportGreetingWhileBattle	Делай свою работу и не отвлекай меня!
1226	Quest/ShuMercs/QuestsHQ/PirateClan/AttackDominators/1/SupportOnMeeting	Ну шо братва, все готовы? Влетели, захватили, и по нарам - приключение на <clr>20<clrEnd> дней, поехали!
1229	Quest/ShuMercs/QuestsHQ/PirateClan/AttackDominators/1/SupportOnPlayerAttack	Мистер <color=255,240,100>Ву</color> будет очень недоволен! Ты ещё пожалеешь о том, что сделал!
1242	Quest/ShuMercs/QuestsHQ/PirateClan/Destroy/1/AttackersGreetingEnd	Ну чего тебе ещё-то от меня надо?! Отвалите уже, придурки!
1243	Quest/ShuMercs/QuestsHQ/PirateClan/Destroy/1/AttackersGreetingFoe	Вы нарушили... Блин, а чего нарушили-то? Короче, чучело! Вали-ка ты лучше отсюда, пока руки-ноги целы!
1244	Quest/ShuMercs/QuestsHQ/PirateClan/Destroy/1/AttackersGreetingNormal	Это особая правительственная частота для связи только с высокопосла... высокопосра...
1245	Quest/ShuMercs/QuestsHQ/PirateClan/Destroy/1/AttackersGreetingNormal	Блин, да свали ты уже с монитора, быдло деревенское!
1248	Quest/ShuMercs/QuestsHQ/PirateClan/Destroy/1/QuestAccepted	Что, босс, тоже оценил жабу, х-хе? Ладно, сейчас уточню, кто из ребят баловался с жабой, и пошлю на задание самых трезвых. Увы, не одной жабой едины, надо будет выписать всем штрафы за нарушение трудовой дисциплины...
1249	Quest/ShuMercs/QuestsHQ/PirateClan/Destroy/1/QuestAcceptedFei	Отправил нашим бойцам команду и инструкции. Хочется ещё сказать, что руки гуманоидов вообще не стоит кусать, особенно представителей отличных от тебя рас. Это, во-первых, неэтично, во-вторых, противозаконно, в-третьих - это дико, четвёртая причина, почему делать этого не стоит: существует множество болезней, не представляющих опасности для расы-носителя, но способных передаваться другим расам и вызывать негативные реакции. Также подобное может означать...
1251	Quest/ShuMercs/QuestsHQ/PirateClan/Destroy/1/QuestAcceptedFei	*Дальнейшие слова Элаймы перекрыл рёв репродукторов, означающий готовность к взлёту группы. Возможно, стоит переместить ангары подальше от кабинета управляющего. Или перестать экономить на звукоизоляции перегородок...
1252	Quest/ShuMercs/QuestsHQ/PirateClan/Destroy/1/QuestAcceptedMaloc	Именно так, командир! Передам <clr>Передасту<clrEnd>, чтоб летел и передал ответ. А я пойду в радиоцентр, включу эту трижды проклятую рекламу на все громкоговорители штаба. Заряжу парней энтузиазмом, так сказать!
1253	Quest/ShuMercs/QuestsHQ/PirateClan/Destroy/1/QuestAcceptedPeople	Принял, шеф, передаю утвердительный ответ. Наши бойцы готовы вылететь по первой команде. По возможности прошу ликвидировать охрану лично. Ты за ремонт платишь из своего кармана, а мне парней обслуживать со счёта организации, что причиняет почти что физический дискомфорт при оформлении годовых отчётов.
1254	Quest/ShuMercs/QuestsHQ/PirateClan/Destroy/1/QuestAcceptedPlayer	Кто мы?! Профессионалы! Берёмся!!!
1255	Quest/ShuMercs/QuestsHQ/PirateClan/Destroy/1/QuestAcceptedPlayerFei	Не зря говорят, что не стоит кусать руку с едой. Берёмся, поднимай парней!
1256	Quest/ShuMercs/QuestsHQ/PirateClan/Destroy/1/QuestAcceptedPlayerMaloc	Проще позвонить, чем у кого-то занимать... Да чтоб тебя! Скажи им, что мы согласны! Создателя этой песни надо на звезду без скафандра бросить!
1257	Quest/ShuMercs/QuestsHQ/PirateClan/Destroy/1/QuestAcceptedPlayerPeople	Выглядит как плёвое дело, наши парни - спецы, и вмиг размажут эту охранку. Берёмся!
1258	Quest/ShuMercs/QuestsHQ/PirateClan/Destroy/1/QuestDeclined	А тебе досталась жаба в самом соку, а, босс? Ха-ха-ха! Понял тебя, не издевайся над стариком, хочется иногда вспомнить молодость. Эх-х, деньки были!.. На нормальную наркоту кредитов нет, поймаешь пару жаб на ферме, уворачиваясь от лазерных турелей, если хватит терпения - соберёшь выделения, выгонишь их до хоть какой-то кондиции, а если нет - зализываешь этих зверей до зеркального блеска всей компанией...
1259	Quest/ShuMercs/QuestsHQ/PirateClan/Destroy/1/QuestDeclined	Хорошо, этот вопрос решили. Будет ещё что ко мне, босс?
1260	Quest/ShuMercs/QuestsHQ/PirateClan/Destroy/1/QuestDeclinedFei	Понял, начальник, бойцы сегодня отдыхают. А ещё у меня появился вопрос - зачем делать Кесарю кесарево сечение? Это не только устаревший метод из третьего тысячелетия, но ещё и Кесарь являлся земным гуманоидом мужского пола. По данным, которые я изучил 9.19 секунды назад, в истории Земли не существовало двуполых гуманоидов. Или информация неверна, и у людей с фэянами намного больше общего, чем считает официальная наука?
1262	Quest/ShuMercs/QuestsHQ/PirateClan/Destroy/1/QuestDeclinedFei	*От необходимости отвечать вас избавил мощный рёв репродукторов, означающий готовность к взлёту. Кто-то из бойцов отправился на вольный заработок. Возможно, стоит переместить ангары подальше от кабинета управляющего. Или перестать экономить на звукоизоляции перегородок...
1263	Quest/ShuMercs/QuestsHQ/PirateClan/Destroy/1/QuestDeclinedMaloc	...озвонить, чем у кого-то занимать... А? Да-да, скажу, что не нашего ума дело, пусть сами вопросы свои разрешают. Во-осемь восемьсот, пять-пять-пять...
1264	Quest/ShuMercs/QuestsHQ/PirateClan/Destroy/1/QuestDeclinedPeople	Согласен, шеф, дебет не стоит кредита. А ну как потеряем несколько судов? Похоронные семьям ещё выплачивать? Может, найдутся другие задачи?
1265	Quest/ShuMercs/QuestsHQ/PirateClan/Destroy/1/QuestDeclinedPlayer	Кто мы?! Профессионалы!!! А не убийцы!!! Откажемся!!!
1266	Quest/ShuMercs/QuestsHQ/PirateClan/Destroy/1/QuestDeclinedPlayerFei	Нет, разборки пиратов оставим самим пиратам. Как говорится, Кесарю кесарево.
1267	Quest/ShuMercs/QuestsHQ/PirateClan/Destroy/1/QuestDeclinedPlayerMaloc	...осемь восемьсот... А? Да-да, скажи им, что мы заняты. Внутренних разборок лучше не касаться. Проще позвонить, чем у кого-то занимать...
1268	Quest/ShuMercs/QuestsHQ/PirateClan/Destroy/1/QuestDeclinedPlayerPeople	Нет уж, внутренние разборки оставим самому Клану. Отказываемся!
1269	Quest/ShuMercs/QuestsHQ/PirateClan/Destroy/1/QuestIntro	Клан хочет, чтобы мы устранили правителя планеты <TargetPlanet>. Да-да, я знаю, что звучит дико. Разве мы какие-то головорезы, убийцы, готовые пойти против чистоты Вселенной и лишить разумное существо жизни ради жалких кредитов? Конечно же нет! А вот ради кредитов в количестве <Cost> - уже можно подумать, верно говорю? Да за такой гонорар племяшка согласится перекрасить свой розовый корпус в обычный зелёный! Хм-м, может, стоит попробовать предложить? Всех солидных лякуш распугивает, несколько сезонов нереста пропустила, представляешь? Семейное болото тиной зарастает! Я ей однажды точно по рогу настучу!..
1270	Quest/ShuMercs/QuestsHQ/PirateClan/Destroy/1/QuestIntro	Кх-м, в общем, неплохие деньги за простое дело, так что я решил послушать предложение. Выяснилось, что в рамках кампании "Поддержка большого и сверхбольшого бизнеса", правитель планеты <TargetPlanet> раздаёт макрозаймы важным шишкам из правления отсталых аграрных планет, тем самым вгоняя последние в бесконечные долги и превращая всю их структуру власти в полностью управляемое сборище. И все бы ничего, да только этот вот самый правитель - один из виднейших пиратских атаманов, который должен был работать на братство. Кредиты ударили парню в голову, и он решил, что с помощью добываемых им денег сможет очень высоко подняться и сколотить свой собственный пиратский синдикат, с доминионом и юнгами.
1271	Quest/ShuMercs/QuestsHQ/PirateClan/Destroy/1/QuestIntro	Клан же не оценил такой порыв к самостоятельной карьере от своего, теперь уже бывшего, атамана, а потому настаивает, чтобы мы устранили судно <TargetName>, на борту которого прямо сейчас бороздит просторы чужой наивности наша цель.
1272	Quest/ShuMercs/QuestsHQ/PirateClan/Destroy/1/QuestIntro	У цели будет солидная охрана, в помощь нам никого не дадут. На пиратские корабли в систему тут же слетятся военные со всего сектора, так что придётся нашим парням действовать самостоятельно. Если правитель почует что-то неладное, то сразу же направит свой конвой в сторону буквально - и под "буквально" я действительно имею в виду "буквально"! - своей личной планеты, откуда выловить его мы уже никак не сможем. Узнав детали, я всё же передумал считать дело таким уж простым в пересчёте на предлагаемую сумму, но с другой стороны, кто мы? Профессионалы, чёрт бы пожрал весь космос! Парни Майко Джекексо и болотных пузырей от наших бойцов не видали! Да что там? Сам Рачехан бы подвинулся, пропуская наших ребят! Да какой Рачехан?! Махпелла, умей она говорить, воскликнула бы "о космос, это что за мальчишки такие крутые?!" Ай, плевать, что там думает эта зелёная тварь! Каждого! Нашего! Бойца! Надо! Представить! К званию! Адмирала!!! И даже!..
1273	Quest/ShuMercs/QuestsHQ/PirateClan/Destroy/1/QuestIntro	Ох-х... Прошу прощения, босс... Ребята принесли жабу, сказали, зелёная совсем, ну я и лизнул. Наконец дошло, ха-ха! Это последний раз, когда я употребляю в рабочее время, клянусь своим именным бластером! Так что, берём контракт?
1274	Quest/ShuMercs/QuestsHQ/PirateClan/Destroy/1/QuestIntroFei	Привет, начальник! У нас контракт от Клана на заказное убийство гуманоида из представителей редкой в наш век кибернетизации профессии, название у которой столь древнее, что мне пришлось изучить 7.62 петабайта данных для понимания её сути. Это ростовщик. Нет, он не работает в древнем земном городе Ростове. Нет, он не занимается спровоцированным ростом биологических существ и не производит клоны. Нет, он не обладает аномальным ростом. Нет, никто не ошибся в наборе названия, промахнувшись по клавиатуре, так что это даже не поставщик. Если подбирать аналоги современного мира, то максимально близким будет понятие "кредитор". Данный человек выдаёт микрозаймы под огромные проценты в десятки пунктов, из-за чего долг у клиента растёт темпами, сравнимыми с масштабированием военного производства недалёких малоков! Данная профессия, несмотря на свою очевидную экономическую невыгодность в сравнении с официальным займом в тех же бизнесцентрах, если говорить о подобных тебе, начальник, кто ведёт свою деятельность в космическом пространстве, тем не менее до сих пор пользуется огромным спросом. Сам должен понимать, почему - выдача кредитов наличными, отсутствие налогов, контроля со стороны государств и остальное. Для незаконной деятельности лучшего варианта не найти.
1275	Quest/ShuMercs/QuestsHQ/PirateClan/Destroy/1/QuestIntroFei	В общем, какова итоговая ситуация: данный ростовщик, попав под влияние Клана, должен был помогать ему с увеличением доходов, или как они сами говорят - общака, но в какой-то момент начал выдавать микрозаймы самим пиратам. Да так успешно, что легендарный Ма-авр О-оди мог бы взять у него материалы на обучение. В результате решением Клана было принято устранить данного гуманоида, избавив коллег и подчинённых от необходимости выплачивать в общей сумме 5.45 миллиардов кредитов! Но оказалось, что всё не так просто, как рассчитать коэффициент преломления реликтового излучения, проходящего через виртуальную квантовую призму. На вырученные финансы ростовщик обеспечил себе хорошо вооружённую группу телохранителей, и рядовым представителям Клана оказалось не по силам его уничтожить. Допускать ещё больше потерь Клан не собирается, а использовать более серьёзные группы нет возможности - всё идёт на войну с Коалицией. По этим причинам пираты обратились к нам - известным даже среди всевозможных низших слоёв социального сообщества профессиональным наёмникам.
1276	Quest/ShuMercs/QuestsHQ/PirateClan/Destroy/1/QuestIntroFei	Прости, начальник, что так долго всё рассказываю. У меня мозг отключится, если я попытаюсь в точности процитировать текст, присланный пиратами, так безграмотно и отвратительно он написан... В последний раз столь ужасные материалы приходилось изучать, когда на моей предыдущей работе мне в руки попали отчёты о проведении технического осмотра некими "техниками" Д.Грэфом и К.Лаксонсом. А у меня сейчас важная операция по адаптации "прапорщика Взадова" к ряду системных перестановок в среде военного управления Коалиции. Необходим максимум концентрации для понимания социального устройства низших гуманоидов. Подведу итог: ростовщик передвигается на судне <TargetName>, приписанном, судя по собранным мной данным, к планете <TargetPlanet>. С вероятностью в 9.39, что превышает 100% - меня самого это невероятно удивило, начальник! Никогда бы не подумал, что где-то, кроме квантового пространства выше пятого уровня такое возможно! -, эта планета является той, на которой находится штаб-квартира цели. Необходимо учитывать вероятность, что цель в случае каких-либо аварийных ситуаций сразу полетит туда. Также цель может получить информацию о готовящемся покушении, и скрыться на планете <TargetPlanet>. Стоит действовать быстро, пока судно ростовщика будет находиться в космосе. В случае успешного уничтожения Клан выплатит нам <Cost> cr. Это, конечно, крайне малый процент от той суммы, что пиратам удастся сэкономить, но наши торги, увы, зашли в тупик. Вспоминаю, что у Серго - другого кандидата на роль твоего Управляющего - я видел в руках книгу с обучающими материалами, называлась "Как добазариться до покупки корабля, обеих почек и всего остального за бесценок". Надо будет найти его контакты и спросить - книга старая и в галанете такой я не нашёл. Так что, начальник? Берём контракт?
1277	Quest/ShuMercs/QuestsHQ/PirateClan/Destroy/1/QuestIntroMaloc	Во-осемь восемьсот, пять-пять-пять, три-пять, три-пять, проще поз... Командир! Ты здесь! Отлично, надо послать в ж... В смысле, выслушать предложение Клана. Они прислали нам контракт на, цитирую, заказ зарвавшегося п... Политика. Здесь просто неразборчиво. Говорят, этот ган... Гангстер руководит одной из планет, конкретно <TargetPlanet>, которая помогает Клану отмывать кредиты через строительство новых кораблей. Вернее, раньше помогала. Но эта су!.. Судостроительная компания начала выдавать страждущим микрозаймы! Сам понимаешь, война, времена тяжёлые. Народ ломанулся как пеленги на запах халявы. У них даже есть по-настоящему бл... Ага, блестящий ролик. Вот, смотри!
1280	Quest/ShuMercs/QuestsHQ/PirateClan/Destroy/1/QuestIntroMaloc	*Во-осемь восемьсот, пять-пять-пять...
1281	Quest/ShuMercs/QuestsHQ/PirateClan/Destroy/1/QuestIntroMaloc	...Три-пять, три-пять! Понимаешь?! Настоящая промывка мозгов! В итоге эти нечестно заработанные кредиты ударили этому политику в голову, и он решил послать пиратов к Гралгару, собрать свою личную армию - корабли строить уже есть где - и построить свой личный Клан, с ятзи и доступными женщинами. Сам понимаешь, руководству... Или шпане, получившей власть?.. пиратского Клана такое положение дел не понравилось. Они объявили награду в размере <Cost> cr., если удастся уничтожить судно <TargetName>. Я бы такого гуманоида и бесплатно удавил! Пользоваться несчастными для собственного обогащения! Но если мы возьмёмся, дело лёгким точно не будет. Уверен, этот политик уже сейчас собрал группировку охранения, и устранить его с наскока не выйдет. К тому же если эта отрыжка гобзавра запаникует, то сразу же рванёт к себе на планету, и оттуда мы его уже не достанем. Ты боец высшего класса, но в жизни случается всякое. Думаешь, я мечтал пойти в наёмники? Если не уверен в успехе операции, я тебе и слова не скажу, командир!
1282	Quest/ShuMercs/QuestsHQ/PirateClan/Destroy/1/QuestIntroPeople	Шеф, к нам поступило коммерческое предложение на устранение крупного политического лица. Заказчик - неназванный высокопоставленный представитель одной из группировок Клана. Причины сообщить отказался, ну а я в ответ отказался его слушать дальше. Это не сработало. Я сначала удивился, ведь моя тактика переговоров никогда не давала сбоя, я даже мануал выпустил. Одну из печатных копий даже попросил некий Вдубас - малок, с которым мы познакомились на собеседовании к тебе, и по слухам, он очень хорошо поднялся на охранном бизнесе благодаря моим тренингам. У него практически полноценная ЧВК! Но я отвлёкся. В общем, я уже почти согласился принять от И`вана его любимый сорт сигарет с уникальным травяным составом, как мне позвонили второй раз и сказали, что предыдущий переговорщик, цитата, был замочен в корабельном сортире. Уверен, что не только в прямом смысле. И они готовы дать мне всю требуемую информацию, лишь бы мы были готовы выполнить их заказ.
1283	Quest/ShuMercs/QuestsHQ/PirateClan/Destroy/1/QuestIntroPeople	Дело в следующем. Так называемый марионеточный президент одной из подконтрольных Клану планет, <TargetPlanet>, слишком зарвался и стал в обход атаманов сбывать наркотики и энергоносители на галактическом рынке. Президента зовут Мандуро, и его уже раз попытались устранить, перед этим похитив для допроса, но не успели - общественность взбунтовалась, хотя казалось бы с тотальной анархией на территориях пиратов такое невозможно, ведь всем плевать. Сразу после освобождения Мандуро организовал себе мощный охранный флот, и теперь его так просто уже не взять, тем более не вариант уничтожать своими руками - низшее преступное сообщество пристально следит за действиями верхов. Поэтому Клан обращается к нам, предлагая сумму аж в <Cost> кр. за устранение данного гуманоида. Мандуро зафрахтовал себе корабль <TargetName> - его и нужно будет уничтожить вместе со всем экипажем. Он сейчас занят организацией мелкого кредитного бизнеса. Стоит учитывать, что у Мандуро наверняка готов план эвакуации на свою планету, так что после начала операции действовать нужно будет быстро. Позволите судну приземлиться на планету <TargetPlanet>, и контрактом можно будет, извини, подтереться - Мандуро вы уже не достанете. А это означает большие финансовые потери, особенно если будут уничтожены наши корабли. Сейчас на рынке труда кризис, а чёртово молодое поколение не хочет работать за МРОТ!
1284	Quest/ShuMercs/QuestsHQ/PirateClan/Destroy/1/QuestNeedToThinkPlayer	Мне надо подумать
1285	Quest/ShuMercs/QuestsHQ/PirateClan/Destroy/1/QuestNoteFailed	Контракт провален. Цель успела укрыться на планете <TargetPlanet>. Клан крайне разочарован вашей неудачей.
1286	Quest/ShuMercs/QuestsHQ/PirateClan/Destroy/1/QuestNoteInProcess1	Контракт в процессе выполнения. Необходимо ликвидировать указанную цель. Цель занимается предоставлением макрозаймов в системе <BeginStar>.
1287	Quest/ShuMercs/QuestsHQ/PirateClan/Destroy/1/QuestNoteInProcess2	Контракт в процессе выполнения. Необходимо ликвидировать указанную цель. Цель возвращается на планету <TargetPlanet> в систему <TargetStar>.
1288	Quest/ShuMercs/QuestsHQ/PirateClan/Destroy/1/QuestNoteInProcess3	Контракт в процессе выполнения. Необходимо ликвидировать указанную цель. Цель пытается улизнуть на планету <TargetPlanet> в систему <TargetStar>.
1289	Quest/ShuMercs/QuestsHQ/PirateClan/Destroy/1/QuestNoteSuccess	Контракт выполнен. Цель была успешно ликвидирована. Оплата в размере <Cost> cr. переведена на счёт вашей организации. Клан благодарит вас за отличную работу!
1290	Quest/ShuMercs/QuestsHQ/PirateClan/Destroy/1/QuestNoteTitle	<color=255,240,100>Пиратский</color> контракт на устранение судна <TargetShip>
1291	Quest/ShuMercs/QuestsHQ/PirateClan/Destroy/1/QuestNoteTitleReward	Награда за выполнение: <Cost> cr. и <Reputation> очков <color=255,240,100>репутации клана</color>
1293	Quest/ShuMercs/QuestsHQ/PirateClan/Destroy/1/TargetGreetingFoe	Слушай, может договоримся? Я заплачу в два раза больше, только дай до планеты <TargetPlanet> добраться. Деньги для тебя соберут в ближайшем полицейском участке, заберёшь, когда будет удобно...
1294	Quest/ShuMercs/QuestsHQ/PirateClan/Destroy/1/TargetGreetingNormal	Понятия не имею, что тебе нужно, но я крайне занятой политик, и у меня совершенно нет времени общаться со всяким плебсом, вроде тебя.
1295	Quest/ShuMercs/QuestsHQ/PirateClan/Destroy/1/TargetName0	Уржгакдрак
1296	Quest/ShuMercs/QuestsHQ/PirateClan/Destroy/1/TargetName1	Шушлак
1297	Quest/ShuMercs/QuestsHQ/PirateClan/Destroy/1/TargetName2	Спёрпанк
1298	Quest/ShuMercs/QuestsHQ/PirateClan/Destroy/1/TargetName3	Алеона
1299	Quest/ShuMercs/QuestsHQ/PirateClan/Destroy/1/TargetName4	Цень-офф
1302	Quest/ShuMercs/QuestsHQ/PirateClan/Destroy/1/TargetOnApproach	Что?! Как вы вообще подпустили ко мне этих наёмников!? ИДИОТЫ!!! Уничтожьте их немедленно! Капитан, взять курс на планету <TargetPlanet>. Сейчас же!
1309	Quest/ShuMercs/QuestsHQ/PirateClan/Protect/1/Cockerel1	Феникс
1310	Quest/ShuMercs/QuestsHQ/PirateClan/Protect/1/Cockerel2	Жар-птица
1311	Quest/ShuMercs/QuestsHQ/PirateClan/Protect/1/Cockerel3	Рарог
1313	Quest/ShuMercs/QuestsHQ/PirateClan/Protect/1/DominionAfterArrival	- Ох, ну это вы нифига там!!! Пацаны ваще ребята! Гляньте-ка, в натуре притащили нам целый линкор! Реально ваще, без базара чётко! Давайте, стыкуйте его скорей к нам - ханам уже не терпится эту цацку помацать!
1315	Quest/ShuMercs/QuestsHQ/PirateClan/Protect/1/Feis	фэянской
1317	Quest/ShuMercs/QuestsHQ/PirateClan/Protect/1/Gaals	гаальской
1318	Quest/ShuMercs/QuestsHQ/PirateClan/Protect/1/Malocs	малокской
1320	Quest/ShuMercs/QuestsHQ/PirateClan/Protect/1/Pelengs	пеленгской
1321	Quest/ShuMercs/QuestsHQ/PirateClan/Protect/1/Peoples	человеческой
1322	Quest/ShuMercs/QuestsHQ/PirateClan/Protect/1/QuestAccepted	Хорошо, босс, сделаем. Свяжусь лично с этим <clr>Ву<clrEnd>, а то <clr>Голубенко<clrEnd> ещё комбинезон испортит от важности задачи. Параллельно выдам приказы парням. Выберу лучших, босс, не переживай.
1323	Quest/ShuMercs/QuestsHQ/PirateClan/Protect/1/QuestAcceptedFei	Понял, начальник, подписанный контракт отправлен пиратам, а нашей оперативной группе отправлен приказ на взлёт.
1324	Quest/ShuMercs/QuestsHQ/PirateClan/Protect/1/QuestAcceptedFei	Также хочу отметить, что риск при употреблении янвелба и других алкогольных напитков в современном мире практически отсутствует ввиду наличия огромного количества всевозможных сканеров, доступных даже простому обывателю, способных не только провести анализ жидкости на молекулярном уровне, но и определить место производства вплоть до конкретного завода. Если же ты о канцерогенных свойствах янвелба, то веществ такого типа в качественном продукте быть просто не может. Долгосрочные последствия на организм, в свою очередь, прекрасно лечатся даже медикаментозно, а при проведении полного курса лечения в специализированных центрах тебя даже избавят от психологической алкогольной зависимости.
1325	Quest/ShuMercs/QuestsHQ/PirateClan/Protect/1/QuestAcceptedFei	Конечно, это если говорить о современности. В каком-нибудь 21 веке подобных технологий и быть не могло, так что в те времена я бы в крайней степени не рекомендовал употреблять алкоголь и остальные лёгкие наркотики, включая курительные смеси и системы нагревания и испарения никотиносодержащих растворов.
1326	Quest/ShuMercs/QuestsHQ/PirateClan/Protect/1/QuestAcceptedMaloc	Так точно, командир! Мой верный курьер <clr>Передаст<clrEnd> уже на низком старте, готов отправляться давать ответ.
1327	Quest/ShuMercs/QuestsHQ/PirateClan/Protect/1/QuestAcceptedMaloc	Бойцы! По!.. Проклятие, коммуникатор не работает! Командир, закрой уши, сейчас я сам... БОЙЦЫ-Ы-Ы-Ы!!! ПО МАШИНА-А-А-АМ!!!!!!
1328	Quest/ShuMercs/QuestsHQ/PirateClan/Protect/1/QuestAcceptedMaloc	*Под звон разбитого бронестекла вы услышали топот берцев на магнитной подошве, направляющийся в ангар. Ну, поехали, парни!
1329	Quest/ShuMercs/QuestsHQ/PirateClan/Protect/1/QuestAcceptedPeople	Любопытство кошку сгубило, как гласит старая земная поговорка, а в нашем случае может ещё и сгубить положительный годовой баланс... Принял, шеф, отдаю бойцам приказ на взлёт.
1330	Quest/ShuMercs/QuestsHQ/PirateClan/Protect/1/QuestAcceptedPlayer	Чувствую, я ещё об этом пожалею, но всё равно передавай клану, что мы согласны...
1331	Quest/ShuMercs/QuestsHQ/PirateClan/Protect/1/QuestAcceptedPlayerFei	Кто не рискует, тот не пьёт янвелба! Согласимся и посмотрим, чего стоят спецгруппы Клана в реальном бою!
1332	Quest/ShuMercs/QuestsHQ/PirateClan/Protect/1/QuestAcceptedPlayerMaloc	Отлично, берёмся! Мне крайне любопытно, что это за "Кракен" такой, и сработает ли он вообще.
1333	Quest/ShuMercs/QuestsHQ/PirateClan/Protect/1/QuestAcceptedPlayerPeople	Очень интересно, к чему это может привести. Берёмся!
1334	Quest/ShuMercs/QuestsHQ/PirateClan/Protect/1/QuestDeclined	Х-хе, вот и правильно! Видел я линкор в деле однажды - ужасающая машина! Если вооружение не заблокируют вдруг, от парней лишь атомы останутся, даже обломка корабля в качестве памятника нельзя будет поставить.
1335	Quest/ShuMercs/QuestsHQ/PirateClan/Protect/1/QuestDeclinedFei	Орешек? По моим данным, броня линкора состоит из поликарбоновых композитов с внутренним титановым каркасом, собранным по системе фракталов, с внешними слоями из карбида вольфрама, того же титана, с полиморфными инклюзиями и с применением многих других металлов и сплавов. Не припомню, чтобы скорлупа ореха или орехи цельные когда-то использовались. Ты что-то напутал, начальник, посоветую тебе не читать псевдонаучные статьи или новости в галанете на сайтах типа "И-иА-а Панк и Рама".
1336	Quest/ShuMercs/QuestsHQ/PirateClan/Protect/1/QuestDeclinedMaloc	Так и думал, командир, что ты именно это ответишь! Я их уже послал от твоего имени! Послал вежливо и дипломатично, конечно же.
1337	Quest/ShuMercs/QuestsHQ/PirateClan/Protect/1/QuestDeclinedPeople	Поддерживаю твоё решение, шеф. Терять клиентов - верх глупости, а после такого Штаб Флота за световой год будет облетать нашу организацию.
1338	Quest/ShuMercs/QuestsHQ/PirateClan/Protect/1/QuestDeclinedPlayer	Просто великолепный план, Ципа! Надёжный, м-мать, как гаальские весы! Конечно же я не согласен!
1339	Quest/ShuMercs/QuestsHQ/PirateClan/Protect/1/QuestDeclinedPlayerFei	Флагман - орешек слишком крепкий, пожалуй, отказываюсь.
1340	Quest/ShuMercs/QuestsHQ/PirateClan/Protect/1/QuestDeclinedPlayerMaloc	Ни за что! Пытаться захватить флагман? Да это никогда не сработает! Только бойцов потеряем. Отказываемся.
1341	Quest/ShuMercs/QuestsHQ/PirateClan/Protect/1/QuestDeclinedPlayerPeople	И стать врагом для всей Коалиции? Мне в нашем рукаве ещё пожить хочется, так что откажи Клану.
1342	Quest/ShuMercs/QuestsHQ/PirateClan/Protect/1/QuestIntro	На днях к нам залетал один фэянин, мистер <clr>Ву<clrEnd>, кажется?.. Предлагал необычный контракт. Суть его в следующем.
1343	Quest/ShuMercs/QuestsHQ/PirateClan/Protect/1/QuestIntro	Как многим известно, в распоряжении пиратского Клана практически нет крупных кораблей, аналогичных по огневой мощи коалиционным флагманским махинам. Всё, чем располагает Клан - суда класса фрегатов или эсминцев. Строить линкоры - сложно и невероятно дорого, но очень уж им хочется иметь свой флагман. Как минимум для столкновения с берторами. Ну и времечко пошло... В моей молодости такого не было. Мы бороздили наполненный ощущением жизни космос, когда все были на равных. Идеальный баланс вселенной, как говорят гаальцы, понимаешь? Всё было просто - купил корпус побольше, взял пушку мощнее и вперёд, кто геройствовать, кто пиратить, кто просто торговать. Смотрю сейчас на мою Чеквушечку... Наплодили технологий, пенчекряк их обглодай! Сидит за терминалом сутками, цифры сводит в Галаксэле: этот корпус с лучшим покрытием против ракет, этот лазеры лучше держит, вот эта пушка позволит дроида сбить, здесь вот броню прожигает. Что-то высчитывает постоянно, рог к жабрам прикидывает. Пришли умники из "СНК-Технологии", понимаешь, и вывалили в космос тонны своих "перспективных" разработок... Ох, ладно, ностальгия хороша в меру, буду ближе к сути, босс.
1344	Quest/ShuMercs/QuestsHQ/PirateClan/Protect/1/QuestIntro	В общем, близок сустав коленный, да сзади он и не укусишь. Но нашлась у Клана технология, которая позволит взломать системы управления даже новейшей коалиционной техникой. Не сама нашлась, конечно, их хакеры "нашли", молодцы они там, умеют и могут. План, как её опробовать, тут же был готов - отобрать новенький линкор!
1345	Quest/ShuMercs/QuestsHQ/PirateClan/Protect/1/QuestIntro	Корабль <TargetShip> готовится в ближайшие дни к своему первому полёту - патрульное задание вместе с группой прикрытия в рамках системы <TargetStar>. Этот линкор является шедевром <TargetShipRace> военной машины, и пытаться захватить его в открытом бою было бы самоубийством, и здесь как раз вступают в дело хакеры со своей разработкой, которая в теории должна полностью парализовать управляющие цепи судна, а потом перехватить.
1346	Quest/ShuMercs/QuestsHQ/PirateClan/Protect/1/QuestIntro	Наша задача - объединиться с элитной диверсионной группой <clr>"Кумачовые петушки"<clrEnd> на планете <BeginPlanet> в системе <BeginStar>. После этого мы должны будем сопроводить группу до самого флагмана и обеспечивать её прикрытие, пока диверсанты не отрежут экипаж от управления и не произведут абордаж. После успешного захвата цели наша задача будет заключаться в сопровождении линкора до ближайшего пиратского доминиона, который ненадолго прибудет в систему <BeginStar>, чтобы подобрать столь бесценный трофей. Как только судно окажется в ангаре, доминион тут же нырнёт в гиперпузырь, крича на весь доступный космос "мы вас поимели, коалиционные шавки!", или похожее громкое утверждение. Мы получим заслуженные <Cost> cr. и забудем об этом задании, как о страшном сне.
1347	Quest/ShuMercs/QuestsHQ/PirateClan/Protect/1/QuestIntro	И босс, про страшный сон - не преувеличение, надеюсь, ты понимаешь. Нас ждёт серьёзный отпор - КВСМК не отдаст свой линкор просто так. Нам очень повезёт, если ты с бойцами столкнёшься с рядовыми вояками, но а если спецназ? Стоит хорошо подумать, стоит ли риск предложенной награды
1348	Quest/ShuMercs/QuestsHQ/PirateClan/Protect/1/QuestIntroFei	В общем, операция по захвату линкора <TargetShip> будет происходить прямо в космосе, как я уже сказал, а не на верфи или в ангаре. Клан подготовил специальную группу захвата <clr>"Кумачовые петушки"<clrEnd>. В их распоряжении имеется какая-то технология, способная дистанционно сжечь управляющие цепи даже такого высокозащищённого корабля, как флагман. Мы обязаны встретиться с группой в системе <BeginStar>, они сейчас ожидают на планете <BeginPlanet>. Далее наша работа простая - сопровождение группы к линкору и обеспечение её безопасности. Ты ведь не думаешь, что линкоры на боевом задании не имеют эскорт поддержки? Если думаешь - прекращай, не позорь звание разумного гуманоида. По моим предварительным расчётам, основанным на том, что флагман является собственностью <TargetShipRace> расы, в боевом охранении линкора будут задействованы 3-5 военных кораблей. Но погрешность очень высока во все стороны, у меня недостаточно данных. После применения технологии абордажная группа с механиками проникает на линкор, восстанавливает резервное управление и, следовательно, берёт корабль под свой контроль. Как только это произойдёт, в систему <BeginStar> из гиперпузыря всплывёт - ещё одна невероятная технология Клана! - доминион для того, чтобы забрать линкор в свой ангар, и тут же погрузиться обратно. Высока вероятность, что Коалиция не оставит захват своего флагмана без внимания, и немедленно направит хорошо вооружённую группу на уничтожение группы захвата и нас вместе с ними.
1349	Quest/ShuMercs/QuestsHQ/PirateClan/Protect/1/QuestIntroFei	Из-за огромного риска - нет убедительных результатов, что хоть кто-то из участников останется жив -, и невероятной практической пользы в случае успеха, Клан предлагает солидную плату в <Cost> cr. Но я бы не стал участвовать. Жизнь великого разумного существа слишком ценна, чтобы вот так просто её заканчивать.
1350	Quest/ShuMercs/QuestsHQ/PirateClan/Protect/1/QuestIntroMaloc	Командир! Хочешь историю из армейского прошлого?
1351	Quest/ShuMercs/QuestsHQ/PirateClan/Protect/1/QuestIntroMaloc	*Есть ли смысл говорить "нет"?..
1352	Quest/ShuMercs/QuestsHQ/PirateClan/Protect/1/QuestIntroMaloc	Вижу, что не против! Так вот, слушай! Я тогда старшиной был, был у меня грозный позывной Полносплавное Покрытие. И был у меня в роте подчинённый. Имя очень странное, Лесной Болван. Но подходящее - был он глупее насекомого! Но исполни-и-ительный!.. Скажешь ему "разбирай плазменную винтовку" - разберёт на рекорд, даже если впервые в руки взял! Как-то во Всетаме страшная мясорубка была, много наших полегло, мне ноги посекло страшно, и руки, и вообще парализовало ниже шеи. Даже зубов половина осталась! В общем, вообще никак двинуться не мог. Всё, думаю, крышка! И тут, представляешь, вижу Болвана! Подбегает, хватает солдата, и давай валить из леса! Потом возвращается, хватает ещё одного, и опять уносит. И так раз за разом! А я не знал, что скоро артподдержка удар нанесёт, думал, что бессмысленно всё это. Кричу ему "беги, Лесной, беги! Лесной, которому приказывают!". А он и бежит, но не отступать, а нового бойца на горбу тащить. Потом и меня вытащил. Когда я спросил его, почему не отступил, он на голубом глазу ответил "вы не приказывали. Вы приказали мне бежать, и я бежал. А ещё я 18 раз нарушил ваш приказ бежать, когда останавливался поднять или опустить солдата. Готов понести наказание". И всё это искренне! Он правда верил в то, что говорил, представляешь? Ну какой болван! Хм-м... К чему это я? А, точно! Даже Болван не был таким идиотом, как пиратские старшие!!!
1353	Quest/ShuMercs/QuestsHQ/PirateClan/Protect/1/QuestIntroMaloc	*Вот это подводка! Ему бы рекламные ролики делать, талантище!
1354	Quest/ShuMercs/QuestsHQ/PirateClan/Protect/1/QuestIntroMaloc	Ты представь, что удумали - коалиционный флагман угнать! И не со свалки какой, и даже не с верфи, а прям во время боевого вылета! Они там все "звёздную пыль" вместо соли, сахара и вообще еды используют?! Целью был выбран <TargetShip>. Корабль не самый новый, но видимо поэтому и выбран целью - защита у него немного отстаёт от нынешнего технологического уровня. Нас же хотят нанять в качестве группы охранения. Флагман, как я уже сказал, будет на боевом задании, а значит, и эскорт в наличии. Сколько - неясно, но полноценное охранное звено точно. Нам предлагают взять на себя уничтожение охраны и обеспечение безопасности флагмана во время захвата и дальнейшего конвоя. Сам захват будет осуществлять группа "Дрочёвые Петухи"... Виноват, "Кумачовые Петушки".
1355	Quest/ShuMercs/QuestsHQ/PirateClan/Protect/1/QuestIntroMaloc	*Лучше как будто бы не стало
1356	Quest/ShuMercs/QuestsHQ/PirateClan/Protect/1/QuestIntroMaloc	У группы на борту будет некая новая технология электромагнитной атакующей системы. Перехват управляющих команд через движение электронов в цепях! "Электромагнитные щупальца", как они зовут сами модуляторные поля, буквально хватают электроны и заставляют их вести себя так, как надо сидящему за пультом этой системы! Эти бы мозги, да на борьбу с доминаторами, эх! В общем, мы сопровождаем "Петушков" к флагману, они его полностью блокируют, далее десантная группа проникает внутрь корабля для его окончательного захвата. Сама же группа Клана ждёт нас в системе <BeginStar> на планете <BeginPlanet>. Когда корабль будет подчинён десантникам, нашей задачей будет его конвой на доминион, который прибудет туда же, в систему <BeginStar>... А когда он прибудет? Гобзавровы отрыжки! Своим "Кракеном", значит, на десять страниц похвастались, а важные детали операции только на месте расскажут! Я бы их!.. В общем, в какой-то момент прибудет доминион Клана, на который необходимо посадить флагман. Как только корабль будет в ангаре, доминион тут же рванёт... Куда-то к себе. Нам это уже не интересно, на этом наша операция будет закончена. Мы получаем на счёт сумму в <Cost> cr., огромное уважение этого сброда, то есть я хотел сказать пиратских лидеров, и можем возвращать бойцов обратно пить, гулять и отдыхать на честно заработанные.
1357	Quest/ShuMercs/QuestsHQ/PirateClan/Protect/1/QuestIntroMaloc	На твоём месте я бы принял это задание, довёл пиратов до флагмана, а сам с бойцами встал в стороне и посмотрел, как эту, потерявшую все берега в наркотическом тумане, шпану вояки превращают в облака частиц и плазмы! Деньги, конечно, неплохие, но мне тяжело думать о том, что придётся воевать с Коалицией... Видел бы меня мой пра-пра-пра...
1358	Quest/ShuMercs/QuestsHQ/PirateClan/Protect/1/QuestIntroPeople	Привет, шеф. Ты не поверишь, где я был и что я там слышал! Шучу, поверишь, ведь я всего лишь был в своём кабинете и слышал предложение от Клана на захват новейшего флагмана. Хотя вторая часть, пожалуй, действительно звучит слегка безумно. Нашего И`вана Макса от услышанного так переклинило, что он пошёл разрабатывать невероятно уродливого робота, которого решил назвать "кибертранк". Итак, к делу. Пираты практически не имеют крупнотоннажных кораблей классом выше фрегата, но им очень хочется, и желательно как можно дешевле. Умные ребята, хорошее стремление. Потому вместо производства собственных линкоров они решили захватить один у Коалиции - это флагман флота <TargetShipRace> расы, <TargetShip>, который сейчас на боевом дежурстве в системе <TargetStar>. Вот так, просто, быстро и почти бесплатно. Для этого у них есть специальная абордажная группировка "Кумачовые Петушки", встреча с которыми назначена на планете <BeginPlanet> в системе <BeginStar>. Наша задача простая - охрана этих парней во время работы и последующий конвой захваченного корабля. Линкор должен будет подобрать пиратская базовая станция, доминион, что прибудет в ту же систему <BeginStar>, откуда и начнётся вся операция. Вознаграждение соответствующее, в размере <Cost> в галактических кредитах. Что ответим на такое безумие, шеф? Уверен, Коалиция не отдаст один из своих мощнейших кораблей без большого боя, и флот, отправленный на спасение, будет более чем солидным.
1359	Quest/ShuMercs/QuestsHQ/PirateClan/Protect/1/QuestNeedToThinkPlayer	Мне надо выпить
1360	Quest/ShuMercs/QuestsHQ/PirateClan/Protect/1/QuestNoteFailedByMissiles	Контракт провален. Ни одна из запущенных торпед не достигла цели, дальнейшее выполнение операции невозможно. Клан крайне разочарован вашей неудачей.
1361	Quest/ShuMercs/QuestsHQ/PirateClan/Protect/1/QuestNoteFailedBySupport	Контракт провален. Вся диверсионная <color=255,240,100>"Кумачовые петушки"</color> группа была потеряна, дальнейшее выполнение операции невозможно. Клан крайне разочарован вашей неудачей.
1362	Quest/ShuMercs/QuestsHQ/PirateClan/Protect/1/QuestNoteFailedByTarget	Контракт провален. Целевой линкор был уничтожен. Клан крайне разочарован вашей неудачей.
1363	Quest/ShuMercs/QuestsHQ/PirateClan/Protect/1/QuestNoteFailedByTime	Контракт провален. Диверсионная группа <color=255,240,100>"Кумачовые петушки"</color> не дождалась встречи с наёмниками и объявила о провале операции. Клан крайне разочарован вашей неудачей.
1364	Quest/ShuMercs/QuestsHQ/PirateClan/Protect/1/QuestNoteInProcess1	Контракт в процессе выполнения. Диверсионная группа <color=255,240,100>"Кумачовые петушки"</color> ожидает встречи с наёмниками на планете <BeginPlanet>.
1365	Quest/ShuMercs/QuestsHQ/PirateClan/Protect/1/QuestNoteInProcess2	Контракт в процессе выполнения. Диверсионная группа <color=255,240,100>"Кумачовые петушки"</color> направляется на перехват линкора <TargetShip> в системе <TargetStar>.
1366	Quest/ShuMercs/QuestsHQ/PirateClan/Protect/1/QuestNoteInProcess3	Контракт в процессе выполнения. Диверсионная группа <color=255,240,100>"Кумачовые петушки"</color> осуществляет абордаж линкора <TargetShip> в системе <TargetStar>.
1367	Quest/ShuMercs/QuestsHQ/PirateClan/Protect/1/QuestNoteInProcess4	Контракт в процессе выполнения. Диверсионная группа <color=255,240,100>"Кумачовые петушки"</color> успешно проникла на борт линкора <TargetShip> и в данный момент осуществляет его захват изнутри.
1368	Quest/ShuMercs/QuestsHQ/PirateClan/Protect/1/QuestNoteInProcess5	Контракт в процессе выполнения. Захваченный линкор направляется на встречу с пиратским доминионом в системе <BeginStar>.
1369	Quest/ShuMercs/QuestsHQ/PirateClan/Protect/1/QuestNoteInProcess6	Контракт в процессе выполнения. Захваченный линкор внепланово изменил маршрут и теперь направляется к планете <BeginPlanet> в системе <BeginStar>.
1370	Quest/ShuMercs/QuestsHQ/PirateClan/Protect/1/QuestNoteSuccess1	Контракт выполнен. Линкор был успешно захвачен и сопровождён к пиратскому доминиону. Клан благодарит вас за отличную работу!
1371	Quest/ShuMercs/QuestsHQ/PirateClan/Protect/1/QuestNoteSuccess2	Контракт выполнен. Линкор был успешно захвачен и сопровождён на планету <BeginPlanet>. Клан благодарит вас за отличную работу!
1372	Quest/ShuMercs/QuestsHQ/PirateClan/Protect/1/QuestNoteTitle	<color=255,240,100>Пиратский</color> контракт на захват линкора <TargetShip>
1373	Quest/ShuMercs/QuestsHQ/PirateClan/Protect/1/QuestNoteTitleReward	Награда за выполнение: <Cost> cr. и <Reputation> очков <color=255,240,100>репутации клана</color>
1377	Quest/ShuMercs/QuestsHQ/PirateClan/Protect/1/SupportAfterDominionLost	Внимание, группа! В нашем тщательно выверенном плане совершенно явно что-то пошло не так. Доминион уничтожен, но доставить линкор пиратам мы всё равно должны. Меняем курс на планету <BeginPlanet>, надеюсь, наши чернофлажные "друзья" будут не слишком разочарованы такой самодеятельностью. Отбой.
1378	Quest/ShuMercs/QuestsHQ/PirateClan/Protect/1/SupportGreeting	Действуем согласно плану, не отклоняйтесь от поставленной задачи. Отбой.
1379	Quest/ShuMercs/QuestsHQ/PirateClan/Protect/1/SupportGreetingAfterFailed	Даже лучшие порой терпят неудачу, <Player>. Не переживай, в следующий раз непременно повезёт!
1382	Quest/ShuMercs/QuestsHQ/PirateClan/Protect/1/SupportOnEMPLaunch	Внимание, группа! Цель в зоне прямой досягаемости <color=255,240,100>"Кракена"</color>, приготовиться к запуску по моей команде.
1383	Quest/ShuMercs/QuestsHQ/PirateClan/Protect/1/SupportOnEMPLaunch	На счёт три... два... один...
1386	Quest/ShuMercs/QuestsHQ/PirateClan/Protect/1/SupportOnEMPLost	Что ж, похоже, в этот раз фортуна нам сегодня не благоволила. Все торпеды уничтожены, возвращаемся обратно на планету <BeginPlanet>.
1389	Quest/ShuMercs/QuestsHQ/PirateClan/Protect/1/SupportOnEndCapture	Штурм прошёл успешно, линкор полностью под нашим контролем. Капитан, правда, слишком громко ныл что-то там про скорую пенсию, так что пришлось его пристрелить, но в остальном потери среди офицерского состава минимальны. Будет небольшой "бонус" нашим общим "друзьям" из клана.
1390	Quest/ShuMercs/QuestsHQ/PirateClan/Protect/1/SupportOnEndCapture	Нам удалось частично восстановить самые критические системы линкора, однако полноценно вести бой эта махина не сможет ещё долго. Курс в систему <BeginStar> мы уже проложили, прикрывайте нас до тех пор, пока мы не завершим стыковку с высланным на встречу доминионом. Отбой.
1393	Quest/ShuMercs/QuestsHQ/PirateClan/Protect/1/SupportOnMeeting	Приветствуем, коллеги! Подкинули нам работёнки эти пираты... Но в наших способностях можете не сомневаться.
1394	Quest/ShuMercs/QuestsHQ/PirateClan/Protect/1/SupportOnMeeting	Ваша задача - держать вояк как можно дальше, пока мы не захватим цель "Альфа", после чего обеспечить нам свободный коридор до доминиона. Всё остальное мы берём на себя.
1397	Quest/ShuMercs/QuestsHQ/PirateClan/Protect/1/SupportOnPlayerAttack	Внимание, группа! Нам в прикрытие наняли каких-то конченых уродов, а значит, ни о каком продолжении операции не может быть и речи. Возвращаемся обратно на планету <BeginPlanet>.
1400	Quest/ShuMercs/QuestsHQ/PirateClan/Protect/1/SupportOnStartCapture	*Шум помех* ...бились в главное машинное отдел... *Шум помех* ...ходимо СРОЧНО обесточить! ... *Шум помех*
1402	Quest/ShuMercs/QuestsHQ/PirateClan/Protect/1/SupportOnStartCapture	*Шум помех* ...дём ожесточённый бой, повторяю - ведём ожесто... *Шум помех*
1404	Quest/ShuMercs/QuestsHQ/PirateClan/Protect/1/SupportOnStartCapture	*Шум помех* ... Успешно подавили первую волну сопротивления, пробиваемся к главному мостику. Отбой.
1405	Quest/ShuMercs/QuestsHQ/PirateClan/Protect/1/TargetGreeting5	*Шум помех* ...ем сеанс, системы корабля неисп... *Шум помех*
1406	Quest/ShuMercs/QuestsHQ/PirateClan/Protect/1/TargetGreeting6	Линкор полностью под нашим контролем, держим курс к месту встречи с пиратским доминионом. Отбой.
1407	Quest/ShuMercs/QuestsHQ/PirateClan/Protect/1/TargetGreeting7	Произошла внеплановая смена точки назначения, держим курс на планету <BeginPlanet>.
1408	Quest/ShuMercs/QuestsHQ/PirateClan/Protect/1/TargetGreetingFoe	Немедленно прекратите сопротивление и сложите оружие! В противном случае вы будете безоговорочно изничтожены!
1409	Quest/ShuMercs/QuestsHQ/PirateClan/Protect/1/TargetGreetingNormal	Приветствую, <Player>! Чудесный сегодня денёк, чтобы обкатать эту величественную махину, а? Последний мой боевой вылет, кстати. Всего пара дней до пенсии, а там уж и пожизненный тропический рай не за горами...
1410	Quest/ShuMercs/QuestsHQ/PirateClan/Protect/1/TargetGreetingNormal	Эх, <clr>Пандория<clrEnd>!
1411	Quest/ShuMercs/QuestsHQ/PirateClan/Protect/1/TargetName1	Разящий
1412	Quest/ShuMercs/QuestsHQ/PirateClan/Protect/1/TargetName2	Тысячелетний
1413	Quest/ShuMercs/QuestsHQ/PirateClan/Protect/1/TargetName3	Галактика
1509	Quest/ShuMercs/QuestsHQ/PirateClan/Protect/2/QuestAccepted	Понимаю тебя, босс. Будь я помоложе да бодрее, отправился бы с тобой. Но годы не щадят старого контрабандиста, и даже гаальские технологии всё хуже справляются. На кого племяшку оставлять, не на <clr>Голубенко<clrEnd> же! Может, ты, босс, её под крыло возьмёшь? Девка способная, один из лучших пилотов, кого знаю! Сам же выучил, ха-ха! Подумай, как время будет, а я пойду парням основы подпространственной навигации объясню. Или у тебя есть более первоочередные задачи ко мне?
1510	Quest/ShuMercs/QuestsHQ/PirateClan/Protect/2/QuestAcceptedFei	Понял, начальник, документы будут готовы... уже! А что касается продуктов долгосрочного хранения, то лучше брать с собой еду в вакуумной пластиковой упаковке. Её производство менее затратно, чем металлические банки, утилизация проще, а также меньше объём упаковки, что облегчит хранение и транспортировку. Но я понимаю, что некоторые гуманоиды относятся к пластику крайне негативно и считают его вредным для экологии. Это всё совершенно не соответствует действительности, и при правильной работе с пластиками они являются более экономичными и более экологичными. Надеюсь, ты не из таких, начальник?
1511	Quest/ShuMercs/QuestsHQ/PirateClan/Protect/2/QuestAcceptedMaloc	Так точно! <clr>Передаст<clrEnd>, держи коммуникатор, скажи мистеру Тряпке, что мы согласны. Ещё раз его рёва, хоть и от радости, я не выдержу!
1512	Quest/ShuMercs/QuestsHQ/PirateClan/Protect/2/QuestAcceptedMaloc	Бойцы! У нас контракт, возможны премиальные! По кабинам!!!
1513	Quest/ShuMercs/QuestsHQ/PirateClan/Protect/2/QuestAcceptedPeople	Риск в первую очередь дело прибыльное, для одной из сторон как минимум. Понял, сейчас направлю сигнал нашим бойцам, только дождусь ответа технического отдела. Я заранее дал задание усилить оптические системы, сканеры, гравитационные измерители, в общем, всю возможную телеметрию. Да, дорого, зато представь, как это повысит шансы, что наши корабли вернутся оттуда с полезной информацией? Данные о деятельности Клана способны не одного майора в генералы перевести, так что стоить будут очень хорошо!
1514	Quest/ShuMercs/QuestsHQ/PirateClan/Protect/2/QuestAcceptedPlayer	Давно я в руки рули не брал! Всё больше на терминал управления полагаешься, а чтобы вот так, собственными силами?.. Эх-х, берёмся!
1515	Quest/ShuMercs/QuestsHQ/PirateClan/Protect/2/QuestAcceptedPlayerFei	Готовь контракт на подпись. Прогуляемся в гипер, вскроем несколько консервных банок!
1516	Quest/ShuMercs/QuestsHQ/PirateClan/Protect/2/QuestAcceptedPlayerMaloc	Люблю сражения в гиперпространстве! Там действительно чувствуешь контроль над своим кораблём! Повеселимся!
1517	Quest/ShuMercs/QuestsHQ/PirateClan/Protect/2/QuestAcceptedPlayerPeople	Скажи этому бедолаге, что мы согласны. Риск - дело благородное!
1520	Quest/ShuMercs/QuestsHQ/PirateClan/Protect/2/QuestDeclined	Понял, босс, сделаем. Что же, будет ещё одним призраком космоса больше. Кто погиб в гипере - тот становится не более, чем эхом в эфире. Страшная участь...
1521	Quest/ShuMercs/QuestsHQ/PirateClan/Protect/2/QuestDeclinedFei	*Нюх*
1522	Quest/ShuMercs/QuestsHQ/PirateClan/Protect/2/QuestDeclinedFei	*Нюх-нюх*
1523	Quest/ShuMercs/QuestsHQ/PirateClan/Protect/2/QuestDeclinedFei	*Ню-у-у-ух-х-х!*
1524	Quest/ShuMercs/QuestsHQ/PirateClan/Protect/2/QuestDeclinedFei	Я ничего не чувствую, начальник. Возможно, ты перетрудился, и твои синапсы, ответственные за обработку данных от обонятельных рецепторов, работают с отклонениями от нормы, или же у тебя простые галлюцинации. Сходи в медпункт, он у нас хороший.
1525	Quest/ShuMercs/QuestsHQ/PirateClan/Protect/2/QuestDeclinedMaloc	Так точно! А поминок это пиратское отродье не заслужило!
1526	Quest/ShuMercs/QuestsHQ/PirateClan/Protect/2/QuestDeclinedPeople	Бедолага... Хорошее определение, это ты здорово придумал! Понял, шеф, сообщу, что скоро жизнь бесполезного бедолаги закончится. Тогда, может, займёмся другими вопросами?
1527	Quest/ShuMercs/QuestsHQ/PirateClan/Protect/2/QuestDeclinedPlayer	Отвечу стихом: "скажем дружно - оно нам не нужно!" Так и передай.
1528	Quest/ShuMercs/QuestsHQ/PirateClan/Protect/2/QuestDeclinedPlayerFei	Эта миссия воняет опасностью так же ярко, как и дерьмо гобзавра. Отказываюсь!
1529	Quest/ShuMercs/QuestsHQ/PirateClan/Protect/2/QuestDeclinedPlayerMaloc	Сами вляпались, пусть сами и расхлёбывают. Помянем мистера Тряпку!
1530	Quest/ShuMercs/QuestsHQ/PirateClan/Protect/2/QuestDeclinedPlayerPeople	Откажи этому бедолаге. Риски слишком велики.
1531	Quest/ShuMercs/QuestsHQ/PirateClan/Protect/2/QuestIntro	Босс! Как здорово, что все мы здесь сегодня собрались! В смысле, ты и я. Зачем нам лишние уши, правильно? Итак, к нам прилетел один из операторов системы гиперпространственного погружения доминионов. Да, есть у Клана и такое - то ли доработали современную технологию военных, то ли используют ту, которая была у Рачехана, не разберёшь. Даже на "Краснодите" не найти обсуждений устройства или его принципов - шифруются по полной! Важно то, что они способны отправлять в гиперпузыри свои доминионы, и не так, как это происходит с военными базами - сквозной прыжок в нужную систему, нет, а с промежуточными погружениями. Удобно, пиявка их усоси! Ни гиперпираты, ни встречи с Неизвестными подобной махине не страшны, зато открываются огромные возможности. Нашему брату-контрабандисту подобная технология очень бы пригодилась. Можно было бы запирать там Чеквушу, когда особо рьяные, но совершенно ей не по статусу, ухажёры начинают перегибать тростину.
1532	Quest/ShuMercs/QuestsHQ/PirateClan/Protect/2/QuestIntro	В общем, в чём проблема? Во время очередного погружения то ли оператор допустил ошибку, то ли частоты гиперперехода совпали, но вместе с доминионом в пузыре оказался отряд доминаторов. Что могут сделать несколько небольших кораблей подобной махине? Совершенно ничего, но пираты запаниковали и начали горланить на весь эфир "спасите-помогите". Может, орудия отказали из-за каких-то помех, или они там все рагобамскими жабами обмазались, закусывая "звёздной пылью". Теперь нас просят прислать отряд для спасения их базы с основным экипажем. На всякую шелупонь, как мне передали, можно не обращать внимания, пусть хоть тонну маслин поймают. У них таких в каждой подворотне можно сотнями набирать - опустившихся, пропитых, пустых гуманоидов.
1533	Quest/ShuMercs/QuestsHQ/PirateClan/Protect/2/QuestIntro	Оператор, сообщивший новости, резво вернулся на планету <TargetPlanet> в системе <TargetStar> и ждёт нас. Там стоит установка, позволяющая создавать искусственные чёрные дыры определённой частоты, и только оттуда в данный момент можно нырнуть к доминиону <TargetNameShort>. Задача звучит просто как две кредитки - встретиться с оператором, нырнуть в чёрную дыру, спасти пиратов от участи стать эхом космоса и вернуться в привычное пространство уже с <Cost> cr. на счёте нашей организации. На практике же... Каждый контрабандист знаком с теорией пузырей на "отлично", да и мне самому приходилось биться с Неизвестными. Половина систем корабля не работает, ГЗП отказывает, пушки в многомерном пространстве ведут себя просто невероятным образом! Перед твоим прилётом я провёл небольшой экзамен нашим бойцам - парни к такому не готовы, точно говорю. Им нужен командир или, как минимум, координатор. Поэтому, если мы согласимся на контракт, <clr>тебе лично придётся принять участие<clrEnd> в операции спасения. Иначе не стоит даже пытаться - потеряем наших, технику, доверие Клана и кредиты. В данной ситуации ничего советовать не могу - выбор только за тобой.
1534	Quest/ShuMercs/QuestsHQ/PirateClan/Protect/2/QuestIntroFei	Совсем недавно мы получили послание от верхов пиратского клана. Информация о задании была записана на старинных дисках, запечатанных в конверте с надписью "Ну ваще секретно, нахрен!". После распаковки залепленного гигалентой конверта и очистки дисков от остатков белого порошка, вполне известного происхождения, я связался со своим контактом в клане и сообщил ему, что меньше чем за <Cost> cr. мы за такую работу браться не станем. А дело, собственно, вот в чём:
1535	Quest/ShuMercs/QuestsHQ/PirateClan/Protect/2/QuestIntroFei	Привет, начальник. Ты не включал в последние несколько дней аналоговое радио? Новости послушать или станцию какую, "Радио-Сри" или "Шит-ФМ". Понимаю, что такое оборудование сейчас сложно встретить где-то, кроме музеев, всё же радиосвязь давно заменили лазеры, а на галактических масштабах используют гиперпространственные пробойники, но всё же. Если нет, сейчас я сам его включу, а ты послушаешь.
1537	Quest/ShuMercs/QuestsHQ/PirateClan/Protect/2/QuestIntroFei	- ...здец какой-то! Если меня кто слышит, нас тут разделывают под орех! Обещаем заплатить за помощь любому! Дадим <Cost> денег, только придите! Да ё*кх-х-х*й ты ж в*кх-к*т!.. Будем рады даже воякам Коалиции! Пусть жизнь в тюряге, но жизнь! Свяжитесь с Обдристуном! Вот номер коммуникатора: 8-800-5553535! Быстрее, пока нас эти металлические ублюдки совсем не уг*кх-х-хк*шили! *кх-х-х-х-хк!* Мэйдэй, мэйдэй, мэй-мать-моя-Махпелла-дэй! Это доминион <TargetNameShort>...
1539	Quest/ShuMercs/QuestsHQ/PirateClan/Protect/2/QuestIntroFei	Сообщение идёт в режиме онлайн, это не запись. Невероятно, но источник сигнала находится в гиперпространстве! Точнее, в одном из пузырей, но сути это не меняет. Сигнал из более глубокой структуры пространства вселенной способен пробиться в наше! Конечно, современные комплексы связи, как я уже упоминал, также способны переодевать сигнал, искривляя или пробивая метрику пространства, но там излучение просто проходит гиперпространство насквозь, не задерживаясь в нём и вообще практически не взаимодействуя с его содержимым, как это происходит с тёмной материей. Здесь же мы видим невероятный пример технологии! Мне не до конца ясно, почему сигнал принимают лишь аналоговые радиоприёмники, которые не производятся серийно по меньшей мере 720 лет, но это уже детали. Сигнал проходит с помехами, но из-за частых повторений мне всё же удалось собрать полную информацию. Итоговые данные такие: доминион, погружаясь в гиперпузырь, специально или случайно захватил с собой отряд доминаторов. Предварительно, с точностью всего лишь в 99,35 процента, могу утверждать, что в первые же часы доминион получил повреждения множества систем, в том числе гиперпривода и, вероятно, связи. Он не может быстро всплыть или же в процессе всплытия не сможет обеспечить энергией защитные системы, и его уничтожат в процессе, а повреждения систем связи и привели к тому, что мы имеем сейчас - невозможность связаться с Кланом напрямую, а широкополосная подача сигнала. Либо эта технология является резервной, возможно, крайней степени кустарного изготовления, либо повреждения критические, и потому при пробитии межизмеренческих мембран сигнал искажается настолько, что частота излучения падает до уровня радио.
1540	Quest/ShuMercs/QuestsHQ/PirateClan/Protect/2/QuestIntroFei	Не буду нагружать твой неподготовленный для расчётов в многомерной системе координат мозг, и потому опущу многие детали. Подведя итог: доминион <TargetNameShort> готов заплатить нам крупную сумму в, если ты услышал в сообщении, <Cost> cr. Я проверил переданный номер коммуникатора - всё верно, за ним зарезервирован некий господин Обдристун, находящийся сейчас на планете <TargetPlanet> в системе <TargetStar>. Я связался с ним и без деталей, которые бы позволили ему вызвать подкрепление от Клана, рассказал о ситуации. Технологии, позволяющей погрузиться в конкретный гиперпузырь, у нас нет... Да и ни у кого нет. Чёртовы пираты! Вот доберусь я до ваших баз, будьте уверены! Ваши секреты станут моими секретами!!!
1541	Quest/ShuMercs/QuestsHQ/PirateClan/Protect/2/QuestIntroFei	Прошу прощения, начальник... Мне в последнее время приходится проводить слишком много процедур по ментальной коррекции, чтоб моё цифровое альтер-эго прапорщика Взадова не раскрыли, Совет проводит глобальную операцию по поиску шпионов в своих рядах... Как вы живёте с таким уровнем эмоциосферы? Это ужасно! В общем, технологии нет и данный Обдристун будет нашим проводником. Он потребовал биометрический код командира операции для системы "свой-чужой", и я предоставил твой. Значит, если мы согласимся на операцию по спасению доминиона, <clr>тебе лично придётся отправиться в гиперпузырь<clrEnd>. Иначе наших бойцов просто уничтожат, огневая мощь доминиона должна быть невероятной, раз он способен столь длительное время держаться под атакой превосходящих сил доминаторов. Что ответить Обдристуну, начальник?
1542	Quest/ShuMercs/QuestsHQ/PirateClan/Protect/2/QuestIntroMaloc	...Да что ты говоришь, мой сладкий? Ах, тебе что-то нужное и важное плазменным ножом без анестезии отпилят, если не договоришься с нами? Да ты ж мой хороший!
1543	Quest/ShuMercs/QuestsHQ/PirateClan/Protect/2/QuestIntroMaloc	Минуту, командир, я торгуюсь! К нам Серго залетал, с которым мы к тебе на должность соревновались, методичку "Как добазариться до покупки корабля, обоих почек и всего остального за бесценок" подарил. Вот, осваиваю!
1544	Quest/ShuMercs/QuestsHQ/PirateClan/Protect/2/QuestIntroMaloc	Так, повтори. Ну, получат твои семь детишек компенсацию от... А, у вас, сброда пиратского, господдержки не существует? Да мне плевать, пойдут телом торговать. Да, даже пацаны твои вместе с жабой! Пеленги, говорят, жабок за своих принимают, а большемозглым вообще плевать, кого любить, у этих дурней фиолетовых полов нет. Не пропадут! У меня сейчас коммуникатор замкнёт, хватит ныть! Ты же мужик! Прими правду такой, какой она есть. Это жизнь! Ало? Ало?!
1545	Quest/ShuMercs/QuestsHQ/PirateClan/Protect/2/QuestIntroMaloc	Сбросил! Видимо, не работает книженция. Позже в гальюн отнесу, всё польза. Представляешь, командир, чего захотели? Чтоб мы своих бойцов в гиперпузырь отправили! За рыданиями этого отброса без чувства гордости детали ускользнули, но если коротко, то какой-то там их доминион в пузыре застрял, да ещё и с компанией не поверишь кого - доминаторов! За что-то железяки сильно невзлюбили этих подонков. Хотя чему удивляться? Словно Клан есть за что любить! Что-то во время их гнусных дел не заладилось, и то ли погрузились в пузырь грязно, и доминаторы их выследили, то ли прям вместе с ними и нырнули. В общем, сейчас в пузыре есть орущий на всех частотах доминион и эскадра доминаторов неизвестной серии, желающих разобрать станцию Клана на семерёнки! Не спрашивай, почему пираты не отправят в гиперпузырь своих, я этой тряпке тот же вопрос задал, но кроме невнятного рёва, которому гобзавр во время спаривания позавидует, ничего в ответ не получил. Ну ладно, туда им и дорога! Мы... О, тряпка снова звонит!
1546	Quest/ShuMercs/QuestsHQ/PirateClan/Protect/2/QuestIntroMaloc	Вдубас Драгомыс Бомбардир Шестой у коммуникатора! А, это ты, отброс. Попрощался с самым ценным, что есть у мужика? Да я про гордость, дурила! Хм-м... Интересно, интересно. Говоришь, наследство есть? Да плевать мне, откуда, хоть от Королевы Грандиознобормотании! Сколько? За сколько? До скольки? Где? А по балде?! Ты звонишь мне с просьбой о помощи, делаешь это без уважения да ещё и ругаешься как мой старшина после канистры технаря? Так лучше! Всё, отбой. Отбой, я сказал! Отвечу, когда отвечу.
1547	Quest/ShuMercs/QuestsHQ/PirateClan/Protect/2/QuestIntroMaloc	А книжка-то полезной оказалась! Пожалуй, оставлю и Серго поблагодарю. В общем, командир, я выторговал нам <Cost> cr. за этот контракт. Сперва он предлагал втрое меньше. Наверняка захотел себе дольку захапать, жулик! Какое наследство вдруг появится за десять минут? Так! Как я уже говорил, доминион <TargetNameShort> окружён доминаторами в гиперпузыре, и нашей задачей в случае согласия будет уничтожение тех механических товарищей, что на него насели. Самим в нужный гиперпузырь не попасть, у Клана какая-то своя уникальная технология межзвёздных путешествий. В системе <TargetStar> нас будет ждать провожатый. Та самая тряпка, после которой коммуникатор придётся выжимать! Сейчас он сидит на планете <TargetPlanet> и наверняка молит Космос, чтобы ты дал положительный ответ. Также этот тип требует твоего личного участия в операции. Говорит, ты гуманоид известный, и в базах числишься, а наших бойцов, скорее всего, расстреляют тут же. С тобой же в группе пираты поймут, что "всё чётко", как выразился мистер Тряпка. Какие будут приказы, командир?
1548	Quest/ShuMercs/QuestsHQ/PirateClan/Protect/2/QuestIntroPeople	Приветствую, шеф! Как ты насчёт рисковой авантюры с высокими дивидендами? Нырнёшь в колодец, дна которого не видно, за золотом? И`ван, к слову, раз такой "колодец" вырыл по глупости. Тоннель решил провести сквозь планету! Гиперотлуп, как он его назвал, для магнитных поездов! Инвестиций набрал, инженеров квалифицированных... как он думал, м-да. В итоге дошёл до ядра, понял, что дальше копать невозможно, проект пришлось прикрыть, а от инвесторов скрываться как раз к нам прилетел. Ну ничего, с тех пор ума набрался, вроде, и даже сумел отработать долги. К чему это я?.. Ах, да!
1549	Quest/ShuMercs/QuestsHQ/PirateClan/Protect/2/QuestIntroPeople	С нами связался... хотел по привычке сказать "представитель", но он вообще ни разу не представительно выглядел, оборванец какой-то даже по меркам Клана. Итак, данный субъект сквозь слёзы и заплывшее от побоев лицо сообщил, что один из их доминионов, <TargetNameShort>, уходя в гиперпузырь, привлёк внимание доминаторов. Судя по степени заплывшести, "субъект" имеет к этому непосредственное отношение. Теперь ему кровь из носу необходимо найти тех, кто рискнёт прыгнуть в пузырь на выручку доминиона. И не только переносно, к слову, поверь, шеф, зрелище там такое, что я месяц теперь не усну! Шучу, сам, было дело, м-да... Бизнес, что говорить?
1550	Quest/ShuMercs/QuestsHQ/PirateClan/Protect/2/QuestIntroPeople	Конечно, спасать будем не просто так, а за плату в <Cost> cr., что очень неплохо за боевую спасательную операцию... было бы, если бы на этом информация не заканчивалась! Техническое состояние доминиона, количество доминаторов, структура пузыря - никаких данных "субъект" не дал, говорит, секрет и его сразу повесят на первом же кабеле. Как я и говорил - тёмный колодец. Играть на бирже с завязанными глазами куда менее рискованно. Если рискнёшь прыгнуть - тебе нужно лететь на планету <TargetPlanet>, что в системе <TargetStar>. Именно тебе, ты не ослышался, шеф. Наёмником каждый может назваться, так что к ним доверия у Клана нет никакого в подобных случаях, а тебя вся галактика может узнать, стоит лишь таблицу рейнджеров открыть. Лишь в твоём присутствии пиратский специалист будет готов открыть дыру в нужный пузырь. Ну а далее... как говорится, придётся отталкиваться от реалий рынка. По ситуации, в общем. Что думаешь, шеф?
1551	Quest/ShuMercs/QuestsHQ/PirateClan/Protect/2/QuestNeedToThinkPlayer	Мне надо подумать
1552	Quest/ShuMercs/QuestsHQ/PirateClan/Protect/2/QuestNoteFailed	Контракт провален. Спасаемый доминион уничтожен.
1553	Quest/ShuMercs/QuestsHQ/PirateClan/Protect/2/QuestNoteFailedByTime	Контракт провален. Провожатый пират не дождался встречи с наёмниками, пираты отменили заказ.
1554	Quest/ShuMercs/QuestsHQ/PirateClan/Protect/2/QuestNoteFailedPlayerAttack	Контракт провален. Провожатый пират был атакован наёмниками.
1555	Quest/ShuMercs/QuestsHQ/PirateClan/Protect/2/QuestNoteFailedPlayerAttackSupport	Контракт провален. Доминион <TargetNameShort> был атакован наёмниками.
1556	Quest/ShuMercs/QuestsHQ/PirateClan/Protect/2/QuestNoteFailedSupport	Контракт провален. Провожатый пират погиб.
1557	Quest/ShuMercs/QuestsHQ/PirateClan/Protect/2/QuestNoteStageFour	Контракт в процессе выполнения. Наёмникам удалось вызволить доминион <TargetNameShort> из гиперпузыря, но его преследуют доминаторы.
1558	Quest/ShuMercs/QuestsHQ/PirateClan/Protect/2/QuestNoteStageOne	Контракт в процессе выполнения. Провожатый пират ожидает встречи с наёмниками на планете <Planet> в системе <Star>.
1559	Quest/ShuMercs/QuestsHQ/PirateClan/Protect/2/QuestNoteStageThree	Контракт в процессе выполнения. Наёмники влетели в червоточину, связь с ними невозможна.
1560	Quest/ShuMercs/QuestsHQ/PirateClan/Protect/2/QuestNoteStageTwo	Контракт в процессе выполнения. Провожатый пират направляется к краю системы <Star> для открытия червоточины к доминиону <TargetNameShort>.
1561	Quest/ShuMercs/QuestsHQ/PirateClan/Protect/2/QuestNoteStageTwoAfter	Контракт в процессе выполнения. Провожатый пират открыл для нас червоточину и сбежал.
1562	Quest/ShuMercs/QuestsHQ/PirateClan/Protect/2/QuestNoteStageTwoWait	Контракт в процессе выполнения. Провожатый пират ожидает наёмников для открытия червоточины.
1563	Quest/ShuMercs/QuestsHQ/PirateClan/Protect/2/QuestNoteSuccess	Контракт выполнен. Доминион <TargetNameShort> был спасён. Оплата в размере <Cost> cr. переведена на счёт вашей организации.
1564	Quest/ShuMercs/QuestsHQ/PirateClan/Protect/2/QuestNoteTitle	<color=255,240,100>Пиратский</color> контракт на спасение доминиона <TargetName>
1565	Quest/ShuMercs/QuestsHQ/PirateClan/Protect/2/QuestNoteTitleReward	Награда за выполнение: <Cost> cr. и <Reputation> очков <color=255,240,100>репутации клана</color>
1566	Quest/ShuMercs/QuestsHQ/PirateClan/Protect/2/SupportGreeting	Поверьте, я бы очень хотел отправиться с вами! За братков, так сказать, вписаться. Но меня дома ждёт семеро голодных ребятишек, две красавицы-дочки, и вечноголодная ручная жаба. Вы ребята солидные, сразу видно - с вами шутки плохи. Так что наподдайте там доминаторам как следует, а? Ну и от меня им по окулярам тоже разок пальните.
1567	Quest/ShuMercs/QuestsHQ/PirateClan/Protect/2/SupportGreetingAfterHoleOpening	Ну, в общем, вы это - держитесь там. Вам удачи и хорошего настроения! А мне пора по тапкам...
1568	Quest/ShuMercs/QuestsHQ/PirateClan/Protect/2/SupportName	Обдристун
1569	Quest/ShuMercs/QuestsHQ/PirateClan/Protect/2/SupportTakeOffStart	Э-эм... ну, в общем, тут это, я вам сейчас быстренько всё организую, но дальше вы без меня, лады? У меня ещё дела просто очень срочные... начальство вызывает - о-очень важно. Так что вы это - летите за мной и не отставайте, короче.
1570	Quest/ShuMercs/QuestsHQ/PirateClan/Protect/2/TargetGreeting	Полундра!!! Консервные банки у нас на хвосте! Помогите от них отмазаться - век не забудем... Вы же не собираетесь нас тут бросить на произвол, правда?
1603	Quest/ShuMercs/QuestsHQ/Private/Destroy/1/AttackersGreetingFoe	Зря ты, <Player>, наехал на нашего братуху. Мы его ещё даже застраховать как следует не успели.
1604	Quest/ShuMercs/QuestsHQ/Private/Destroy/1/AttackersGreetingNormal	Тебе чего надо-то? А ну сдристни с экрана, глиста!
1608	Quest/ShuMercs/QuestsHQ/Private/Destroy/1/QuestAccepted	Отлично, босс, мне нравится! "Жаба Лэ" будет отомщена, ведь второй такой мне найти не удалось! Пойду обрадую парней, что готовится неплохая премия.
1609	Quest/ShuMercs/QuestsHQ/Private/Destroy/1/QuestAcceptedFei	Начальник, ты серьёзен сейчас? Какая судьба?! Вселенная на макро-уровне подчиняется законам причинно-следственных связей - чистая математика! При наличии достаточного количества данных мы способны рассчитать последствия любых событий, даже к чему приведёт чих конкретного гуманоида в конкретный момент времени, а значит, способны самостоятельно моделировать заданное будущее. При этом на квантовом уровне вселенная вообще вероятностна! Понимаешь? Концепция судьбы - лживая, антинаучная и просто глупая! В это могут поверить только такие недалёкие гуманоиды, как!..
1611	Quest/ShuMercs/QuestsHQ/Private/Destroy/1/QuestAcceptedFei	Бойцы! Полётное задание направлено на ваши коммуникаторы! Уничтожить, разнести до состояния частиц, превратить в облако плазмы! От себя обещаю личную благодарность в виде апгрейда двигательной системы!
1613	Quest/ShuMercs/QuestsHQ/Private/Destroy/1/QuestAcceptedFei	Надеюсь, ты пошутил, начальник, насчёт судьбы. Мне нравится работать под твоим началом.
1614	Quest/ShuMercs/QuestsHQ/Private/Destroy/1/QuestAcceptedMaloc	Так точно, командир! Приказ принят, радуюсь! <clr>Передаст<clrEnd>, где там эта Тёмная Женьшенина пристыкована? Иди обрадуй Капитана!
1615	Quest/ShuMercs/QuestsHQ/Private/Destroy/1/QuestAcceptedMaloc	Бойцы, слушай приказ! По машинам!!!
1616	Quest/ShuMercs/QuestsHQ/Private/Destroy/1/QuestAcceptedPeople	Понял!
1618	Quest/ShuMercs/QuestsHQ/Private/Destroy/1/QuestAcceptedPeople	Всем внимание! Шеф отдал распоряжение начинать. На взлёт! Взять падлу, за мёртвого лично премирую!
1619	Quest/ShuMercs/QuestsHQ/Private/Destroy/1/QuestAcceptedPlayer	Отработаем по гаду всей корабельной артиллерией. Берёмся!
1620	Quest/ShuMercs/QuestsHQ/Private/Destroy/1/QuestAcceptedPlayerFei	Берёмся! Рассечём нити, связывающие судьбы этих двоих, и положим конец заклятой вражде!
1621	Quest/ShuMercs/QuestsHQ/Private/Destroy/1/QuestAcceptedPlayerMaloc	Возрадуйся, мой верный оруженосец! Мы берёмся за это дело!
1622	Quest/ShuMercs/QuestsHQ/Private/Destroy/1/QuestAcceptedPlayerPeople	Отлично! Берёмся!
1623	Quest/ShuMercs/QuestsHQ/Private/Destroy/1/QuestDeclined	Отлично, босс, мне нравится! За кресло "Сасус" я выбил двойную цену, а сколько подобных случаев ещё будет? Пойду организую ставки, сколько агентству жить осталось.
1624	Quest/ShuMercs/QuestsHQ/Private/Destroy/1/QuestDeclinedFei	Понял, начальник. А ответ в данном споре предельно прост. Самый большой шар - это звезда UY Щита. Что тут выяснять? Достаточно просто открыть галапедию! Глупые пираты...
1625	Quest/ShuMercs/QuestsHQ/Private/Destroy/1/QuestDeclinedMaloc	Эх-х... Приказ понял, командир. Может, тогда у этого Д.В. что-то с кораблём случится и он случайно взорвётся, отлетев от нашего штаба? Тоже нет? Так точно, понял.
1626	Quest/ShuMercs/QuestsHQ/Private/Destroy/1/QuestDeclinedPeople	Зря ты так, шеф, "коридоры" реальны. Не поймут тебя парни, ох, не поймут... Ладно, сообщу, что по техническим причинам не смог тебя оповестить. А для решения таких проблем в будущем выпишу немного средств в бюджет. Ну и себе, за рвение и старание. Ты ведь не против?
1627	Quest/ShuMercs/QuestsHQ/Private/Destroy/1/QuestDeclinedPlayer	Пусть "Распутин" страдает от собственных решений. Отказываемся!
1628	Quest/ShuMercs/QuestsHQ/Private/Destroy/1/QuestDeclinedPlayerFei	Откажи ему. Пусть сами выясняют, чьи шары самые большие.
1629	Quest/ShuMercs/QuestsHQ/Private/Destroy/1/QuestDeclinedPlayerMaloc	Пират - не пират, а нет у меня желания встревать в чужие разборки.
1630	Quest/ShuMercs/QuestsHQ/Private/Destroy/1/QuestDeclinedPlayerPeople	Отказываюсь. Это же всё постановка, Серго, а кто-то хочет нашими руками проблемы свои решить.
1631	Quest/ShuMercs/QuestsHQ/Private/Destroy/1/QuestIntro	К нам обратился представитель перегонного агентства <clr>"Распутин"<clrEnd> с заказом на устранение одного из своих бывших сотрудников. Насколько мне объяснили ситуацию, "сотрудник" регулярно воровал оборудование с перегоняемых кораблей. Агентство долгое время закрывало на это глаза, затем лишало его зарплат, но, несмотря ни на что, вор продолжал упорно и нагло воровать. И все бы ничего, да только как-то раз он украл проигрыватель с корабля какого-то олигарха, а в том проигрывателе оказался диск отнюдь не с музыкой... В конечном итоге агентству было предъявлено предельно конкретное условие: либо они разберутся с вором, либо олигарх разберётся с ними. Банальная история была бы, если бы я сам недавно с таким не столкнулся! Племяшка попросила переправить ей на курортную планету, где отдыхала, свой розовый корпус - подружкам похвалиться. Я же, дурак старый, не захотел тебя своим отгулом напрягать, в этом самом агентстве услугу заказал. И точно - корпус прибыл без новейшей аудиосистемы от "Жаба Лэ" и профессионального пилотажного кресла от "Сасус"! Компенсацию получил, конечно, но сам факт. Пришлось заплатить нормальную сумму, но я узнал - это тот же тип, которого нам заказали! Летает сейчас на судне <TargetNameFull> где-то в системе <TargetStar>, подлец. Заказчик хочет, чтобы мы избавились от него до <EndDate> за сумму в <Cost> cr., а я хочу... Да пенчекряк знает, что хочу, то ли отомстить подонку за слишком длинные руки, то ли оставить всё как есть, чтоб эта контора разорилась на страховых выплатах, продолжая держать у себя подобных уродов! Оба варианта звучат неплохо, так что сам решай, босс, как поступим.
1632	Quest/ShuMercs/QuestsHQ/Private/Destroy/1/QuestIntroFei	Привет, начальник! Нам поступил контракт на ликвидацию от частного лица. Деталей заказчик раскрывать отказался, но я бы не был мной, если бы был кем-то другим. Или говорят как-то иначе? Неважно! Углубляться в морфемные конструкции, искажающие реальную суть сказанного, противоречит научному подходу, практику которого я пытаюсь ввести на всегалактическом уровне вот уже два десятилетия! В общем, я взломал его персональный коммуникатор. Что? Он пират, у них данное действие не является противозаконным. У них вообще законов нет! Просто ужас! Не волнуйся, я использовал IP-адреса прапорщика Взадова, так что вся цепочка цифрового следа, который с вероятностью в 0,00000000001 процент я мог оставить, приведёт пиратских хакеров в Совет коалиции. Как итог, я получил следующие данные: некий Ка-арл у некоего Кла-ара украл энергокристаллы. Кла-ар в ответ у Ка-арла украл фонетический синтезатор. После Ка-арл вырубил грубые слова на поверхности корабля Кла-ара, а Кла-ар в ответ нанял наёмника Алекса Андра, который прошёлся по шасси корабля Ка-арла плазменным резаком, высосав заодно досуха всю гидравлическую жидкость. Они решили выяснить отношения в соревновании по лавированию в поясе астероидов повышенной плотности, но вели себя неспортивно и оба не вылавировали, обвинив друг друга в мошенничестве. В общем, драматичные у них отношения сложились. Конец истории решил положить Ка-арл, который и просит нас устранить Кла-ара. Цель сейчас находится на борту судна <TargetNameFull>, в системе <TargetStar>. Судя по последним записям в коммуникаторе, у заказчика нет средств и возможностей защитить себя от возможных действий со стороны Кла-ара, потому он просит устранить его как можно скорее, установив крайний срок до <EndDate>. По условиям контракта, в случае выполнения задачи мы получим <Cost> cr. Решение за тобой, начальник.
1633	Quest/ShuMercs/QuestsHQ/Private/Destroy/1/QuestIntroMaloc	Командир, здравия желаю! Такой день сегодня хороший, такой хороший! Пираты заказывают пирата!!! К нам прилетел некий отморозок, представившийся как Капитан Д.В., и просит ликвидировать своего коллегу по нечистому ремеслу. В детали не вдавался, но предположу, что дело в кредитах и только в них. Капитан Давид Джонсон - так зовут гуманоида, которого надо уничтожить. Эта шваль наслышана, что Д.В. ищет способ, как лишить Джонсона черепушки, и потому уже какое-то время не пользуется личным кораблём, а живёт на корыте <TargetNameFull>. Корытом, как ты понимаешь, управляет такая же гнусь, как и наши двое "друзей", так что его уничтожение будет благом для всего Космоса, жалеть не о чем! Капитан Д.В. предлагает нам <Cost> cr., если уложимся в срок - до <EndDate>. Корабль, на котором обитает Давид, сейчас в системе <TargetStar>. Всё, что нужно - это прилететь туда, дать хороший залп из всего бортового и радоваться остывающей плазме из того, что когда-то было космическим подонком!
1634	Quest/ShuMercs/QuestsHQ/Private/Destroy/1/QuestIntroPeople	Привет, шеф! Думаю, тебе это понравится. Смотрел "коридоры уничтоженных ламп"? Реалити-шоу, показывающее кадры реальной работы одного из специальных военных подразделений. Очень популярный, И`ван любит его почти так же сильно, как мультфильмы с девочками-кошками. В общем, в одной из серий во время захвата пиратского корабля был убит пилот Дуу-Каалис - настоящая легенда! Пират сбежал, и вот недавно его обнаружили - это <TargetNameFull>. Он сейчас в системе <TargetStar>, но сколько там пробудет - неизвестно. Пока военные соберутся, он уже вновь скроется, а жажда мести как от соратников Дуу-Каалиса, так и фанатов шоу столь велика, что нам готовы выплатить <Cost> cr. за уничтожение подонка. Он должен сгореть в пламени термоядерного взрыва! Не удивляйся, я хоть и не любитель самого шоу, но Дуу-Каалис в сердце каждого обитателя галактики, в моём тоже. Есть единственное условие - убить эту сволочь надо до <EndDate>, в этот день выходит последняя серия "коридоров", и кадры гибели пирата обязаны в ней быть.
1635	Quest/ShuMercs/QuestsHQ/Private/Destroy/1/QuestNeedToThinkPlayer	Мне надо подумать
1636	Quest/ShuMercs/QuestsHQ/Private/Destroy/1/QuestNoteFailed	Контракт провален. Ваша организация не уложилась в установленный срок.
1637	Quest/ShuMercs/QuestsHQ/Private/Destroy/1/QuestNoteInProcess	Контракт в процессе выполнения. Необходимо ликвидировать цель до истечения указанного срока.
1638	Quest/ShuMercs/QuestsHQ/Private/Destroy/1/QuestNoteSuccess	Контракт выполнен. Цель была успешно ликвидирована. Оплата в размере <Cost> cr. переведена на счёт вашей организации.
1639	Quest/ShuMercs/QuestsHQ/Private/Destroy/1/QuestNoteTitle	Контракт на устранение судна <TargetName>
1640	Quest/ShuMercs/QuestsHQ/Private/Destroy/1/QuestNoteTitleReward	Награда за выполнение: <Cost> cr.
1642	Quest/ShuMercs/QuestsHQ/Private/Destroy/1/TargetGreetingFoe	Оставь меня, паскуда, я в печали!
1643	Quest/ShuMercs/QuestsHQ/Private/Destroy/1/TargetGreetingNormal	А вам чего, молодой человек? Я тут летаю - никого не трогаю... Двигайте-ка лучше своей дорогой, уважаемый.
1646	Quest/ShuMercs/QuestsHQ/Private/Destroy/1/TargetNearPirates	Ну всё, хана вам, цуцики! Не хотели по-хорошему, так будет по-нашински.
1647	Quest/ShuMercs/QuestsHQ/Private/Destroy/1/TargetNearPirates	Эй, братва - навались!
1650	Quest/ShuMercs/QuestsHQ/Private/Destroy/1/TargetOnAttack	Чего вам от меня нада!? Я простой работяга! Отвалите, пенчекряки позорные!
1654	Quest/ShuMercs/QuestsHQ/Private/Destroy/2/AttackersGreetingFoe	За нападение на военное судно при исполнении им служебных обязанностей ваш корабль подлежит немедленному и безоговорочному уничтожению! Разговор окончен.
1655	Quest/ShuMercs/QuestsHQ/Private/Destroy/2/AttackersGreetingNormal	В данный момент я нахожусь при исполнении и не намерен тратить время на разговоры с наёмниками вроде тебя.
1658	Quest/ShuMercs/QuestsHQ/Private/Destroy/2/QuestAccepted	Огромное спасибо, босс! Я уведомлю наших кровожадных мамаш, что мы берёмся за дело, и передам ребятам приказ на взлёт.
1659	Quest/ShuMercs/QuestsHQ/Private/Destroy/2/QuestAcceptedFei	Ты серьёзно снизил нагрузку на деятельность нейронов моего мозга, начальник! Спасибо! И за то, что не стал меня наказывать таким варварским средневековым способом, как закапывание заживо, тоже благодарен, гипоксия очень вредна для когнитивных функций! Официальный контракт оформлен, кредиты поступят сразу по уничтожению цели. В случае неудачи я направлю эти средства на исполнение запасного плана спасения себя. Наши бойцы уже получили сигнал на взлёт и данные по операции.
1660	Quest/ShuMercs/QuestsHQ/Private/Destroy/2/QuestAcceptedMaloc	Спасиб-бо, командир-р... У <clr>Пер-редаста<clrEnd>... Все данные. Знал, что ты... Ик!.. Не откажешь...
1661	Quest/ShuMercs/QuestsHQ/Private/Destroy/2/QuestAcceptedMaloc	*Вдубас отключился. Сколько же он выпил?! Вы достали коммуникатор и лично отдали группе приказ на взлёт. Тот, кто довёл самого Вдубаса Драгомыса до такого состояния, жить точно не заслуживает!
1662	Quest/ShuMercs/QuestsHQ/Private/Destroy/2/QuestAcceptedPeople	Спасибо огромное! В этот раз я даже не стану экономить на оснащении кораблей!
1664	Quest/ShuMercs/QuestsHQ/Private/Destroy/2/QuestAcceptedPeople	Ангар! Указанные корабли подготовить как для родной матушки! И хоть одну претензию получу - все в неоплачиваемый и бессрочный отпуск пойдёте!
1665	Quest/ShuMercs/QuestsHQ/Private/Destroy/2/QuestAcceptedPlayer	Мог и не спрашивать. Разнесём его лохань на атомы!
1666	Quest/ShuMercs/QuestsHQ/Private/Destroy/2/QuestAcceptedPlayerFei	Твоя проблема - моя проблема. Не будем прятать голову в песок, за дело!
1667	Quest/ShuMercs/QuestsHQ/Private/Destroy/2/QuestAcceptedPlayerMaloc	За тебя я любому кокпит разобью! Жди результат!
1668	Quest/ShuMercs/QuestsHQ/Private/Destroy/2/QuestAcceptedPlayerPeople	Конечно. Поднимай парней!
1669	Quest/ShuMercs/QuestsHQ/Private/Destroy/2/QuestDeclined	Жаль, босс, жаль... Ну ладно, направлю мамаш к другим организациям, по старым связям удастся всё оформить без долгого ожидания. Даст космос, успеем достать подонка.
1670	Quest/ShuMercs/QuestsHQ/Private/Destroy/2/QuestDeclinedFei	Если подходить с точки зрения шестимерного неевклидового квазистабильного пространства, то можно создать такие условия, что при любых изменениях пространственных координат возможно обеспечить бесконечную длину... Извини, начальник, я пытался, как говорят гаальские шаманы, заговорить зубы... что бы это ни значило. Хорошо, использую запасной вариант - потрачу накопленные средства на постройку сфероида с лазерной установкой, работающей на кайбер-кристаллах!
1671	Quest/ShuMercs/QuestsHQ/Private/Destroy/2/QuestDeclinedMaloc	*Вдубас отключился. Страшно подумать, сколько он выпил! Вы бы и рады были помочь другу, но в пьяной речи не расслышали точное имя придурка, который довёл Вдубаса до такого. И кого искать, кого превращать в облако пыли? Что же, будем надеяться, что, когда завтра (или через неделю) Вдубас очнётся, то не вспомнит о просьбе. Вам не хочется его расстраивать.
1672	Quest/ShuMercs/QuestsHQ/Private/Destroy/2/QuestDeclinedPeople	Шеф, да ты!.. Прав, конечно, полностью... Хорошо, обойдёмся без кровопролития. Я ведь тоже своего рода психолог, постараюсь справиться собственными силами. Благодарю, что сэкономил мне финансы своим отказом.
1673	Quest/ShuMercs/QuestsHQ/Private/Destroy/2/QuestDeclinedPlayer	Не то время, старик. Сейчас я должен отказать
1674	Quest/ShuMercs/QuestsHQ/Private/Destroy/2/QuestDeclinedPlayerFei	Я уже предупреждал тебя, Элайма. Сколь верёвочке ни виться, а конец всегда найдётся. Мой ответ - нет!
1675	Quest/ShuMercs/QuestsHQ/Private/Destroy/2/QuestDeclinedPlayerMaloc	Дружище, я не!..
1676	Quest/ShuMercs/QuestsHQ/Private/Destroy/2/QuestDeclinedPlayerPeople	Если любишь - отпусти. Слышал такое? Незачем губить жизнь зазря.
1677	Quest/ShuMercs/QuestsHQ/Private/Destroy/2/QuestIntro	Да заберите вы уже, наконец, своих чёртовых детей!!! Тут не детсад! НЕТ, СЮДА НЕЛЬЗЯ!!! Я сам ему всё расскажу! Ждите в коридоре!
1678	Quest/ShuMercs/QuestsHQ/Private/Destroy/2/QuestIntro	Да заберите вы уже, наконец, своих чёртовых мальков! Тут не детсад!!! Пенчекряк вас обгладай, сюда нельзя!!! Я сам ему всё расскажу! Ждите в коридоре!
1680	Quest/ShuMercs/QuestsHQ/Private/Destroy/2/QuestIntro	Прошу прощения, босс, но вот эти четыре прелестные дамы со своими милыми крохами, которые так и норовят открыть гермошлюз - наши новые заказчицы. Дело в том, что у всех этих чудесных деток один отец - какой-то удалой патрульный вояка <TargetNameFull>. Так уж получилось, что за свою карьеру он напатрулировал себе аж четырёх головастиков, про наличие которых в конечном итоге благополучно забыл. Обозлённые мамочки каким-то непостижимым образом узнали про существование друг друга и общими усилиями насобирали довольно неплохую сумму в <Cost> cr. для целей, совершенно не подпадающих под определение "доброжелательные" - распылить по космосу тело папани. Но сроки поджимают - нужно всё сделать до <EndDate>, после чего вояка будет переведён на штабную должность, откуда мы его уже точно никак не достанем. Ух, как же я хочу лично с ним расправиться! Отец Чеквуши точно так же уполз за грязью сразу после нереста, и сестре пришлось всеми силами добывать кредиты в одиночку. Я помогал как мог, конечно, но сам был в не лучшем положении - кредиторы так одолевали, что приходилось месяцами прятаться на незаселёнках, питаясь буквально подножным кормом, и подставлять под удар их СБ случайных рейнджеров, ха-ха-ха! Но годы, увы, не те, да и корабль не тот - всё для племяшки, а сам на корыте летаю. Поможешь, босс, утолить почти что физическую ненависть к этой отрыжке гобзавра?
1681	Quest/ShuMercs/QuestsHQ/Private/Destroy/2/QuestIntroFei	Начальник, привет! Ты бы знал, на сколько процентных пунктов поднялась выработка гормонов, отвечающих за удовлетворение, в моём организме в тот момент, когда я получил сигнал о стыковке твоего корабля! В общем... Как говорят пеленги: "бульк, бл-лк, буль-пуньк", в переводе означает "если гаальцы приняли с наркотой - хватай бластер и вали всех без разбору". Так сложилась ситуация, что мои манипуляции с серверами Совета не остались полностью незамеченными! Один молодой и энергичный военный из низших чинов начал что-то подозревать в отношении деятельности моего цифрового фантома! Он стал задавать слишком много странных и наводящих вопросов прапорщику Взадову, а последним сообщением написал "скоро я всё узнаю". Это провал, начальник! Если он сообщит в Галактпол, и они инициируют расследование, их отдел по борьбе с киберпреступлениями точно выйдет на след. А если используют мощности разведки Дзухаллага, то даже полное удаление всех данных не даст гарантии скрыться! Это не просто уголовный срок - это казнь! Ты должен мне помочь, начальник! Вселенная не должна лишиться такого гениального мозга, как мой! Я ещё столько всего не успел изучить... Не построил Теорию Всего, не открыл способа путешествовать во времени, не довёл до ума рецепт сычуаньского соуса!.. Мне нельзя гибнуть так рано! У меня разработан план, начальник! Надо уничтожить этого военного! Так, чтоб никто даже и не подумал глубоко погружаться в дело об его убийстве, чтобы следственные мероприятия сразу показали причину! И я уже всё подготовил!
1682	Quest/ShuMercs/QuestsHQ/Private/Destroy/2/QuestIntroFei	Наша проблема... Извини, начальник, <clr>моя проблема<clrEnd>, как выяснилось, очень... привержена эволюционному развитию. Он систематически ищет близкие контакты шестой степени, и ему совершенно не важен социальный, политический и даже семейный статус партнёра. Этим мы и воспользуемся! Сейчас гуманоид находится на корабле <TargetNameFull> в системе <TargetStar>. Отличная система со множеством уютных отелей. Зачем отели? Я убедил множество гуманоидов в... "профессионализме" нашего военного, отдавая предпочтение имеющим крепкие социальные связи с крупными бизнесменами или высокопоставленными чиновниками. По моим данным, он уже встретился с пятью из них. За время, что ты будешь до него добираться, это количество увеличится в несколько раз - как оказалось, ему и отели не нужны, он профессионально организовывает... "встречи" на борту своего корабля. Этим я не только отвлёк его на время - по моим расчётам, его эмоциональное состояние вернётся в исходное <EndDate> -, но и обеспечиваю прикрытие своему фантому. В момент, как ты дашь согласие - если дашь, конечно -, я отправлю в сеть всю информацию о его действиях, и количество влиятельных врагов у нашего военного значительно прибавится. При его гибели следователи даже пытаться не будут вести дело! Они не станут рисковать своими должностями, ведя расследование против гуманоидов с таким уровнем власти. Я понимаю, что вина во всей ситуации полностью на мне, и ты имеешь полное право отказать. У меня есть запасные планы, к тому же стоит ожидать, что его уничтожат и без нашего участия, но... В наших бойцах я уверен больше всего, начальник, особенно в тебе. Расчёты показывают, что твой личный успех равен 99%. От себя я направлю <Cost> кредитов, отложенных с зарплаты на исследования теории светоносного эфира, в бюджет нашей организации. Всё равно галактика ещё не готова к подобным открытиям.
1683	Quest/ShuMercs/QuestsHQ/Private/Destroy/2/QuestIntroMaloc	*Зайдя в кабинет Вдубаса, вы увидели пустующее помещение. Судя по всему, уже с неделю в кабинете никого не было. Вы вернулись в коридор штаба. Только сейчас вы поняли, что окружающие звуки слишком... стерильны? Да, отличное определение. Звуки из ангара, работа мастерских, топот магнитных подошв - всё было словно прописано программой. Вдубас добился идеальной субординации? Быть такого не может! Но тогда где же он сам?
1684	Quest/ShuMercs/QuestsHQ/Private/Destroy/2/QuestIntroMaloc	*Подчиняясь рейнджерской интуиции, вы направились в самое тихое место. Можно подумать, что это библиотека - откуда, чёрт возьми, у нас библиотека?! -, но не сегодня. Сегодня тише всего было помещение бара. Вдубас сидел в зале один. <clr>Совершенно один<clrEnd>, вы не увидели даже бармена. Вдубас квасил.
1685	Quest/ShuMercs/QuestsHQ/Private/Destroy/2/QuestIntroMaloc	Ик!.. К-команир-р... Какая же мр-р-разь! Военным себ-бя называет! Ар-рг-х! Ты!.. Ик! Пр-редствляишь?!
1686	Quest/ShuMercs/QuestsHQ/Private/Destroy/2/QuestIntroMaloc	*Вы не представляли
1687	Quest/ShuMercs/QuestsHQ/Private/Destroy/2/QuestIntroMaloc	Эта гнида!.. Убью!!!
1688	Quest/ShuMercs/QuestsHQ/Private/Destroy/2/QuestIntroMaloc	*Вдубас рванул к выходу, но не смог даже выпрямиться, а просто рухнул с табуретки. Хорошая табуретка, старинная, ручной работы. Вы также поняли, почему все на станции ходят по струнке. Малок в гневе страшен, малок-военный в гневе ужасен, пьяный малок-военный в гневе неописуем!
1689	Quest/ShuMercs/QuestsHQ/Private/Destroy/2/QuestIntroMaloc	Не м-могу, ик!.. Точно! Командир! Я т-тебе кр-редитов зап-плачу, ик!.. Из своих, <Cost>, на пенсию соб-бир-рал! Ик-ик!.. Только убей эту сволочь! Он!.. Ик!.. Позор-рит всю Коалицию! <TargetNameFull>, система <TargetStar>! У теб-бя... У тебя вр-ремени мало! До <EndDate>, иначе его уже не достать! Пр-равосудие, командир-р! Ты знаешь, что это! ПОМОГИ!
1690	Quest/ShuMercs/QuestsHQ/Private/Destroy/2/QuestIntroPeople	Шеф, в общем, к-хм... Есть просьба личного характера. У меня недавно появились перспективы качественно организовать свою личную жизнь. Всё очень серьёзно, и я хочу довести дело до конца, как минимум чтоб показать Максу пример. Наш И`ван, понимаешь, всё больше тусовки любит, вылетает на каждого "Сгоревшего Мужика" и устраивает бурные "холостяцкие" вечеринки с нашими сотрудниками в свободное время. Пора ему взрослеть, он ведь для меня почти как сын! Так вот, перспективы... Появилось небольшое препятствие. Некто <TargetNameFull>, военный, основная специальность - психология. Чёрт его знает, что во флот потянуло, но это неважно, главное - он связался с моей "перспективой", промыл ей мозги и она вот-вот разорвёт со мной все контакты! Я уже слышал от неё, что наёмники - грязь, марающая лицо разумной галактики! Что управляющий какой-то там станцией никогда не станет генералом, а вот кадровый военный, у-у-у!.. Надо устранить подлеца, шеф. Прошу... Заплачу лично <Cost> cr. Но нужно спешить. Сейчас мы с ней не общаемся, это лишь к ссорам приводит, но <EndDate> у нас серьёзный разговор назначен. Если этот доморощенный вояка на тот момент будет жив, то ничего точно не получится. Данный казанова в системе <TargetStar> сейчас. Поможешь, шеф?
1691	Quest/ShuMercs/QuestsHQ/Private/Destroy/2/QuestNeedToThinkPlayer	Мне надо подумать
1692	Quest/ShuMercs/QuestsHQ/Private/Destroy/2/QuestNoteFailed	Контракт провален. Ваша организация не уложилась в установленный срок.
1693	Quest/ShuMercs/QuestsHQ/Private/Destroy/2/QuestNoteInProcess	Контракт в процессе выполнения. Необходимо ликвидировать цель до истечения указанного срока.
1694	Quest/ShuMercs/QuestsHQ/Private/Destroy/2/QuestNoteSuccess	Контракт выполнен. Цель была успешно ликвидирована. Оплата в размере <Cost> cr. переведена на счёт вашей организации.
1695	Quest/ShuMercs/QuestsHQ/Private/Destroy/2/QuestNoteTitle	Контракт на устранение судна <TargetName>
1696	Quest/ShuMercs/QuestsHQ/Private/Destroy/2/QuestNoteTitleReward	Награда за выполнение: <Cost> cr.
1697	Quest/ShuMercs/QuestsHQ/Private/Destroy/2/TargetGreetingFoe	Эх, я тут с такой цыпой по Галанету общался, и вдруг ты нарисовался! Вали-ка лучше отсюда, пока цел!
1698	Quest/ShuMercs/QuestsHQ/Private/Destroy/2/TargetGreetingNormal	А? Шо? Тебе чего тут надо? Это частный военный канал. А ну быстро свалил с монитора, пока не выписал тебе штраф за превышение сверхсветовой!
1701	Quest/ShuMercs/QuestsHQ/Private/Destroy/2/TargetOnAttack	Э, вы чё творите-то? Вы вообще хоть соображаете башкой, на кого напали? Я тут вообще-то при исполнении!
1703	Quest/ShuMercs/QuestsHQ/Private/Destroy/2/TargetOnAttack	Эй, группа - открыть огонь по врагу!
1711	Quest/ShuMercs/QuestsHQ/Private/Protect/1/QuestAccepted	Хорошо, босс. <clr>Голубенко<clrEnd>! Прыгай за терминал, сообщи послу, что мы согласны! А я сейчас парней в ангар направлю.
1712	Quest/ShuMercs/QuestsHQ/Private/Protect/1/QuestAcceptedFei	Спасибо, начальник! Я знал, что ты поймёшь мою тягу к вселенской точности! Кстати, планеты с самой чистой водой находятся в секторах Перец, Атлан и Зондур. Мне сложно оценить степень замутнения посла, но в проточной воде эффект очистки будет наиболее успешен. Топологические карты ландшафта с самыми быстроходными реками, а также данные от ГалактПриродНадзора я тебе отправил. В целях сохранения его жизни, если это важно, советую погружать до шеи, а голову очистить корабельным душем. Бойцы тоже получили всю сопроводительную информацию и готовятся к вылету.
1713	Quest/ShuMercs/QuestsHQ/Private/Protect/1/QuestAcceptedMaloc	Понял, командир... Твои приказы обсуждать не буду, но я расстроен, знай! <clr>Передаст<clrEnd>, где там этот?.. Передай ему "да". Большего он не достоин!
1714	Quest/ShuMercs/QuestsHQ/Private/Protect/1/QuestAcceptedMaloc	Бойцы! Пора проветриться, по машинам!
1715	Quest/ShuMercs/QuestsHQ/Private/Protect/1/QuestAcceptedPeople	С такими друзьями и врагов не нужно, конечно... Помогли мне не по доброте душевной, а с конкретными целями, измеряемыми в конкретных суммах. Спасибо за выручку, шеф, я, наконец, смогу закрыть свою последнюю ипотеку, так сказать.
1717	Quest/ShuMercs/QuestsHQ/Private/Protect/1/QuestAcceptedPeople	Лётной палубе подготовить корабли к взлёту! Список отправлен бригадирам технических команд! Отчёт через два часа мне на рабочий терминал!
1718	Quest/ShuMercs/QuestsHQ/Private/Protect/1/QuestAcceptedPlayer	Звучит просто. Берёмся.
1719	Quest/ShuMercs/QuestsHQ/Private/Protect/1/QuestAcceptedPlayerFei	Так и быть, уговорил, берёмся. Выведем этого мутного типа на чистую воду!
1720	Quest/ShuMercs/QuestsHQ/Private/Protect/1/QuestAcceptedPlayerMaloc	Дело гнилое, но кредиты не пахнут, мой друг!
1721	Quest/ShuMercs/QuestsHQ/Private/Protect/1/QuestAcceptedPlayerPeople	Твой друг - мой друг, а наркотики они всё равно ж продадут. Берёмся!
1722	Quest/ShuMercs/QuestsHQ/Private/Protect/1/QuestDeclined	Хорошо, босс. <clr>Ржавый<clrEnd>! Хватит употреблять на рабочем месте, иди к техникам, пусть пушки проверят - пока что отдыхаем.
1723	Quest/ShuMercs/QuestsHQ/Private/Protect/1/QuestDeclinedFei	Как ты можешь такое говорить?! Расчёты родителей в период планирования моего рождения безупречны! Результат говорит сам за себя, ты разве не согласен?! Иногда так и хочется деградировать до состояния малока, чтобы крепко стукнуть нахала за его слова!.. Извини, это был... юмор? Тогда, наверное, смешно. Я воспользуюсь компьютерным центром нашей базы для создания алгоритма оценки уровня юмора, ты не против?
1724	Quest/ShuMercs/QuestsHQ/Private/Protect/1/QuestDeclinedMaloc	Так точно! Я знал, что ты сделаешь разумный выбор!
1725	Quest/ShuMercs/QuestsHQ/Private/Protect/1/QuestDeclinedMaloc	А насчёт этой дряни я сообщу в администрацию сектора. Кредитов мы за это не получим, но душевное удовлетворение тоже чего-то стоит, я прав?
1726	Quest/ShuMercs/QuestsHQ/Private/Protect/1/QuestDeclinedPeople	Доминаторам бы таких друзей... Понял, улажу вопрос самостоятельно. Надеюсь, на мой долг не станут начислять слишком большие дополнительные проценты...
1727	Quest/ShuMercs/QuestsHQ/Private/Protect/1/QuestDeclinedPlayer	Звучит сомнительно. Откажемся.
1728	Quest/ShuMercs/QuestsHQ/Private/Protect/1/QuestDeclinedPlayerFei	Откажусь, Элайма, и не будь так критичен к ошибкам, ведь если бы не ошибка - тебя не было бы.
1729	Quest/ShuMercs/QuestsHQ/Private/Protect/1/QuestDeclinedPlayerMaloc	Если будем помогать всяким отбросам при власти, не то, что доминаторам проиграем - сами себя на свалку истории отправим! Отказываемся!
1730	Quest/ShuMercs/QuestsHQ/Private/Protect/1/QuestDeclinedPlayerPeople	Я бы хотел, чтобы наркотики не долетели до адресата. Откажи своим друзьям.
1731	Quest/ShuMercs/QuestsHQ/Private/Protect/1/QuestIntro	Привет, босс! С нами связался посол с планеты <TargetPlanet>. Скоро у него должны состояться важные переговоры с одним из пиратских ханов на планете <DestinationPlanet>. Посол переживает за свою безопасность, место встречи находится на пиратской территории, а потому он просит у нас вооружённый эскорт. Увы, больше деталей нам не предоставили, так что глядеть стоит во все глаза, сколько бы их у наших парней ни было. Напоминает игру в карты с Чеквушечкой - вы оба знаете, что колода краплёная и держите наготове бластер под столом, чтоб пристрелить, когда всё пойдёт совсем плохо, ха-ха! Бластер, конечно, игрушечный, но в лоб всё равно прилетает больно. Знаю не понаслышке, рука у племяшки самая быстрая на диком Рахише, ха!
1732	Quest/ShuMercs/QuestsHQ/Private/Protect/1/QuestIntro	В общем, за обеспечение собственной безопасности заказчик обещает выплатить <Cost> cr. сразу же по возвращении в родной космопорт. Что думаешь, босс?
1733	Quest/ShuMercs/QuestsHQ/Private/Protect/1/QuestIntroFei	Начальник, привет! У тебя нет данных о какой-то дипломатической активности со стороны Коалиции в отношении Клана? Не сходятся только что полученные данные с симуляционными предсказаниями... По данным предсказаний дипломатическая активность должна сводиться к минимуму, в диапазоне между 1,345 и 2,678 процента, но связавшийся с нами пару дней назад гуманоид, представившийся послом планеты <TargetPlanet>, утверждает, что осуществляет свою деятельность между планетой, которую представляет, и планетой <DestinationPlanet>, на регулярной основе. Это увеличивает предел прогноза на семь тысячных! Представляешь?! Я сжёг три вычислительных центра, пытаясь найти ошибку в расчётах! Практически скомпрометировал Взадова, вызвав вопросы, почему же это простой прапорщик запрашивает странные расчёты на квантовом компьютере Центрального правительства! Знаешь, сколько времени отдыхало каждое из моих полушарий? Нисколько! Невозможные данные, начальник! Безумные! Или это я схожу с ума?..
1734	Quest/ShuMercs/QuestsHQ/Private/Protect/1/QuestIntroFei	В общем, на моё счастье, он обратился к нам с целью нанять для эскорта, предлагает также безумные для охраны простого чиновника деньги в размере <Cost> cr. Мы можем взяться за это дело и, возможно, в процессе выполнения контракта выяснить детали его деятельности. Это очень поможет мне сохранить рассудок, начальник!
1735	Quest/ShuMercs/QuestsHQ/Private/Protect/1/QuestIntroMaloc	Командир, здравия желаю! Эти чинуши совсем оборзели! На голубом глазу, не скрываясь, говорит о провозе контрабанды! Да не какой-то там роскоши, а огромной партии наркотиков! Более десяти тонн "гердаина", две цистерны "болта" и мешок кокаинома! Представляешь?! О чём я? Нам поступил контракт на охрану одного чинуши с планеты <TargetPlanet>. Эта дрянь работает уважаемым послом, пытается наладить отношения с пиратами. Вернее, так это выглядит, но судя по написанному, официальная должность - не более чем прикрытие, а на самом деле на судне <TargetName> к пиратам регулярно транспортируются огромные объёмы всего, что можно пить, нюхать и колоть. Вот и в этот раз наш "посол" отправляется на "дипломатическую миссию в особо крупном размере" к пиратскому хану на планету <DestinationPlanet>. Конечно же, гнилая душа нашего тварища - и я не оговорился, он именно что тварищ! - трясётся за свою шкуру, ведь столько наркотиков - это не только ценные кредиты, но три, а то и четыре звания в их клановой шайке. Какую мзду ни отдай, всегда найдётся десяток желающих быстро подняться в ранге и легко кредитов заработать. Потому этот фэянин в малокской шкуре предлагает нам <Cost> cr. за то, что мы сопроводим его до места встречи и обратно на его родную планету. Как только корабль "посла" коснётся опорами космопорта, контракт будет считаться выполненным, а мы получим свои деньги. Дело не должно быть сложным, но гнилым оно точно является!
1736	Quest/ShuMercs/QuestsHQ/Private/Protect/1/QuestIntroPeople	Не буду ходить вокруг да около, шеф, скажу прямо. Нужно прикрыть одного наркоторговца. В своё время мне сильно помогла одна преступная группа, известная сейчас как "Скользкие руки". Если бы не они, я бы, может, не только здесь не стоял, а вообще, лежал бы на глубине пары метров под бетоном, м-да... Лихие 290-е, знаешь. И сейчас Дазыкагз Сиша просит оказать ответную услугу - организовать вооружённый эскорт замаскированному под обычного посла судну <TargetName>, сопроводив его до планеты <DestinationPlanet>, где он должен сбыть невероятно крупную партию мощного растительного наркотика. Мне пообещали, что всё пройдёт тихо, и потребуется лишь встретить "посла" на планете <TargetPlanet>, сопроводить до места, а потом обратно. В случае согласия нашей организации обеспечено будущее уважение всех вольных разбойников, а слово такого человека не пустой звук. Ну что, шеф?
1737	Quest/ShuMercs/QuestsHQ/Private/Protect/1/QuestNeedToThinkPlayer	Мне надо подумать
1738	Quest/ShuMercs/QuestsHQ/Private/Protect/1/QuestNoteFailed	Контракт провален. Посол погиб.
1739	Quest/ShuMercs/QuestsHQ/Private/Protect/1/QuestNoteFailedByTime	Контракт провален. Посол не дождался встречи и отменил заказ.
1740	Quest/ShuMercs/QuestsHQ/Private/Protect/1/QuestNoteStageOne	Контракт в процессе выполнения. Посол ожидает встречи с наёмниками в системе <Star>.
1741	Quest/ShuMercs/QuestsHQ/Private/Protect/1/QuestNoteStageThree	Контракт в процессе выполнения. Посол успешно завершил встречу, и теперь возвращается обратно на планету <Planet>.
1742	Quest/ShuMercs/QuestsHQ/Private/Protect/1/QuestNoteStageTwo	Контракт в процессе выполнения. Посол направляется к месту встречи на планету <Planet> в систему <Star>.
1743	Quest/ShuMercs/QuestsHQ/Private/Protect/1/QuestNoteStageTwoWait	Контракт в процессе выполнения. Посол на аудиенции с пиратским ханом на планете <Planet>.
1744	Quest/ShuMercs/QuestsHQ/Private/Protect/1/QuestNoteSuccess	Контракт выполнен. Посол успешно вернулся на планету <Planet>. Оплата в размере <Cost> cr. переведена на счёт вашей организации.
1745	Quest/ShuMercs/QuestsHQ/Private/Protect/1/QuestNoteTitle	Контракт на охрану судна <TargetName>
1746	Quest/ShuMercs/QuestsHQ/Private/Protect/1/QuestNoteTitleReward	Награда за выполнение: <Cost> cr.
1748	Quest/ShuMercs/QuestsHQ/Private/Protect/1/TargetGreeting	А, это ты главный в вашей банде? Впрочем, неважно. Будь рядом, держи стволы наготове и задавай поменьше вопросов - я не за разговоры вам плачу.
1751	Quest/ShuMercs/QuestsHQ/Private/Protect/1/TargetLanding	Встреча продлится примерно <Wait> дн. Рекомендую вам также посетить планету <Planet>, здесь можно раздобыть отменную звёздную пыль!
1752	Quest/ShuMercs/QuestsHQ/Private/Protect/1/TargetName1	Брик
1753	Quest/ShuMercs/QuestsHQ/Private/Protect/1/TargetName2	Воробейко
1754	Quest/ShuMercs/QuestsHQ/Private/Protect/1/TargetName3	Сколотов
1757	Quest/ShuMercs/QuestsHQ/Private/Protect/1/TargetTakeOffEnd	Фух, всё прошло как по маслу. Теперь летим домой. После того, как я приземлюсь в космопорте планеты <Planet>, вы получите обещанную награду.
1760	Quest/ShuMercs/QuestsHQ/Private/Protect/1/TargetTakeOffStart	Наконец-то я вас дождался. Не будем терять ни минуты, я уже и так опаздываю. Охраняйте меня, пока не доберёмся до планеты <Planet>.
1763	Quest/ShuMercs/QuestsHQ/Private/Protect/2/AttackersGreeting	О, очередной жалкий наёмник, возомнивший себя грозой Галактики. У тебя нет ни чести, ни достоинства, а твою дешёвую лояльность можно купить за кровавые грязные деньги! Терпеть не могу таких, как ты!
1766	Quest/ShuMercs/QuestsHQ/Private/Protect/2/PirateName1	Иваныч
1767	Quest/ShuMercs/QuestsHQ/Private/Protect/2/PirateName2	Степаныч
1768	Quest/ShuMercs/QuestsHQ/Private/Protect/2/PirateName3	Фомич
1769	Quest/ShuMercs/QuestsHQ/Private/Protect/2/QuestAccepted	Понял, босс, обрадую клиента. Свяжусь лично, уж больно забавно он конечности загибал. Что же с ним будет, когда о нашем согласии услышит, ха!
1770	Quest/ShuMercs/QuestsHQ/Private/Protect/2/QuestAcceptedFei	Отдаю приказ на взлёт нашим бойцам, начальник! Также могу заметить, что на моём новом комбинезоне нет никаких карманов, он создан так, чтобы быть максимально удобным и безопасным, без возможности зацепиться за какое-то лабораторное оборудование. Все дополнительные контейнеры крепятся на магнитные липучки с силой сцепления в несколько сотен грамм. Могу и тебе изготовить подобный, сидит почти как естественный кожный покров.
1771	Quest/ShuMercs/QuestsHQ/Private/Protect/2/QuestAcceptedMaloc	Разумно, командир, сам собирался отдать такой приказ. Скажу <clr>Передасту<clrEnd>, чтоб снарядом летел к клиенту, передавал согласие.
1772	Quest/ShuMercs/QuestsHQ/Private/Protect/2/QuestAcceptedMaloc	Бойцы! По кабинам и на взлёт! Полётное задание уже отправил!
1773	Quest/ShuMercs/QuestsHQ/Private/Protect/2/QuestAcceptedPeople	Ну что ты, шеф? Конечно, скидка была, но перед этим я назвал сумму кратно выше стандартных расценок. Семейные узы не должны мешать бизнесу, сам Кузьмич это прекрасно понимает. Он уже за пистолет схватился, когда я отказался сбросить ещё пару сотен кредитов! К счастью, в кобуре у него каким-то образом оказался огурец, так что этот раунд переговоров оказался за мной. Пойду обрадую его.
1774	Quest/ShuMercs/QuestsHQ/Private/Protect/2/QuestAcceptedPeople	Ангар? Приказ о подготовке машин к взлёту направлен, на проверку и мелкий ремонт - два часа! Уведомить пилотов, готовность десять минут. Опоздавшим никакой выпивки в течение недели. Логи журналов проверки мне на коммуникатор немедленно, техника у нас дорогая.
1775	Quest/ShuMercs/QuestsHQ/Private/Protect/2/QuestAcceptedPeople	Скоро вернусь, шеф! Если найдутся другие указания - вызывай немедленно.
1776	Quest/ShuMercs/QuestsHQ/Private/Protect/2/QuestAcceptedPlayer	Пиратов бояться - в космосе не летать. Рискнём, пожалуй.
1777	Quest/ShuMercs/QuestsHQ/Private/Protect/2/QuestAcceptedPlayerFei	Вот умеешь ты уговаривать, Элайма, за словом в карман не лезешь. Берёмся!
1778	Quest/ShuMercs/QuestsHQ/Private/Protect/2/QuestAcceptedPlayerMaloc	Действительно просто. Поднимай парней и передай, чтоб одна пушка всё время смотрела в нашего клиента. Мало ли...
1779	Quest/ShuMercs/QuestsHQ/Private/Protect/2/QuestAcceptedPlayerPeople	Наверняка ведь скидку "для своих" сделал, а? Ладно, говори моё веское "да" и поднимай народ.
1780	Quest/ShuMercs/QuestsHQ/Private/Protect/2/QuestDeclined	Как скажешь, босс. Пойду расстрою клиента. Свяжусь лично, уж больно забавно он конечности загибал. Когда услышит отказ, наверняка настоящий припадок случится, ха-ха!
1781	Quest/ShuMercs/QuestsHQ/Private/Protect/2/QuestDeclinedFei	Операция не подразумевает даже выход из кабины корабля! Физического взаимодействия с какими-то верёвочными изделиями не будет! Но если ты говоришь "нет" - значит, нет. Пусть это и означает стагнацию теоретической науки...
1782	Quest/ShuMercs/QuestsHQ/Private/Protect/2/QuestDeclinedMaloc	Так точно! И-и-и!.. Отказано! Ох ты! Вот это выражение, надо запомнить! И вот это словечко красивое. Эх, а вот эту фразу мне бы знать, когда я старшиной был...
1783	Quest/ShuMercs/QuestsHQ/Private/Protect/2/QuestDeclinedPeople	Понял тебя, шеф... Не буду спорить, не мне за рычагами управления сидеть, тебе виднее. Пойду тогда проставлюсь в качестве извинений и поищу по старым каналам кого надёжного по сходной цене. Пока не ушёл, может, есть ещё важные вопросы?
1784	Quest/ShuMercs/QuestsHQ/Private/Protect/2/QuestDeclinedPlayer	Доверюсь твоему опыту и чутью, не будем брать этот заказ.
1785	Quest/ShuMercs/QuestsHQ/Private/Protect/2/QuestDeclinedPlayerFei	Хорошее дело авантюрой не назовут. Не стоит совать голову в петлю, откажемся.
1786	Quest/ShuMercs/QuestsHQ/Private/Protect/2/QuestDeclinedPlayerMaloc	Чем проще дело кажется, тем опаснее окажется. Мутный тип, а дела его ещё мутнее. Откажи.
1787	Quest/ShuMercs/QuestsHQ/Private/Protect/2/QuestDeclinedPlayerPeople	Родственные связи - не повод подвергать себя лишнему риску, сомнительное дельце. Откажусь я
1788	Quest/ShuMercs/QuestsHQ/Private/Protect/2/QuestIntro	Ты как нельзя вовремя, босс! У нас горячий контракт, заказчик весь дрожал в ожидании ответа. Простое с виду дельце - дать одному известному контрабандисту несколько наших парней для охраны. Сопроводить от планеты <TargetPlanet> в системе <TargetStar> до системы <DestinationStar>, помахать вооружением, изображая серьёзность намерений и вернуться обратно. За всё - плата <Cost> cr. Но даже племяшка, когда была головастиком, почуяла бы подвох! Данный тип мне не знаком, хотя я сам контрабандист известный, бултыхаюсь в этом болоте практически с того времени, как впервые смог удержать в руке бластер. Новичок, скорее всего. Спешка, опять же, всё в последний момент... Закопается он однажды, точно говорю, и может, сейчас именно тот раз. Если возьмёшься - будь настороже.
1789	Quest/ShuMercs/QuestsHQ/Private/Protect/2/QuestIntroFei	Начальник, здравствуй! Ты знаешь о теории детерминизма вселенной? Она гласит, что любые события и явления взаимосвязаны, и каждое проистекает из другого. Считается, что знание всех данных обо всём в конкретный момент времени позволит как предсказать будущее вселенной на миллиарды лет вперёд, так и наоборот расшифровать прошлое нашей вселенной вплоть до момента большого взрыва! Так вот, есть гуманоид по имени Кузьмич. Живёт аморально, регулярно попирает нормы галактической морали со стороны... с любой стороны, как ни взгляни, при этом невероятно образован, но любит риск. Удивительные сочетания! Я случайно попал на частоту процессора его штаб-квартиры, когда... взла... мывал... сервера... Со... ве... та... из-ви-ни, начальник. У них самые лучшие суперкомпьютеры! Ты знаешь, на что способен их ХА-ХАЛ-9000? Вот и я не знаю, а ведь так хочется!.. Иногда так сильно, что сам себе удивляюсь - откуда столько воодушевления? Порой готов рисковать моим самым глубоко внедрённым цифровым агентом прапорщиком Взадовым!..
1790	Quest/ShuMercs/QuestsHQ/Private/Protect/2/QuestIntroFei	Это всё неважно! Я могу предсказать, что ты будешь делать - пожуришь меня да отпустишь "думать над содеянным". Мы ведь знаем, что нужны друг другу, правда? Главное - этот Кузьмич является идеальным представителем для исследования детерминистической теории. Его поступки столь хаотичны, что ставят сами основы теории под сомнение, даже с учётом полного доступа к нервной активности его мозга. Удивлён, что я могу даже такие данные получить? О, тут всё очень просто - он так себя киборгизировал, что я разве что не знаю о... А, знаю. Я знаю о нём всё! Но даже так связь прошлого с будущим невероятно размыта и вариативна - идеальный кандидат для калибровки алгоритмов! И теперь он ввязался в некую авантюру, суть которой мне не совсем ясна. Но мне хочется ругаться как последний малок при проигрыше в войне, ведь Кузьмич нашёл древний артефакт, блокирующий большую часть сигналов, и мои способности к отслеживанию ограничены... Нужно самим принять участие в его акции, чем бы она ни была! Не волнуйся, не просто так - операция сопряжена с риском вооружённого столкновения, и потому представитель Кузьмича в данном мероприятии ищет надёжную охрану. Я заблокировал аккаунты каждого вероятного наёмника, и теперь мы - единственные, кто способен оказать поддержку.
1791	Quest/ShuMercs/QuestsHQ/Private/Protect/2/QuestIntroFei	Представитель Кузьмича оценивает операцию в <Cost> cr. Он будет ожидать охрану в системе <TargetStar>, его корабль, по моим данным, уже прошёл техобслуживание на планете <TargetPlanet>. Как только прибудет эскорт, он направится в систему <DestinationStar>. Далее ситуация в крайней степени непредсказуема, так что я не возьмусь даже предполагать - надо слушать представителя и следовать его указаниям. Поверь, начальник, для науки это очень важно! И я порекомендовал бы тебе согласиться даже без оплаты!
1792	Quest/ShuMercs/QuestsHQ/Private/Protect/2/QuestIntroMaloc	Есть контракт, командир. И этот контракт мне не нравится. Всё просто как научить годовасика стрелять из рельсовой винтовки: есть некий... клиентов до сих пор нельзя оскорблять?.. коммерсант, специязырящий... Спе-ци-а-ли-зи-ру-ю-щий-СЯ! На продаже различного запрещённого в одних местах и ещё более запрещённого в других. Частное лицо, ни на кого не работает, ни перед кем не отвечает. А должен бы, как минимум перед галактической полицией! Пишет, что хоть сам гуманоид не промах, но его клиент - гуманоид ещё круче. Запросил у нас эскорт в преддверии новой деловой встречи, не столько для охраны, сколько для придания веса своей персоне. Ничего сложного, покружить рядышком, воронёными стволами артиллерии поблестеть в лучах звезды <DestinationStar>. Встречаем нашего вероятного подзащитного на планете <TargetPlanet> в системе <TargetStar>, летим, куда скажет, ждём успешной сделки и по ангарам, ожидая зачисления <Cost> кредитов на счёт. Говорю же, проще простого!
1793	Quest/ShuMercs/QuestsHQ/Private/Protect/2/QuestIntroPeople	Ну что за бардак, а? Почему форма 3.14 рядом с протоколом Б-52? А это что? Бланк запроса снабжения по СОРТ15? Я его столько времени ищу, а он устарел уже! Ушёл в отпуск на две недели, называется, оставил И`вана Макса за главного! Наверняка в облаках летал вместо работы, о полёте на остров Йепстейна всё мечтал, точно говорю! Ну ничего, у меня на этого пеленга хитрохвостого столько компромата, всё сейчас в сеть улетит, чтоб не разлагал мне трудовую дисциплину в коллективе! О, шеф! Привет!
1794	Quest/ShuMercs/QuestsHQ/Private/Protect/2/QuestIntroPeople	Извини за небольшой трудовой беспорядок. Дай мне полчаса - и всё в лучшем виде будет! Пришёл узнать, как с заказами? Неплохо, развивается организация. Бойцы берут всякую мелочь, эскорт там, убийства, обычные курьерские заказы - всё как у всех. Но и серьёзная работа имеется, конечно. Вот буквально перед твоим прибытием мой дядька об услуге попросил. Гад редкостный, на самом деле, но в своё время почти заменил мне отца. Если бы не Кузьмич, я бы, может, работал сейчас где-нибудь на НБ в техническом отделе за МРОТ и дальше кабинета мира не видел... В общем, у него сделка на носу, но он сильно перепил недавно. Сам уже не помнит, что, с чем и в каких количествах мешал, лишь знает, что там не только алкоголь был. С похмелья мучается уже неделю, даже медицинские специалисты из гаальцев не понимают, как подобное лечить. А сделка очень серьёзная. Пилота на замену он нашёл, но гуманоид мутный. Планета <TargetPlanet>, как и вся система <TargetStar>, полностью "своя", так что контроль за грузом до гиперпрыжка будет полный, а дальше спорные территории, и нужны свои люди. В основном - контроль за действиями курьера, но нельзя исключать и боевого столкновения с конкурентами. Сама сделка будет происходить в звёздной системе <DestinationStar>. Как только курьер с деньгами вернётся обратно на подконтрольную "глазам" Кузьмича планету - зарплата в размере <Cost> кр. будет наша. Ну что, возьмёмся, шеф?
1795	Quest/ShuMercs/QuestsHQ/Private/Protect/2/QuestNeedToThinkPlayer	Мне надо подумать
1796	Quest/ShuMercs/QuestsHQ/Private/Protect/2/QuestNoteFailed	Контракт провален. Контрабандист погиб.
1797	Quest/ShuMercs/QuestsHQ/Private/Protect/2/QuestNoteFailedByCargo	Контракт провален. Товар контрабандиста был потерян.
1798	Quest/ShuMercs/QuestsHQ/Private/Protect/2/QuestNoteFailedBySupport	Контракт провален. Все потенциальные покупатели контрабанды уничтожены.
1799	Quest/ShuMercs/QuestsHQ/Private/Protect/2/QuestNoteFailedByTime	Контракт провален. Контрабандист не дождался встречи и отменил заказ.
1800	Quest/ShuMercs/QuestsHQ/Private/Protect/2/QuestNoteStageOne	Контракт в процессе выполнения. Контрабандист ожидает встречи с наёмниками в системе <Star>.
1801	Quest/ShuMercs/QuestsHQ/Private/Protect/2/QuestNoteStageThree	Контракт в процессе выполнения. Контрабандист успешно завершил сделку, и теперь возвращается обратно на планету <Planet>.
1802	Quest/ShuMercs/QuestsHQ/Private/Protect/2/QuestNoteStageTwo	Контракт в процессе выполнения. Контрабандист направляется к месту встречи в системе <Star>.
1803	Quest/ShuMercs/QuestsHQ/Private/Protect/2/QuestNoteStageTwoWait	Контракт в процессе выполнения. Контрабандист проводит сделку в системе <Star>.
1804	Quest/ShuMercs/QuestsHQ/Private/Protect/2/QuestNoteSuccess	Контракт выполнен. Контрабандист добрался до своего убежища. Оплата в размере <Cost> cr. переведена на счёт вашей организации.
1805	Quest/ShuMercs/QuestsHQ/Private/Protect/2/QuestNoteTitle	Контракт на охрану судна <TargetName>
1806	Quest/ShuMercs/QuestsHQ/Private/Protect/2/QuestNoteTitleReward	Награда за выполнение: <Cost> cr.
1808	Quest/ShuMercs/QuestsHQ/Private/Protect/2/SupportGreeting	Я тебя не знаю и знать не хочу. Проваливай с экрана!
1811	Quest/ShuMercs/QuestsHQ/Private/Protect/2/TargetAfterSale	Эх, девиябл бы побрал всех этих законников! Ну, чего стоите, наёмнички?! Отвлекайте их, пока я тащу своё ведро до точки перехода. Если не дотяну до своей берлоги - не видать вам моих бабок!
1813	Quest/ShuMercs/QuestsHQ/Private/Protect/2/TargetBeforeSale	- Здарова, пасаны! Чё, как поживаете? Чем дышите? А где же <color=255,240,100>Кузьмич</color>, заблудился шо ли?
1814	Quest/ShuMercs/QuestsHQ/Private/Protect/2/TargetBeforeSale	- А хрен его знает. Сказал, что голова гудит с похмелья, мол, чтобы мы сами тереть летели.
1815	Quest/ShuMercs/QuestsHQ/Private/Protect/2/TargetBeforeSale	- Ну ничего-ничего, всяко бывает. Ладно, делаем как обычно - я скидываю товар, а вы переводите бабки. Ну, на счёт четыре...
1816	Quest/ShuMercs/QuestsHQ/Private/Protect/2/TargetGreeting	А классная у тебя контора, начальник! Стильно, солидно, и со вкусом. Если вдруг стволы по дешёвке подогнать надо будет - обращайся, по цене не обижу.
1817	Quest/ShuMercs/QuestsHQ/Private/Protect/2/TargetName1	Грей
1818	Quest/ShuMercs/QuestsHQ/Private/Protect/2/TargetName2	Луврентий
1819	Quest/ShuMercs/QuestsHQ/Private/Protect/2/TargetName3	Чронсон
1820	Quest/ShuMercs/QuestsHQ/Private/Protect/2/TargetTakeOffStart	Так значит, это вы меня будете охранять? Ну добро, вижу, парни вы серьёзные. Чисто по плану всё должно пройти гладко-ламинатно, но вы и сами должны понимать, что приключиться в свободном космосе может всякое...
1821	Quest/ShuMercs/QuestsHQ/Private/Protect/2/TargetTakeOffStart	Короче, сейчас все дружно прыгаем в систему <Star> - тама, значит, и состоится встреча.
1823	Quest/ShuMercs/QuestsHQ/Private/Protect/2/WarriorsAttack	- Никому не двигаться! Отдел по борьбе с организованной секторальной преступностью! Вы задержаны по подозрению в нарушении статьи <color=255,240,100>1894</color> ГУК "О незаконном обороте запрещённых товаров в особо крупных размерах"!
1824	Quest/ShuMercs/QuestsHQ/Private/Protect/2/WarriorsAttack	- Паскуда, <color=255,240,100>Кузьмич</color>! Заложил нас, гнида! Текайте, хлопцы!
1828	Quest/ShuMercs/QuestsHQ/Private/Protect/3/LinerName1	Доходяг
1829	Quest/ShuMercs/QuestsHQ/Private/Protect/3/LinerName2	Недоплат
1830	Quest/ShuMercs/QuestsHQ/Private/Protect/3/LinerName3	Переработ
1831	Quest/ShuMercs/QuestsHQ/Private/Protect/3/LinerName4	Пенсионавт
1832	Quest/ShuMercs/QuestsHQ/Private/Protect/3/LinerName5	Депрессит
1833	Quest/ShuMercs/QuestsHQ/Private/Protect/3/QuestAccepted	Понял, босс. Сейчас отправлю <clr>Голубенко<clrEnd>, чтоб собрал команду из наших лучших боевых нянь. Пострашнее и поуродливее, ха-ха-ха!
1834	Quest/ShuMercs/QuestsHQ/Private/Protect/3/QuestAcceptedFei	Понял, начальник, направляю полётное задание на коммуникаторы наших бойцов. А ещё... Галактическая валюта действительно такая вкусная? По моим данным, кредиты в физическом виде - это платиновые пластинки с гравировкой, а металл на вкус... как металл. Можно по возвращении я тебя... изучу? Крайне любопытный феномен!
1835	Quest/ShuMercs/QuestsHQ/Private/Protect/3/QuestAcceptedMaloc	Вот уж точно, командир! В клумбу особо строгого режима!
1836	Quest/ShuMercs/QuestsHQ/Private/Protect/3/QuestAcceptedMaloc	Бойцы! Время подумать о детях! По кабинам!!!
1837	Quest/ShuMercs/QuestsHQ/Private/Protect/3/QuestAcceptedPeople	Ты поаккуратнее, шеф, с такими разговорами. После таких переговоров нашу репутацию отдыхом в сауне с ящиком Махпеллы Дарк будет не спасти. Придётся приложить немало кредитов сверху, понимаешь? В общем, я тебя понял, сейчас направлю приказы на подготовку кораблей в ангар и пилотам в... где бы они ни были: бар, бордель, библиотека. Да, у нас есть библиотека, и даже пользуется спросом! Ещё задачи будут, шеф?
1838	Quest/ShuMercs/QuestsHQ/Private/Protect/3/QuestAcceptedPlayer	Раз он такой оратор, то и с детьми проблем не будет. Берёмся!
1839	Quest/ShuMercs/QuestsHQ/Private/Protect/3/QuestAcceptedPlayerFei	Обожаю вкус халявной наживы! Принимай контракт!
1840	Quest/ShuMercs/QuestsHQ/Private/Protect/3/QuestAcceptedPlayerMaloc	Дети - цветы жизни, пусть некоторые из них и стоит крепко посадить. Берёмся, наши бойцы точно не подкачают!
1841	Quest/ShuMercs/QuestsHQ/Private/Protect/3/QuestAcceptedPlayerPeople	Деньги неплохие, берёмся. А с детьми я говорить умею, язык артиллерии даже они понимают.
1842	Quest/ShuMercs/QuestsHQ/Private/Protect/3/QuestDeclined	Прекрасно тебя понимаю, босс. Подождём чего-то более достойного, да и наши ребята не особо-то горели желанием брать на себя такую ответственность. Чем ещё могу помочь?
1843	Quest/ShuMercs/QuestsHQ/Private/Protect/3/QuestDeclinedFei	И вновь ты вышел за пределы моих симуляций! Я рассчитал, что ты дашь согласие, бойцам полётный маршрут уже направил. Посылаю сигнал отмены... Стой! Запах керосина? Я ничего не чувствую! Это может означать лишь одно - заражение мозговыми червями! Они пожирают мозг носителя, из-за чего нарушаются нейронные связи, и сигналы искажаются, вызывая галлюцинации всех видов! Тебе срочно надо в медпункт! И вообще всем надо в медпункт! Я закрываю штаб на карантин!!! Никто не взлетит и не влетит, пока Я этого не позволю!!!!!
1844	Quest/ShuMercs/QuestsHQ/Private/Protect/3/QuestDeclinedFei	А-а-а, это такое выражение устойчивое, сейчас вот нашёл в галанете... Отмена режима биологической угрозы! Вывести реактор из критической фазы! А? А, да, это я на всякий случай: вдруг обнаружить источник не удалось.
1845	Quest/ShuMercs/QuestsHQ/Private/Protect/3/QuestDeclinedMaloc	Что ж ты такой злой? Чиновник в детстве отпинал ногой? Но хоть и жестоко, ты, конечно, прав. Да и сомневаюсь, что такой ценный груз кто-то будет уничтожать. Захватят без шума и пыли, и будут выкуп просить. Так что ничего с детишками не случится.
1846	Quest/ShuMercs/QuestsHQ/Private/Protect/3/QuestDeclinedPeople	Разумно, шеф. Кто знает, какую "рекламу" нам могут организовать эти мажористые малолетки, если им вдруг что не понравится. Увидят, что наши бойцы летают не на премиумных корпусах "Буратти Вейрон Модель XYZ-5000 Ультра Про 500GB", и пойдут разносить в СМИ, что наша организация нищая и бесполезная. Пусть лучше их по космосу распылят. И техника цела, и вселенная немного очистится. Что-то ещё обсудить хочешь?
1847	Quest/ShuMercs/QuestsHQ/Private/Protect/3/QuestDeclinedPlayer	Для нас это слишком мелко, никакого престижа. Откажемся.
1848	Quest/ShuMercs/QuestsHQ/Private/Protect/3/QuestDeclinedPlayerFei	Пожалуй, дело пахнет керосином. Откажемся.
1849	Quest/ShuMercs/QuestsHQ/Private/Protect/3/QuestDeclinedPlayerMaloc	И выпустим в мир десятки зажравшихся бюрократов? Вот уж уволь!
1850	Quest/ShuMercs/QuestsHQ/Private/Protect/3/QuestDeclinedPlayerPeople	Детский сад, скафандр на лямках... Не хочу вмешиваться, откажемся.
1851	Quest/ShuMercs/QuestsHQ/Private/Protect/3/QuestIntro	На этой неделе с заказами как-то туго. Есть, правда, один контрактик на охрану пассажирского лайнера. Да только вот не простого, а школьного!
1852	Quest/ShuMercs/QuestsHQ/Private/Protect/3/QuestIntro	Да-да, знаю, знаю... Вся эта возня с мальками та ещё морока. Я и сам не особо хотел тебе предлагать, однако директор "Высшей специальной школы №228 для особо одаренных гуманоидов" - язык сломаешь, еле выговорил! -, с планеты <TargetPlanet> заверил меня в необходимости обеспечения надёжного сопровождения для их кратковременного туристического тура. "Именно сейчас, в эти неспокойные варварские времена, юным дарованиям, являющимся нашей надеждой на светлое и прекрасное будущее, как никому другому необходимо чувство защищённости и уверенности в завтрашнем дне!" Ага, именно так и сказал. Ему бы в президенты попробовать пойти, с такими-то речами! Даже Чеквушечку проняло, а с её врождённым скептицизмом, которому профессионалы из Дзухаллага позавидуют, это ого-го как! Я с ней поделился разговором. Не переживай, босс! Я племяшке как себе доверяю, ей можно любой наш секрет доверить.
1853	Quest/ShuMercs/QuestsHQ/Private/Protect/3/QuestIntro	Там этот директор ещё всякого разного наговорил, меня то в слёзы, то в жар бросало. А я ведь хладнокровный! В общем, если покороче, то среди тех "даровитых" мальков будет присутствовать сын самого мэра планеты <TargetPlanet>, и если с лайнером что-то случится, то ровно то же самое единомоментно случится и с их школьным директором. Принцип "квантовой запутанности" в прикладной физике, так сказать, ха-ха! Так вот, в обмен на наши услуги по обеспечению безопасности малолетних охламонов, он предлагает нам отнюдь не детское вознаграждение в размере <Cost> cr. из фонда родительского комитета. Не могу сказать, что охранять мелюзгу будет весело, но зато и работёнка обещает быть не пыльной. Что скажешь?
1854	Quest/ShuMercs/QuestsHQ/Private/Protect/3/QuestIntroFei	Начальник! К нам обратились представители школы №228 с предложением взять на себя услуги по охране их лайнера, который будет совершать экскурсионный тур по обитаемой Галактике. Как мне передали, по слухам сейчас в космос вышли адепты "Культа Майкла Джексона", и лайнер с несовершеннолетними гуманоидными особями для них самая интересная добыча. Но кто я такой, чтобы доверять слухам, верно? Я всё проверил сам! И могу с уверенностью сказать, что ничего из сказанного не подтвердилось. Но глупые мысли глупых суеверных гуманоидов, не способных открыть Галапедию и узнать, что данный культ уже давно переименован в "Культ Майкл-не-виновен-Джексон", а его адепты занимаются волонтёрской и благотворительной деятельностью, нам только на пользу, ведь за эскорт предлагают немалые <Cost> cr. Не удивляйся, название "школа" лишь дань традиции, а на самом деле это профессиональный лицей с политической направленностью для самых обеспеченных детей. Видные галактические учёные, профессиональные игроки на бирже, политики - данное заведение выпускает элиту из элит, поэтому данная сумма, с вероятностью в 99,999999 процентов, для школьного руководства не является значительной. Надо было просить больше, но в моём гороскопе написано не рисковать в торговых сделках. Я как ученый, конечно же, не верю в эту чушь! Но мало ли...
1855	Quest/ShuMercs/QuestsHQ/Private/Protect/3/QuestIntroFei	Также с вероятностью в 99,9888888 процентов никто из космических бандитов не посмеет даже близко подлететь к лайнеру, так что операция имеет минимальный уровень риска. Конечно, с вероятностью в 0,0111111 ты погибнешь... Но не переживай, начальник, с большим шансом ты умрёшь, споткнувшись при подъёме на корабль! Бояться совершенно нечего! Координаты точки старта тура нам отправят сразу же, как дадим согласие - опасаются, что эти их мифические "культисты" перехватят сигнал. Ну так что, начальник?
1856	Quest/ShuMercs/QuestsHQ/Private/Protect/3/QuestIntroMaloc	Командир, здравствуй! Имеется просьба от знакомого знакомой жены друга моего армейского товарища, которую передал наш с ним общий сослуживец, который через месяц ушёл в другой батальон. В общем, просьба приятная и более чем уважаемая - надо предоставить эскорт частному школьному лайнеру. Там, конечно, не школьники, а одни раздолбаи - дети самых влиятельных представителей обитаемой галактики. Сам понимаешь, что это за детишки и как они оценивают своё место в жизни. Но, должен признать, хоть они и отморозки порой хуже настоящих пиратов, учатся в этой школе №228 по-настоящему! Кредиты кредитами, а если успеваемость низкая, дитятку оттуда выпнут невзирая на регалии родителей. Отличный подход! И вот нас попросили охранять их во время школьной поездки. Не задарма, конечно, директор - тот самый знакомый знакомой жены друга моего армейского товарища, с которым общий сослуживец через месяц ушёл в другой батальон - предлагает оплатить эскорт в размере <Cost> cr. из фонда школы. Такая сумма, и при этом он вообще не торговался! Уверен, что предложил бы и больше, но хоть эти школьники те ещё поганцы, а просить больше за охрану детишек я не смог! Ну что, командир, возьмём на себя ответственность?
1857	Quest/ShuMercs/QuestsHQ/Private/Protect/3/QuestIntroPeople	Привет, шеф! Знаешь о таком учебном заведении, как "Высшая специальная школа №228 для особо одаренных гуманоидов"? Позиционирует себя как максимально элитная и престижная, в которой учится цвет Коалиции - дети видных политиканов и чиновников, гениальных инженеров, самых богатых бизнесменов и так далее. На самом деле это всё ширма. Обучение, может, действительно первоклассное, но вот поведение детей полностью отдано самим детям. Сам понимаешь, если преподаватель хоть слово скажет сыну президента сектора, он не только перестанет быть преподавателем, а и вообще перестанет быть. Именно о них Димон "Пеленг" Пучковый говорил "малолетние дебилы", ага. И`ван Макс мой, кстати, даже проучился там целых два дня. По итогу вместе с Пучковым написал статью "тупые отходы жизнедеятельности тупых отходов жизнедеятельности", которая стала громким трендом в СМИ на годы, и ушёл в бизнес.
1858	Quest/ShuMercs/QuestsHQ/Private/Protect/3/QuestIntroPeople	Ближе к делу - эти малолетки допрыгались. Кто-то связался с пиратами по каналам своих родителей и слил всю информацию о готовившемся турне по ряду систем. Группировка, с которой говорили эти "цветы жизни", оказалась не из "своих", так что управление школы всерьёз беспокоится, что во время экскурсии может произойти нападение с целью захвата заложников. Как минимум на корабле будут дети мэра планеты <TargetPlanet>, а это уже миллионы кредитов как с куста. Директор боится докладывать об этом родителям тех поганцев, что подставили под удар школу, ведь его могут как свидетеля на три метра в землю или без скафандра в шлюз, потому обратился к нам с просьбой нанять охрану. Предлагает <Cost> cr. из своих личных. Мне бы такую зарплату, конечно... Я не намекаю, шеф, просто мечты, не бери в голову. Дело вроде лёгкое, но когда приходится иметь дело с такими отморозками, нельзя ничего предугадать. Что думаешь, шеф?
1859	Quest/ShuMercs/QuestsHQ/Private/Protect/3/QuestNeedToThinkPlayer	Мне надо подумать
1860	Quest/ShuMercs/QuestsHQ/Private/Protect/3/QuestNoteFailed	Контракт провален. Охраняемый лайнер был уничтожен.
1861	Quest/ShuMercs/QuestsHQ/Private/Protect/3/QuestNoteFailedByAggression	Контракт провален. Вы напали на охраняемый лайнер.
1862	Quest/ShuMercs/QuestsHQ/Private/Protect/3/QuestNoteFailedByTime	Контракт провален. Лайнер не дождался встречи, заказ был отменён.
1863	Quest/ShuMercs/QuestsHQ/Private/Protect/3/QuestNoteStageOne	Контракт в процессе выполнения. Лайнер ожидает встречи с наёмниками в системе <Star> на планете <Planet>.
1864	Quest/ShuMercs/QuestsHQ/Private/Protect/3/QuestNoteStageThree	Контракт в процессе выполнения. Лайнер возвращается обратно на планету <Planet>.
1865	Quest/ShuMercs/QuestsHQ/Private/Protect/3/QuestNoteStageTwo	Контракт в процессе выполнения. Лайнер совершает туристический круиз по системе <Star>.
1866	Quest/ShuMercs/QuestsHQ/Private/Protect/3/QuestNoteSuccess	Контракт выполнен. Лайнер благополучно возвратился на планету <Planet>. Оплата в размере <Cost> cr. переведена на счёт вашей организации.
1867	Quest/ShuMercs/QuestsHQ/Private/Protect/3/QuestNoteTitle	Контракт на охрану судна <TargetName>
1868	Quest/ShuMercs/QuestsHQ/Private/Protect/3/QuestNoteTitleReward	Награда за выполнение: <Cost> cr.
1870	Quest/ShuMercs/QuestsHQ/Private/Protect/3/TargetGreeting	Вы что-то хотели, <Player>? У нас пока всё по расписанию. Но вы всё равно там далеко не отлетайте, ладно?
1871	Quest/ShuMercs/QuestsHQ/Private/Protect/3/TargetReturning	Наше турне благополучно завершилось, и сейчас мы возвращаемся домой на планету <Planet>. Эх, поскорее бы уже взять отпуск и оказаться подальше от этих спиногрызов.
1872	Quest/ShuMercs/QuestsHQ/Private/Protect/3/TargetTakeOffStart	Капитан корабля <Liner> приветствует вас! Нам тут предстоит небольшое турне из <FirstStar> в <SecondStar>. По пути мы планируем посетить все обитаемые планеты в этих системах. Всецело вверяю нашу безопасность в надёжные руки вашей профессиональной команды. У нас на борту находится много добрых и прекрасных дет... *помехи*... А ну отдай сюда, ты, мелкий...
1874	Quest/ShuMercs/QuestsHQ/Private/Protect/3/TargetTakeOffStart	Йоу, чуморда! Ты там булки не расслабляй, ок? Я передал своему знакомому лякушке, што наш класс палитит сматреть всякую унылую херню. А лякушка мой среди местных баальшой автаритет, сечёшь? Так што я хачу пасматреть на клёвый касмический ебой. А если мне чё-то не панравится, то батя с тебя три шкуры сдерёт, усёк?!
1876	Quest/ShuMercs/QuestsHQ/Private/Protect/3/TargetTakeOffStart	*помехи*... Ну, как видите, уважаемый <Player>, сын у нашего мэра очень... смышлёный малый. Так что искренне вас прошу - позаботьтесь о детях!
1877	Quest/ShuMercs/QuestsHQ/Private/Protect/3/TargetWasAttacked	На нас напали! Мы в срочном порядке возвращаемся обратно на планету <Planet>. Как только приземлимся, я лично выпорю этого мелкого гнусного паршивца! А потом напьюсь... И уволюсь. Точнее, меня уволят. Но об этом потом, а сейчас надо подумать о детях!
1878	Quest/ShuMercs/QuestsHQ/Private/Protect/3/TargetWasAttackedByPlayer	Черт бы вас побрал, <Player>! Я думал, что вы на нашей стороне, а вы нас уничтожить решили?! Неужто этот мелкий поганец и вас сумел подкупить!!?
1881	Quest/ShuMercs/QuestsHQ/Private/Protect/4/AttackersGreetingDomicAnswer	Ничего не понимаю. У меня нет Интеркома.
1887	Quest/ShuMercs/QuestsHQ/Private/Protect/4/AttackersGreetingDomikIntercom0	Зафиксировано излучение гамма-класса, кодовое обозначение объекта: <clr>зета-один-два-девять-пять-эпсилон<clrEnd>
1888	Quest/ShuMercs/QuestsHQ/Private/Protect/4/AttackersGreetingDomikIntercom0	Объект подлежит немедленному уничтожению.
1889	Quest/ShuMercs/QuestsHQ/Private/Protect/4/AttackersGreetingDomikIntercom0	Выполнение альтернативных задач заблокировано центральным процессором.
1890	Quest/ShuMercs/QuestsHQ/Private/Protect/4/AttackersGreetingDomikIntercom1	Зафиксировано излучение гамма-класса, кодовое обозначение объекта: <clr>зета-один-два-девять-пять-эпсилон<clrEnd>
1891	Quest/ShuMercs/QuestsHQ/Private/Protect/4/AttackersGreetingDomikIntercom1	Объект подлежит немедленному изучению.
1892	Quest/ShuMercs/QuestsHQ/Private/Protect/4/AttackersGreetingDomikIntercom1	Выполнение альтернативных задач заблокировано центральным процессором.
1893	Quest/ShuMercs/QuestsHQ/Private/Protect/4/AttackersGreetingDomikIntercom2	Зафиксировано излучение гамма-класса, кодовое обозначение объекта: <clr>зета-один-два-девять-пять-эпсилон<clrEnd>
1894	Quest/ShuMercs/QuestsHQ/Private/Protect/4/AttackersGreetingDomikIntercom2	Объект подлежит немедленному преобразованию.
1895	Quest/ShuMercs/QuestsHQ/Private/Protect/4/AttackersGreetingDomikIntercom2	Выполнение альтернативных задач заблокировано центральным процессором.
1896	Quest/ShuMercs/QuestsHQ/Private/Protect/4/AttackersGreetingPirate	Лучше вали-ка ты отсюда, пока цел, <Player>! Наш босс хочет видеть корабль этого кидалы в разобранном состоянии, а если станешь мешаться, то и твой корабль тоже за компанию разберём... Я, кстати, реально бортмеханик четвёртого разряда, так что демонтирую всё как надо - можешь не сомневаться!
1897	Quest/ShuMercs/QuestsHQ/Private/Protect/4/AttackersGreetingWarrior	Согласно приговору "Верховного суда по правам пяти свободных рас Коалиции", <TargetName> за "присвоение в ИСКЛЮЧИТЕЛЬНО крупных размерах государственного имущества, многочисленные акты мошенничества, вандализма, вымогательства и шантажа должностных лиц" - подлежит НЕЗАМЕДЛИТЕЛЬНОЙ ЛИКВИДАЦИИ! Приговор окончательный и обжалованию не подлежит! Если вы, <Player>, или ваши подчиненные попытаетесь нам помешать, то будете привлечены к уголовной ответственности в качестве соучастников преступления!
1898	Quest/ShuMercs/QuestsHQ/Private/Protect/4/AttackersGreetingWarrior	А потому просто летите своей дорогой и не мешайте нам делать нашу работу.
1899	Quest/ShuMercs/QuestsHQ/Private/Protect/4/BKFlashDriveText	НЕ МОЖЕТ БЫТЬ!!! ... ДА НЕТ ЖЕ, НУ БЫТЬ ТОГО НЕ МОЖЕТ!!!
1900	Quest/ShuMercs/QuestsHQ/Private/Protect/4/BKFlashDriveText	Я просто не верю своим глазам! Это ТОЧНО не подделка?! Давайте её сюда скорей, я должен удостовериться, что это не чей-то скудоумный розыгрыш...
1902	Quest/ShuMercs/QuestsHQ/Private/Protect/4/BKFlashDriveText	Невероятно!!! Та самая флешка покойного <clr>Сафимото<clrEnd>, на которой хранится легендарный первый зетакойн! Я предлагаю вам прямо сейчас выкупить его по... текущему курсу. Вы ведь согласны, правда? Хотя конечно вы согласны! Вы же не хотите, чтобы мы начали задавать вам неудобные вопросы, откуда именно она у вас взялась? Вот и отлично.
1903	Quest/ShuMercs/QuestsHQ/Private/Protect/4/BKFlashDriveText	Так-с... Посмотрим, что там по курсу... ОХ, МАТЬ МОЯ!!! ...Кхм, простите - это было непрофессионально. Просто поставьте свою подпись вот здесь... Ага, а теперь ещё вот тут - там, где крохотусенькая надпись: "полная передача собственности без права претензий". Великолепно!
1904	Quest/ShuMercs/QuestsHQ/Private/Protect/4/BKFlashDriveText	Что ж, примите мои поздравления, <Player>! Вы стали счастливым обладателем суммы в <clr>0.00000345%<clrEnd> от стоимости легендарного утерянного зетакойна <clr>Сафимото<clrEnd>. Это ровно <Cost> cr., если что. Ну а мы, с сегодняшнего дня, самая крупная в Галактике криптовалютная биржа! Эй-эй, полегче, не то охрану позову! Я лично считаю, что сегодня вы ИСКЛЮЧИТЕЛЬНО удачно смогли реализовать ваш бесполезный кусок платины с наценкой аж в <clr>5300%<clrEnd>. И пусть эта мысль согревает вас долгими космическими ночами, когда вы вновь увидите меня с экрана своего грязного монитора на обложке "StarForbes", в окружении двух очаровательных фэяночек...
1905	Quest/ShuMercs/QuestsHQ/Private/Protect/4/CBFlashDriveText	Хмм, крайне любопытно. Позволь взглянуть?
1907	Quest/ShuMercs/QuestsHQ/Private/Protect/4/CBFlashDriveText	Ну, в общем, так, <Player> - в интересах всего пиратского клана, эту флешку мы у тебя в добровольно-принудительном порядке изымаем. В награду за её доставку ты получишь <Cost> cr. и <RankPoints> очков пиратского звания, и за это я ожидаю услышать от тебя в ответ только "большое спасибо", ведь, как правило, тупицы, которые доставляют нам нечто подобное, и имеют наглость отвечать что-то иное, в итоге получают в награду лишь бромированную пулю...
1910	Quest/ShuMercs/QuestsHQ/Private/Protect/4/PlayerAskBKAboutFlashDrive	Слушайте, у меня вот тут платиновая <clr>флешка<clrEnd> завалялась, почём возьмёте?
1911	Quest/ShuMercs/QuestsHQ/Private/Protect/4/PlayerAskCBAboutFlashDrive	Я тут, кстати, одну <clr>флешку<clrEnd> случайно нашёл, на ней какие-то секретные военные чертежи - не могли бы глянуть?
1912	Quest/ShuMercs/QuestsHQ/Private/Protect/4/PlayerAskWBAboutFlashDrive	Я тут, кстати, одну <clr>флешку<clrEnd> случайно нашёл, на ней какие-то секретные военные чертежи - не могли бы глянуть?
1914	Quest/ShuMercs/QuestsHQ/Private/Protect/4/PlayerCBFlashDriveThanks	Большое спасибо!
1915	Quest/ShuMercs/QuestsHQ/Private/Protect/4/PlayerWBFlashDriveThanks	Рад служить Коалиции
1916	Quest/ShuMercs/QuestsHQ/Private/Protect/4/QuestAccepted	Понял, босс. Тогда передам приятелю, чтобы ожидал наших ребят в грузовом космопорте. Надо бы не забыть дописать в квитанцию стоимость ящичка контрабандной "Махпеллы"...
1917	Quest/ShuMercs/QuestsHQ/Private/Protect/4/QuestAcceptedFei	Отлично, сигнал направлен, через 3 минуты, 56 целых и 45 сотых секунды последний из задействованных в отряде бойцов будет в рубке своего корабля. Заказчик переведён из разряда "теоретический" в "фактический"!
1918	Quest/ShuMercs/QuestsHQ/Private/Protect/4/QuestAcceptedFei	Также хочу отметить, что волк действительно способен питаться одними ногами, но он не так глуп, чтобы оставлять падальщикам всё остальное. Я бы сказал так: волка ноги кормят, а ещё туловище, внутренние органы и кровь убитого животного. В теплое время волков также кормят плоды растений. Иногда, в период бескормицы, волка кормят пресмыкающиеся, лягушки и даже насекомые. Согласись, начальник, это более всеобъемлющая фраза в отношении данного животного!
1919	Quest/ShuMercs/QuestsHQ/Private/Protect/4/QuestAcceptedMaloc	Приказ понял, командир!
1920	Quest/ShuMercs/QuestsHQ/Private/Protect/4/QuestAcceptedMaloc	Орлы, вылет по готовности! Глядеть во всю оптику и держать руки на гашетке! В случае чего - валить всех без разбора! Потеряете командира - можете в штаб не возвращаться, гарантирую медленную и мучительную смерть в приоткрытом шлюзе!
1921	Quest/ShuMercs/QuestsHQ/Private/Protect/4/QuestAcceptedPeople	Отлично, шеф! Действительно, деньги неплохие, риски прогнозируемые. В цену заказа, что я назвал заказчику, включена закупка новой техники и похоронные для всей группы - даже при худшем раскладе потери кредитов не будут значительными. Главное, ты сам не умирай, тебя кредитами не вернуть.
1922	Quest/ShuMercs/QuestsHQ/Private/Protect/4/QuestAcceptedPeople	И приказ на взлё-о-о-от!.. Он есть! Все распоряжения отправлены. Можешь быть спокоен. Что-то ещё, может?
1923	Quest/ShuMercs/QuestsHQ/Private/Protect/4/QuestAcceptedPlayer	Тогда я очень испорчен, ведь ты можешь идти и сообщить другу, что мы согласны.
1924	Quest/ShuMercs/QuestsHQ/Private/Protect/4/QuestAcceptedPlayerFei	Волка ноги кормят, а наёмника - хорошие заказы. Рискнём, пожалуй!
1925	Quest/ShuMercs/QuestsHQ/Private/Protect/4/QuestAcceptedPlayerMaloc	Ципцилот - полезное знакомство. Рискнём сунуть голову в пасть пенчекряка, а в случае подставы успеем и "приятеля" на тот свет отправить!
1926	Quest/ShuMercs/QuestsHQ/Private/Protect/4/QuestAcceptedPlayerPeople	Соглашаемся! Опасности примерно ясны, мы будем готовы.
1927	Quest/ShuMercs/QuestsHQ/Private/Protect/4/QuestDeclined	Не берём заказ? Ну, как скажешь. Жаль, конечно, ведь сам-то по себе малый он хороший, но от всего этого дела разит подвохом похлеще, чем от помёта пенчекряка, так что, может, оно и к лучшему.
1928	Quest/ShuMercs/QuestsHQ/Private/Protect/4/QuestDeclined	Тогда к другим вопросам, если они есть?
1929	Quest/ShuMercs/QuestsHQ/Private/Protect/4/QuestDeclinedFei	Запа... что? Я не понимаю... Горбатиться? Это когда из-за мутаций вырастает горб? "Фраер"? Что это за слово?! А-а-а!!!...
1931	Quest/ShuMercs/QuestsHQ/Private/Protect/4/QuestDeclinedFei	*Элайма замер. В тишине слышались громкие пощёлкивания его мозговых имплантов-расширителей. Гро-о-омкие пощёлкивания... Его голова пару раз неестественно дёрнулась, и он снова заговорил.
1933	Quest/ShuMercs/QuestsHQ/Private/Protect/4/QuestDeclinedFei	Просёк, начальник. Задвину его по масти, чтоб не рыпался больше к нашим. А если засекут фраера возле хазы - словит маслину в рыло. Чаво еще базаришь, начальник?
1934	Quest/ShuMercs/QuestsHQ/Private/Protect/4/QuestDeclinedMaloc	Так точно, командир!
1935	Quest/ShuMercs/QuestsHQ/Private/Protect/4/QuestDeclinedMaloc	Эй, на шхуне! Готовность 5 минут отменяется, можете расслабить свои седалища, орлы!
1936	Quest/ShuMercs/QuestsHQ/Private/Protect/4/QuestDeclinedPeople	Полностью поддерживаю, шеф. Пусть деньги неплохие, но риски спрогнозировать сложно. Если бы удалось в цену заказа добавить закупку новой техники, похоронные для всей группы и обучение новых бойцов так, чтобы в ноль выходили... К сожалению, за такую сумму можно целый пиратский клан нанять, у нас здесь, всё же, не притон, а серьёзная организация с качественной боевой техникой и профессионалами.
1937	Quest/ShuMercs/QuestsHQ/Private/Protect/4/QuestDeclinedPeople	Ладно, не его сегодня день, значит, в бизнесе такое случается. Ещё задачи будут, шеф?
1938	Quest/ShuMercs/QuestsHQ/Private/Protect/4/QuestDeclinedPlayer	Значит, я чист перед вселенной как капля спирта, ведь отвечу отказом.
1939	Quest/ShuMercs/QuestsHQ/Private/Protect/4/QuestDeclinedPlayerFei	Откажем ему, на его же языке: западло нам, бродягам, с этим фраером горбатиться.
1940	Quest/ShuMercs/QuestsHQ/Private/Protect/4/QuestDeclinedPlayerMaloc	Ну тебе-то уж точно! Ещё надо проверить, чей "укус" мощнее - у тебя или капкана. Но ты прав, дело гиблое однозначно, откажемся.
1941	Quest/ShuMercs/QuestsHQ/Private/Protect/4/QuestDeclinedPlayerPeople	Откажемся! Опасность неизвестна, неясно, к чему готовиться.
1947	Quest/ShuMercs/QuestsHQ/Private/Protect/4/QuestIntro	Босс! Ты как нельзя вовремя! Пару деньков назад со мной связался один мой старый приятель по, к-хм... не утверждённой экспроприации частной собственности. Да, и таким приходилось заниматься в молодости, чтоб Чикурашу с племяшкой поддержать. Вернуть бы те деньки... Грабежи, разбой, "выкинь груз, а то отнимут", эх-х! В общем, о приятеле. Отмечу сразу - далеко не заурядный бандит. Дружище мой - настоящий, закоренелый, убеждённый вольный пират. Никому не служит - никому не должен. А если кто думает, что он тому должен, то, как правило, ценой в пару зубов данную мысль удаётся выкупить, ха-ха! Помню случай, как мы с ним на пару угнали транспорт прямо из-под носа звена служивых охламонов. Такая потом погоня была, ух! Гнались за нами аж через три сектора, до самой чёрной дыры! Да-а-а...
1948	Quest/ShuMercs/QuestsHQ/Private/Protect/4/QuestIntro	Ну так вот, <Pirate> попросил нас встретить его на планете <BeginPlanet> в системе <BeginStar> и обеспечить прикрытие, пока тот не "изымет" какую-то "в натуре козырную висюльку" с планеты <TargetPlanet>, после чего в целости сопроводить его обратно.
1949	Quest/ShuMercs/QuestsHQ/Private/Protect/4/QuestIntro	На первый взгляд дельце обещается лёгкое, а предлагает он за него солидные <Cost> cr. Однако чую я - дружба дружбой, но не всё он мне рассказать решил, темнит <Pirate>. Не осуждаю и тебе не советую - нормальная практика. Каждый рискует в меру своей испорченности, как говорится. Но я уже не зелёный головастик, да и не сам в пещеру к гобзавру лезу, предупредить обязан - на месте ситуация может обернуться прескверно. Что конкретно за "висюльку" он оттуда собрался "изымать", приятель говорить категорически отказывается, так что последствия предугадать невозможно. В общем, последнее слово оставляю за тобой, босс.
1950	Quest/ShuMercs/QuestsHQ/Private/Protect/4/QuestIntroFei	Начальник, привет. У меня очередной контракт от очередного не самого законопослушного гражданина. И чего они все именно к нам летят?.. Я, кстати, провёл некоторые расчёты и выяснил, что, если мы будем отправлять данные по каждому второму заказчику в штаб флота, то сможем заработать даже больше, чем на выполнении заказов! Конечно, падение репутации начнёт происходить по экспоненте, нас самих станут "заказывать" у конкурентов, и в итоге мы останемся вообще без какого-либо заработка, но как разовая акция может сработать. Я улечу куда-нибудь в глубины космоса и буду там проводить свои исследования, а ты... Ты с вероятностью в 0,9999999 погибнешь, ведь такого "бизнесмена" не станут терпеть даже честные жители нашего рукава. Но да ладно! Контракт!
1951	Quest/ShuMercs/QuestsHQ/Private/Protect/4/QuestIntroFei	Мне... сложно воспроизвести оригинальную орфографию теоретического заказчика, так что буду говорить своими словами. Итак! Некто <Pirate> просит нас предоставить ему группу охранения, пока он занимается процессом экспроприации - наверняка незаконной -, некоего ценного изделия - наверняка не бесхозного -, предположительно, предназначенного для внешнего ношения в качестве украшения. По крайней мере толковый словарь Педаля именно так трактует термин "в натуре козырная висюлька". Теоретический заказчик уточняет, что его необходимо встретить на планете <BeginPlanet> в системе <BeginStar> и следовать за ним до планеты <TargetPlanet>. Как только процесс экспроприации - повторю, что наверняка незаконной! - будет завершён, потребуется сопроводить теоретического заказчика обратно в пункт отправления. По завершении мы получим оплату в виде <Cost> cr. К сожалению, больше никакой информации нам не предоставили, что значительно увеличивает риски. Так по результатам моих предварительных симуляций не исключается даже вариант прорыва Покрова и нападения космофауны. Я бы не советовал тебе браться за это дело, начальник.
1952	Quest/ShuMercs/QuestsHQ/Private/Protect/4/QuestIntroMaloc	Командир, ты не представляешь, кто к нам обратился! Сам Ципцилот! Ты не знаешь, кто это? Мошенник и аферист по сути, готовый продать ближнего своего за бокал втыкилы, но при этом считающийся крайне уважаемым в преступном и наёмничьем мире пеленгом! Говорят, одно его слово - и хозяева Центра Наёмников готовы хоть с фэянином в засос поцеловаться! Отвратительно! В общем, сначала он, как всегда, прожужжал мне все уши про свою ненаглядную племянницу, как там её? Чеквушечка, кажется? А после предложил простой на первый взгляд контракт: нужно сопроводить его приятеля до планеты <TargetPlanet>, дождаться, пока он сделает какое-то своё мутное дело и довести обратно в целости. Точкой встречи назначена <BeginPlanet> в системе <BeginStar>. <Pirate>, тот самый приятель Ципцилота, по возвращении обещает аж <Cost> cr.! Ничего опасного на пути не предвидится, как утверждает приятель Ципцилота, рутинная операция. Ох и мутное же дело! Космический круиз за такие кредиты? Я вас умоляю! В капкан на гобзавра прыгнуть выглядит безопаснее!
1953	Quest/ShuMercs/QuestsHQ/Private/Protect/4/QuestIntroPeople	Привет, шеф. По частному каналу пришёл запрос на сопровождение корабля. Скажу я тебе, контакт с той стороны был крайне специфический. Словарный запас нашего И`вана Макса пополнился кратно, но боюсь, не в лучшую сторону, м-да... Он собрал словарь, загрузил его в своего новенького интеллектуального ассистента Хи-Ааи, и теперь ни один пользователь его понять не может! Я заглянул на пару форумов - все думают, что это такая загадка, игра в дополненной реальности. А И`ван уже на другое переключился, и ему совершенно не важно, чем Хи-Ааи живёт.
1954	Quest/ShuMercs/QuestsHQ/Private/Protect/4/QuestIntroPeople	Значит, к делу. Клиент был очень откровенен, у нас оказалось несколько старых знакомых по прошлой работе, и он мне доверяет. Цель контракта простая - эскорт. Но детали резко повышают цену риска и, соответственно, цену оплаты - <Pirate> практически без торга согласился на <Cost> cr. Он планирует совершить кражу некоего артефакта с планеты <TargetPlanet>. <Pirate> не исключает, что кража не пройдёт тихо или вовсе перерастёт в грабёж, так что стоит ждать вооружённого сопротивления или погони. Кроме этого заказчик подчеркнул - штука уникальная во всех смыслах, и представляет ценность без малого для всего обитаемого рукава. Если информация просочится, стоит ожидать нападения конкурентов или того хуже - доминаторов. Интерес к артефакту в отношении наших цифровизированных недругов <Pirate> уже раскрывать не стал, говорит, сам не до конца понял назначения артефакта. Если мы берёмся - необходимо будет встретиться с заказчиком на планете <BeginPlanet> в системе <BeginStar>, сопроводить его до места хранения ценности и, после получения артефакта, сопроводить обратно, обеспечивая безопасность и неприкосновенность от различных угроз. Что мне ему ответить?
1955	Quest/ShuMercs/QuestsHQ/Private/Protect/4/QuestNeedToThinkPlayer	Мне надо подумать
1956	Quest/ShuMercs/QuestsHQ/Private/Protect/4/QuestNoteFailed	Контракт провален. Пират погиб.
1957	Quest/ShuMercs/QuestsHQ/Private/Protect/4/QuestNoteFailedByTime	Контракт провален. Пират не дождался встречи и отменил заказ.
1958	Quest/ShuMercs/QuestsHQ/Private/Protect/4/QuestNoteFailedPlayerAttack	Контракт провален. Вы напали на охраняемого пирата.
1959	Quest/ShuMercs/QuestsHQ/Private/Protect/4/QuestNoteStageOne	Контракт в процессе выполнения. Пират ожидает встречи с наёмниками на планете <Planet> в системе <Star>.
1960	Quest/ShuMercs/QuestsHQ/Private/Protect/4/QuestNoteStageThree	Контракт в процессе выполнения. Пират успешно "извлёк" ценный груз, и теперь возвращается обратно на планету <Planet> в систему <Star>.
1961	Quest/ShuMercs/QuestsHQ/Private/Protect/4/QuestNoteStageTwo	Контракт в процессе выполнения. Пират направляется за ценным грузом к планете <Planet> в систему <Star>.
1962	Quest/ShuMercs/QuestsHQ/Private/Protect/4/QuestNoteStageTwoWait	Контракт в процессе выполнения. Пират "извлекает" ценный груз с планеты <Planet>.
1963	Quest/ShuMercs/QuestsHQ/Private/Protect/4/QuestNoteSuccess	Контракт выполнен. Пират успешно "извлёк" ценный груз и вернулся обратно. Оплата в размере <Cost> cr. переведена на счёт вашей организации.
1964	Quest/ShuMercs/QuestsHQ/Private/Protect/4/QuestNoteTitle	Контракт на охрану судна <TargetName>
1965	Quest/ShuMercs/QuestsHQ/Private/Protect/4/QuestNoteTitleReward	Награда за выполнение: <Cost> cr.
1967	Quest/ShuMercs/QuestsHQ/Private/Protect/4/TargetGreeting	Тебе что, погутарить не с кем? Держись на приколе и эфир не засоряй.
1968	Quest/ShuMercs/QuestsHQ/Private/Protect/4/TargetGreetingIfDomikAttacked	Вот консервы позорные! Лучше б так и оставались лежать грудой металлолома. Ну так нет - учуяли мой хабар, псиры!
1969	Quest/ShuMercs/QuestsHQ/Private/Protect/4/TargetGreetingIfDomikAttacked	А ты, <Player>, чё филонишь?! Давай, лукай своих быков, чтобы эту железню на рога нахлобучили!
1970	Quest/ShuMercs/QuestsHQ/Private/Protect/4/TargetGreetingIfNotAttacked	Вроде кипиша нету, но ты там не расслабляйся. Лаве скину по прилёту, как в расходе условились.
1971	Quest/ShuMercs/QuestsHQ/Private/Protect/4/TargetGreetingIfPiratesAttacked	Да ты только погляди, <Player> - шныри клановых барыг повылазили! Видать, сжучила меня, редиска! Ну да ничего, я этого ляпаша опосля быстренько оголублю... А ты пока помоги роденому пирату вправить мозги этому брусью шпановому, а то что-то они совсем в беспредел ударились.
1972	Quest/ShuMercs/QuestsHQ/Private/Protect/4/TargetGreetingIfWarriorsAttacked	Вот же бесы легавые! Полгода меня пасли, да всё никак прижать не выходило... Но ничего, мы уж и не из такой зарубы выбирались.
1973	Quest/ShuMercs/QuestsHQ/Private/Protect/4/TargetGreetingIfWarriorsAttacked	Ты, главное, меня кидануть не вздумай! А то переводы с того света головасты ещё не придумали, а в цугундер они меня сажать не будут - тут и кубатурить не надо.
1974	Quest/ShuMercs/QuestsHQ/Private/Protect/4/TargetName1	Бабаич
1975	Quest/ShuMercs/QuestsHQ/Private/Protect/4/TargetName2	Кваквакович
1976	Quest/ShuMercs/QuestsHQ/Private/Protect/4/TargetName3	Корсарыч
1977	Quest/ShuMercs/QuestsHQ/Private/Protect/4/TargetName4	Оперович
1978	Quest/ShuMercs/QuestsHQ/Private/Protect/4/TargetName5	Парагонович
1979	Quest/ShuMercs/QuestsHQ/Private/Protect/4/TargetTakeOffStart	Опаца! Ну вы ж таки поглядите кого к нам прибоем принесло! Неужто сам <Player> явился меня вертухаить? Хе-хе, твой помощник много о тебе раскладывал. Ты чирикни своим пацанятам, чтобы держали ухо на стрёме, да и сам тоже смотри не дай маху. А то ежели не станет меня - не станет и ваших бабок.
1980	Quest/ShuMercs/QuestsHQ/Private/Protect/4/TargetTakeOffStartTziptzilot	Опаца! Ну вы ж таки поглядите кого к нам прибоем принесло! Неужто сам <Player> явился меня вертухаить? Хе-хе, старый Ципцилот много о тебе раскладывал. Ты чирикни своим пацанятам, чтобы держали ухо на стрёме, да и сам тоже смотри не дай маху. А то ежели не станет меня - не станет и ваших бабок.
1981	Quest/ShuMercs/QuestsHQ/Private/Protect/4/TargetTakeOffWasAttackedByPlayer	Ну и гнида же ты, <Player>! Видать, твой штабной сподручник совсем хватку разбазарил, раз прислуживает такому петушаре. Ну ничего... Галактика она ведь как зона - за баркас надолго не свалишь. Когда-нибудь стопудово сочтёмся...
1982	Quest/ShuMercs/QuestsHQ/Private/Protect/4/TargetTakeOffWasAttackedByPlayerTziptzilot	Ну и гнида же ты, <Player>! Видать, старик Ципцилот совсем хватку разбазарил, раз прислуживает такому петушаре. Ну ничего... Галактика она ведь как зона - за баркас надолго не свалишь. Когда-нибудь стопудово сочтёмся...
1983	Quest/ShuMercs/QuestsHQ/Private/Protect/4/WBFlashDriveText	Это что за такая бодяга, рейнджер? Что? Чертежи, говоришь? Хм... А где нашёл? На окраине системы валялась? Хорошо, сейчас мы с механиками глянем, что там за чертежи...
1985	Quest/ShuMercs/QuestsHQ/Private/Protect/4/WBFlashDriveText	Ну что ж, похвально, <Player>, очень похвально! Это чертежи нашего новейшего пехотного снаряжения для ведения наземных штурмовых операций против доминаторов. Ты сегодня спас целые годы трудов выдающихся военных инженеров Коалиции! От лица Совета Коалиции выражаю искреннюю признательность и начисляю <RankPoints> очков военного звания. Также мы только что перевели на твой счёт <Cost> cr. в качестве материальной благодарности за спасение особо ценной информации.
1991	Quest/ShuMercs/QuestsHQ/Special/GluonGunsInvention/GluonEmitterPrototype	Прототип глюонного излучателя
1992	Quest/ShuMercs/QuestsHQ/Special/GluonGunsInvention/GluonTormentorPrototype	Прототип глюонного торментора
1993	Quest/ShuMercs/QuestsHQ/Special/GluonGunsInvention/GluonTorpedoLauncherPrototype	Прототип глюонной торпедной установки
1994	Quest/ShuMercs/QuestsHQ/Special/GluonGunsInvention/MainDialogAddText	Кстати, тут появилась любопытная информация, требующая твоего непосредственного внимания, босс.
1995	Quest/ShuMercs/QuestsHQ/Special/GluonGunsInvention/MainDialogAddTextFei	Кстати, тут появилась любопытная информация, требующая твоего непосредственного внимания, босс.
1996	Quest/ShuMercs/QuestsHQ/Special/GluonGunsInvention/MainDialogAddTextMaloc	Кстати, тут появилась любопытная информация, требующая твоего непосредственного внимания, босс.
1997	Quest/ShuMercs/QuestsHQ/Special/GluonGunsInvention/MainDialogAddTextPeople	Кстати, тут появилась любопытная информация, требующая твоего непосредственного внимания, босс.
1998	Quest/ShuMercs/QuestsHQ/Special/GluonGunsInvention/NewGunsDone	О, с оружием всё в порядке. Профессор не вылазил из лаборатории на протяжении всех трёх месяцев. Он пил там, он ел там, он спал там и... надо бы выдать премию уборщикам... Но в итоге у него получилось!
1999	Quest/ShuMercs/QuestsHQ/Special/GluonGunsInvention/NewGunsDone	Представляю твоему вниманию новый виток эволюции в сфере радикального решения споров - <clr>глюонное оружие<clrEnd>. Главной особенностью такого вооружения является эффект <clr>глюонизации<clrEnd> - накопление заряда глюонов на цели, создающего дополнительные уязвимости с каждым последующим применением. Проще говоря - чем дольше ты стреляешь по врагу - тем больше урона он получает.
2000	Quest/ShuMercs/QuestsHQ/Special/GluonGunsInvention/NewGunsDone	Но и это ещё не всё! Так как наше глюонное вооружение стандартизировано и настроено на одну микроволновую частоту, увеличение урона по цели будет работать для всех глюонных орудий на всех кораблях, ведущих одновременный огонь по одной цели. По предварительной оценке, в своём потенциале глюонная серия способна превзойти все известные науке современные аналоги.
2001	Quest/ShuMercs/QuestsHQ/Special/GluonGunsInvention/NewGunsDone	Ах да, насчёт самой серии: всего было создано три модели оружия - <clr>глюонный излучатель<clrEnd>, <clr>глюонный торментор<clrEnd> и <clr>глюонная торпедная установка<clrEnd>. Прототипы уже доставлены на склад для, так сказать, боевого тестирования, хе-хе. Но уже в скором времени мы запустим массовое производство и оснастим глюонным оружием всех наших парней. Также мы выставим парочку экземпляров на продажу, так что не забудь заглянуть в наш магазин, если захочешь опробовать улучшенные варианты.
2002	Quest/ShuMercs/QuestsHQ/Special/GluonGunsInvention/NewGunsDoneFei	О, с оружием всё в порядке. Профессор не вылазил из лаборатории на протяжении всех трёх месяцев. Он пил там, он ел там, он спал там и... надо бы выдать премию уборщикам... Но в итоге у него получилось!
2003	Quest/ShuMercs/QuestsHQ/Special/GluonGunsInvention/NewGunsDoneFei	Представляю твоему вниманию новый виток эволюции в сфере радикального решения споров - <clr>глюонное оружие<clrEnd>. Главной особенностью такого вооружения является эффект <clr>глюонизации<clrEnd> - накопление заряда глюонов на цели, создающего дополнительные уязвимости с каждым последующим применением. Проще говоря - чем дольше ты стреляешь по врагу - тем больше урона он получает.
2004	Quest/ShuMercs/QuestsHQ/Special/GluonGunsInvention/NewGunsDoneFei	Но и это ещё не всё! Так как наше глюонное вооружение стандартизировано и настроено на одну микроволновую частоту, увеличение урона по цели будет работать для всех глюонных орудий на всех кораблях, ведущих одновременный огонь по одной цели. По предварительной оценке, в своём потенциале глюонная серия способна превзойти все известные науке современные аналоги.
2005	Quest/ShuMercs/QuestsHQ/Special/GluonGunsInvention/NewGunsDoneFei	Ах да, насчёт самой серии: всего было создано три модели оружия - <clr>глюонный излучатель<clrEnd>, <clr>глюонный торментор<clrEnd> и <clr>глюонная торпедная установка<clrEnd>. Прототипы уже доставлены на склад для, так сказать, боевого тестирования, хе-хе. Но уже в скором времени мы запустим массовое производство и оснастим глюонным оружием всех наших парней. Также мы выставим парочку экземпляров на продажу, так что не забудь заглянуть в наш магазин, если захочешь опробовать улучшенные варианты.
2006	Quest/ShuMercs/QuestsHQ/Special/GluonGunsInvention/NewGunsDoneMaloc	О, с оружием всё в порядке. Профессор не вылазил из лаборатории на протяжении всех трёх месяцев. Он пил там, он ел там, он спал там и... надо бы выдать премию уборщикам... Но в итоге у него получилось!
2007	Quest/ShuMercs/QuestsHQ/Special/GluonGunsInvention/NewGunsDoneMaloc	Представляю твоему вниманию новый виток эволюции в сфере радикального решения споров - <clr>глюонное оружие<clrEnd>. Главной особенностью такого вооружения является эффект <clr>глюонизации<clrEnd> - накопление заряда глюонов на цели, создающего дополнительные уязвимости с каждым последующим применением. Проще говоря - чем дольше ты стреляешь по врагу - тем больше урона он получает.
2008	Quest/ShuMercs/QuestsHQ/Special/GluonGunsInvention/NewGunsDoneMaloc	Но и это ещё не всё! Так как наше глюонное вооружение стандартизировано и настроено на одну микроволновую частоту, увеличение урона по цели будет работать для всех глюонных орудий на всех кораблях, ведущих одновременный огонь по одной цели. По предварительной оценке, в своём потенциале глюонная серия способна превзойти все известные науке современные аналоги.
2009	Quest/ShuMercs/QuestsHQ/Special/GluonGunsInvention/NewGunsDoneMaloc	Ах да, насчёт самой серии: всего было создано три модели оружия - <clr>глюонный излучатель<clrEnd>, <clr>глюонный торментор<clrEnd> и <clr>глюонная торпедная установка<clrEnd>. Прототипы уже доставлены на склад для, так сказать, боевого тестирования, хе-хе. Но уже в скором времени мы запустим массовое производство и оснастим глюонным оружием всех наших парней. Также мы выставим парочку экземпляров на продажу, так что не забудь заглянуть в наш магазин, если захочешь опробовать улучшенные варианты.
2010	Quest/ShuMercs/QuestsHQ/Special/GluonGunsInvention/NewGunsDonePeople	О, с оружием всё в порядке. Профессор не вылазил из лаборатории на протяжении всех трёх месяцев. Он пил там, он ел там, он спал там и... надо бы выдать премию уборщикам... Но в итоге у него получилось!
2011	Quest/ShuMercs/QuestsHQ/Special/GluonGunsInvention/NewGunsDonePeople	Представляю твоему вниманию новый виток эволюции в сфере радикального решения споров - <clr>глюонное оружие<clrEnd>. Главной особенностью такого вооружения является эффект <clr>глюонизации<clrEnd> - накопление заряда глюонов на цели, создающего дополнительные уязвимости с каждым последующим применением. Проще говоря - чем дольше ты стреляешь по врагу - тем больше урона он получает.
2012	Quest/ShuMercs/QuestsHQ/Special/GluonGunsInvention/NewGunsDonePeople	Но и это ещё не всё! Так как наше глюонное вооружение стандартизировано и настроено на одну микроволновую частоту, увеличение урона по цели будет работать для всех глюонных орудий на всех кораблях, ведущих одновременный огонь по одной цели. По предварительной оценке, в своём потенциале глюонная серия способна превзойти все известные науке современные аналоги.
2013	Quest/ShuMercs/QuestsHQ/Special/GluonGunsInvention/NewGunsDonePeople	Ах да, насчёт самой серии: всего было создано три модели оружия - <clr>глюонный излучатель<clrEnd>, <clr>глюонный торментор<clrEnd> и <clr>глюонная торпедная установка<clrEnd>. Прототипы уже доставлены на склад для, так сказать, боевого тестирования, хе-хе. Но уже в скором времени мы запустим массовое производство и оснастим глюонным оружием всех наших парней. Также мы выставим парочку экземпляров на продажу, так что не забудь заглянуть в наш магазин, если захочешь опробовать улучшенные варианты.
2014	Quest/ShuMercs/QuestsHQ/Special/GluonGunsInvention/NewGunsDonePlayer	Ну посмотрим, что там за глюонизация такая
2015	Quest/ShuMercs/QuestsHQ/Special/GluonGunsInvention/NewGunsPlayer	Так что там с нашим новым оружием?
2016	Quest/ShuMercs/QuestsHQ/Special/GluonGunsInvention/PlayerAskIntro	Что там такого интересного ты хотел мне рассказать?
2017	Quest/ShuMercs/QuestsHQ/Special/GluonGunsInvention/PlayerAskIntroTwice	Повтори-ка, что там за учёный?
2018	Quest/ShuMercs/QuestsHQ/Special/GluonGunsInvention/QuestAccepted	Вот и отлично! В таком случае выдвигайся на <clr>научную базу <SB><clrEnd>, в системе <Star>, и попробуй там порасспрашивать о профессоре. Попробуй ему рассказать сказку о спасении Галактики или немного шугануть - он ведь не вояка, в конце концов - может и сработать. На худой конец, всегда можно попробовать подмазать - не думаю, что у него шибко большая зарплата, учитывая, как там к нему относятся. Ну а я пока прослежу, чтобы всё было готово к вашему прибытию.
2019	Quest/ShuMercs/QuestsHQ/Special/GluonGunsInvention/QuestAcceptedFei	Вот и отлично! В таком случае выдвигайся на <clr>научную базу <SB><clrEnd>, в системе <Star>, и попробуй там порасспрашивать о профессоре. Попробуй ему рассказать сказку о спасении Галактики или немного шугануть - он ведь не вояка, в конце концов - может и сработать. На худой конец, всегда можно попробовать подмазать - не думаю, что у него шибко большая зарплата, учитывая, как там к нему относятся. Ну а я пока прослежу, чтобы всё было готово к вашему прибытию.
2020	Quest/ShuMercs/QuestsHQ/Special/GluonGunsInvention/QuestAcceptedMaloc	Вот и отлично! В таком случае выдвигайся на <clr>научную базу <SB><clrEnd>, в системе <Star>, и попробуй там порасспрашивать о профессоре. Попробуй ему рассказать сказку о спасении Галактики или немного шугануть - он ведь не вояка, в конце концов - может и сработать. На худой конец, всегда можно попробовать подмазать - не думаю, что у него шибко большая зарплата, учитывая, как там к нему относятся. Ну а я пока прослежу, чтобы всё было готово к вашему прибытию.
2021	Quest/ShuMercs/QuestsHQ/Special/GluonGunsInvention/QuestAcceptedPeople	Вот и отлично! В таком случае выдвигайся на <clr>научную базу <SB><clrEnd>, в системе <Star>, и попробуй там порасспрашивать о профессоре. Попробуй ему рассказать сказку о спасении Галактики или немного шугануть - он ведь не вояка, в конце концов - может и сработать. На худой конец, всегда можно попробовать подмазать - не думаю, что у него шибко большая зарплата, учитывая, как там к нему относятся. Ну а я пока прослежу, чтобы всё было готово к вашему прибытию.
2022	Quest/ShuMercs/QuestsHQ/Special/GluonGunsInvention/QuestAcceptedPlayer	Почему бы и нет, попробуем
2023	Quest/ShuMercs/QuestsHQ/Special/GluonGunsInvention/QuestIntro	Один из наших ученых обмолвился словечком, что несколько лет назад, когда он ещё был зелёным бакалавром, одним из передовых светил науки являлся некий профессор <clr>Штойн<clrEnd>. В те времена он занимался изучением какого-то революционного вида оружия, которое "позволило бы обойти любые привычные ограничения в потенциале роста наносимого по космической цели урона", или как-то так.
2024	Quest/ShuMercs/QuestsHQ/Special/GluonGunsInvention/QuestIntro	Однако, после начала войны с доминаторами, его проект свернули из-за нехватки средств. И хотя <clr>Штойн<clrEnd> вроде как даже успел создать опытный образец и практически доказал его эффективность, завистливые коллеги смогли убедить руководство, что дальнейшее спонсирование его проекта будет пустой тратой бюджетных средств. Совет Коалиции принял решение заморозить проект <clr>Штойна<clrEnd>, а самого учёного перевели на <clr>научную базу <SB><clrEnd>, где он прозябает и по сей день.
2025	Quest/ShuMercs/QuestsHQ/Special/GluonGunsInvention/QuestIntro	И тут я подумал - что если предложить ему поработать на нас? Профинансируем проект, поможем закончить дело всей его жизни, а взамен получим уникальное оружие, не имеющее аналогов. Да, мы конечно рискуем потерять деньги, но, как говорится: "Кто не рискует, тот барыжит минералами" - хе-хе.
2026	Quest/ShuMercs/QuestsHQ/Special/GluonGunsInvention/QuestIntro	Ну так что босс, мы в деле?
2027	Quest/ShuMercs/QuestsHQ/Special/GluonGunsInvention/QuestIntroFei	Один из наших ученых обмолвился словечком, что несколько лет назад, когда он ещё был зелёным бакалавром, одним из передовых светил науки являлся некий профессор <clr>Штойн<clrEnd>. В те времена он занимался изучением какого-то революционного вида оружия, которое "позволило бы обойти любые привычные ограничения в потенциале роста наносимого по космической цели урона", или как-то так.
2028	Quest/ShuMercs/QuestsHQ/Special/GluonGunsInvention/QuestIntroFei	Однако, после начала войны с доминаторами, его проект свернули из-за нехватки средств. И хотя <clr>Штойн<clrEnd> вроде как даже успел создать опытный образец и практически доказал его эффективность, завистливые коллеги смогли убедить руководство, что дальнейшее спонсирование его проекта будет пустой тратой бюджетных средств. Совет Коалиции принял решение заморозить проект <clr>Штойна<clrEnd>, а самого учёного перевели на <clr>научную базу <SB><clrEnd>, где он прозябает и по сей день.
2029	Quest/ShuMercs/QuestsHQ/Special/GluonGunsInvention/QuestIntroFei	И тут я подумал - что если предложить ему поработать на нас? Профинансируем проект, поможем закончить дело всей его жизни, а взамен получим уникальное оружие, не имеющее аналогов. Да, мы конечно рискуем потерять деньги, но, как говорится: "Кто не рискует, тот барыжит минералами" - хе-хе.
2030	Quest/ShuMercs/QuestsHQ/Special/GluonGunsInvention/QuestIntroFei	Ну так что босс, мы в деле?
2031	Quest/ShuMercs/QuestsHQ/Special/GluonGunsInvention/QuestIntroMaloc	Один из наших ученых обмолвился словечком, что несколько лет назад, когда он ещё был зелёным бакалавром, одним из передовых светил науки являлся некий профессор <clr>Штойн<clrEnd>. В те времена он занимался изучением какого-то революционного вида оружия, которое "позволило бы обойти любые привычные ограничения в потенциале роста наносимого по космической цели урона", или как-то так.
2032	Quest/ShuMercs/QuestsHQ/Special/GluonGunsInvention/QuestIntroMaloc	Однако, после начала войны с доминаторами, его проект свернули из-за нехватки средств. И хотя <clr>Штойн<clrEnd> вроде как даже успел создать опытный образец и практически доказал его эффективность, завистливые коллеги смогли убедить руководство, что дальнейшее спонсирование его проекта будет пустой тратой бюджетных средств. Совет Коалиции принял решение заморозить проект <clr>Штойна<clrEnd>, а самого учёного перевели на <clr>научную базу <SB><clrEnd>, где он прозябает и по сей день.
2033	Quest/ShuMercs/QuestsHQ/Special/GluonGunsInvention/QuestIntroMaloc	И тут я подумал - что если предложить ему поработать на нас? Профинансируем проект, поможем закончить дело всей его жизни, а взамен получим уникальное оружие, не имеющее аналогов. Да, мы конечно рискуем потерять деньги, но, как говорится: "Кто не рискует, тот барыжит минералами" - хе-хе.
2034	Quest/ShuMercs/QuestsHQ/Special/GluonGunsInvention/QuestIntroMaloc	Ну так что босс, мы в деле?
2035	Quest/ShuMercs/QuestsHQ/Special/GluonGunsInvention/QuestIntroPeople	Один из наших ученых обмолвился словечком, что несколько лет назад, когда он ещё был зелёным бакалавром, одним из передовых светил науки являлся некий профессор <clr>Штойн<clrEnd>. В те времена он занимался изучением какого-то революционного вида оружия, которое "позволило бы обойти любые привычные ограничения в потенциале роста наносимого по космической цели урона", или как-то так.
2036	Quest/ShuMercs/QuestsHQ/Special/GluonGunsInvention/QuestIntroPeople	Однако, после начала войны с доминаторами, его проект свернули из-за нехватки средств. И хотя <clr>Штойн<clrEnd> вроде как даже успел создать опытный образец и практически доказал его эффективность, завистливые коллеги смогли убедить руководство, что дальнейшее спонсирование его проекта будет пустой тратой бюджетных средств. Совет Коалиции принял решение заморозить проект <clr>Штойна<clrEnd>, а самого учёного перевели на <clr>научную базу <SB><clrEnd>, где он прозябает и по сей день.
2037	Quest/ShuMercs/QuestsHQ/Special/GluonGunsInvention/QuestIntroPeople	И тут я подумал - что если предложить ему поработать на нас? Профинансируем проект, поможем закончить дело всей его жизни, а взамен получим уникальное оружие, не имеющее аналогов. Да, мы конечно рискуем потерять деньги, но, как говорится: "Кто не рискует, тот барыжит минералами" - хе-хе.
2038	Quest/ShuMercs/QuestsHQ/Special/GluonGunsInvention/QuestIntroPeople	Ну так что босс, мы в деле?
2039	Quest/ShuMercs/QuestsHQ/Special/GluonGunsInvention/QuestNeedToThink	Эх, как скажешь. Если захочешь вернуться к этой теме, я только за. Лишь бы потом было, что обсуждать, а то с научными базами всякое случается - то торпеда доминаторская с курса собьется, то эксперимент неудачный, то бомба шальная сдетонирует...
2040	Quest/ShuMercs/QuestsHQ/Special/GluonGunsInvention/QuestNeedToThinkFei	Эх, как скажешь. Если захочешь вернуться к этой теме, я только за. Лишь бы потом было, что обсуждать, а то с научными базами всякое случается - то торпеда доминаторская с курса собьется, то эксперимент неудачный, то бомба шальная сдетонирует...
2041	Quest/ShuMercs/QuestsHQ/Special/GluonGunsInvention/QuestNeedToThinkMaloc	Эх, как скажешь. Если захочешь вернуться к этой теме, я только за. Лишь бы потом было, что обсуждать, а то с научными базами всякое случается - то торпеда доминаторская с курса собьется, то эксперимент неудачный, то бомба шальная сдетонирует...
2042	Quest/ShuMercs/QuestsHQ/Special/GluonGunsInvention/QuestNeedToThinkPeople	Эх, как скажешь. Если захочешь вернуться к этой теме, я только за. Лишь бы потом было, что обсуждать, а то с научными базами всякое случается - то торпеда доминаторская с курса собьется, то эксперимент неудачный, то бомба шальная сдетонирует...
2043	Quest/ShuMercs/QuestsHQ/Special/GluonGunsInvention/QuestNeedToThinkPlayer	Может позже
2044	Quest/ShuMercs/QuestsHQ/Special/GluonGunsInvention/QuestNoteFailedByHQDestroyed	Ваш штаб был уничтожен, дальнейшее выполнение задания невозможно.
2045	Quest/ShuMercs/QuestsHQ/Special/GluonGunsInvention/QuestNoteFailedBySBDestroyed	Научная база, на которой работал профессор <color=255,240,100>Штойн</color>, была уничтожена. Похоже, что все свои секреты он унёс с собой в могилу.
2046	Quest/ShuMercs/QuestsHQ/Special/GluonGunsInvention/QuestNoteInProcess1	Вы согласились попробовать переманить на свою сторону легендарного учёного. По слухам, последний раз его видели на научной базе <SB> в системе <Star>.
2047	Quest/ShuMercs/QuestsHQ/Special/GluonGunsInvention/QuestNoteInProcess2	Вы договорились с профессором <color=255,240,100>Штойном</color>. Осталось дождаться его прибытия в штаб.
2048	Quest/ShuMercs/QuestsHQ/Special/GluonGunsInvention/QuestNoteSuccess	Вы успешно привлекли профессора <color=255,240,100>Штойна</color> на свою сторону. Он пообещал закончить разработку нового оружия в течение <color=255,240,100>трёх ближайших месяцев</color>.
2049	Quest/ShuMercs/QuestsHQ/Special/GluonGunsInvention/QuestNoteTitle	Завербовать профессора <color=255,240,100>Штойна</color>
2050	Quest/ShuMercs/QuestsHQ/Special/GluonGunsInvention/ScienceBaseBegin1	Подскажу, он стоит перед вами. Чем обязан?
2051	Quest/ShuMercs/QuestsHQ/Special/GluonGunsInvention/ScienceBaseBegin2	Занимался, да. Это было не просто новое оружие. Это должно было стать революцией в понимании квантовой хромодинамики! Я был так близок к раскрытию потенциала глюонного эффекта. Оставалось всего лишь найти способ преодоления асимптотической свободы при нулевом конфайнменте и...
2052	Quest/ShuMercs/QuestsHQ/Special/GluonGunsInvention/ScienceBaseBegin2	Ох, простите, что-то меня понесло. Если бы мне дали ещё немного времени, все могло бы обернуться иначе. Моё открытие могло перевернуть ход истории! Но, к сожалению, случилось, что случилось - проект заморожен, я переведён сюда в качестве специалиста по связям с общественностью, а вы почему-то интересуетесь моим прошлым.
2053	Quest/ShuMercs/QuestsHQ/Special/GluonGunsInvention/ScienceBaseBegin2	Кстати, к чему вы вообще об этом расспрашиваете?
2054	Quest/ShuMercs/QuestsHQ/Special/GluonGunsInvention/ScienceBaseBegin3	Что? Работать на вас? А... Погодите, вы случайно не тот самый рейнджер, который основал организацию <PlayerOrgName>? Занятно.
2055	Quest/ShuMercs/QuestsHQ/Special/GluonGunsInvention/ScienceBaseBegin3	Понимаете, на самом деле я мечтаю довести свою работу до конца, ведь это дело всей моей жизни. Но вы только представьте, сколько проблем у меня из-за этого возникнет. Меня объявят государственным изменником, исключат из галактического сообщества учёных, а ведь у меня же подписка оплачена на их ежемесячное издание аж на десять лет вперёд!
2056	Quest/ShuMercs/QuestsHQ/Special/GluonGunsInvention/ScienceBaseBegin3	Не знаю, <Player> - всё это очень большой риск...
2057	Quest/ShuMercs/QuestsHQ/Special/GluonGunsInvention/ScienceBaseBeginPlayer	Не подскажете, где я могу найти профессора <clr>Штойна<clrEnd>?
2058	Quest/ShuMercs/QuestsHQ/Special/GluonGunsInvention/ScienceBaseBeginPlayer2	Говорят, вы занимались разработкой какого-то нового оружия
2059	Quest/ShuMercs/QuestsHQ/Special/GluonGunsInvention/ScienceBaseBeginPlayer3	Я проспонсирую ваш проект, если после будете работать на меня
2060	Quest/ShuMercs/QuestsHQ/Special/GluonGunsInvention/ScienceBaseBeginPlayerTwice	По поводу нашего разговора...
2061	Quest/ShuMercs/QuestsHQ/Special/GluonGunsInvention/ScienceBaseBeginTwice	Я ведь уже озвучил вам свою позицию, <Player>. Или у вас появились другие вопросы?
2062	Quest/ShuMercs/QuestsHQ/Special/GluonGunsInvention/ScienceBaseBribe	А вот это правильный подход, <Player>. Деловой, так сказать.
2063	Quest/ShuMercs/QuestsHQ/Special/GluonGunsInvention/ScienceBaseBribe	Учитывая затраты на перевозку необходимого оборудования, услуги по смене персональных документов и личности, "благодарности" некоторым бывшим коллегам, чтобы мою пропажу не обнаружили в первые же дни, а также, если принять во внимание все риски, связанные с переходом в вашу организацию, то... Меньше чем за <Cost> cr. я на вас работать не стану.
2064	Quest/ShuMercs/QuestsHQ/Special/GluonGunsInvention/ScienceBaseBribeNeedToThink	Думайте, <Player>, думайте - я никуда не спешу. Я прождал столько лет - потерплю и ещё чуть-чуть. Ну а пока, может, вас интересует что-то другое?
2065	Quest/ShuMercs/QuestsHQ/Special/GluonGunsInvention/ScienceBaseBribeNeedToThinkPlayer	Мне надо подумать
2066	Quest/ShuMercs/QuestsHQ/Special/GluonGunsInvention/ScienceBaseBribePlayer	Давайте начистоту, профессор - сколько?
2067	Quest/ShuMercs/QuestsHQ/Special/GluonGunsInvention/ScienceBaseBribeYes	В таком случае, <Player>, ждите меня в вашем штабе через несколько дней, а я пока буду готовиться к переезду. До тех же пор, может, вас интересует ещё что-нибудь?
2068	Quest/ShuMercs/QuestsHQ/Special/GluonGunsInvention/ScienceBaseBribeYesPlayer	Договорились [<color=0,50,200>заплатить</color>]
2069	Quest/ShuMercs/QuestsHQ/Special/GluonGunsInvention/ScienceBasePersuasionFailed	Что ж, я так не думаю. Когда придёт время, о моем проекте непременно вспомнят. Даже если мне не суждено будет его закончить, я хочу запомниться Галактике как честный учёный, а не как предатель.
2070	Quest/ShuMercs/QuestsHQ/Special/GluonGunsInvention/ScienceBasePersuasionPlayer	А вдруг это ваш последний шанс довести дело до конца?
2071	Quest/ShuMercs/QuestsHQ/Special/GluonGunsInvention/ScienceBasePersuasionSuccess	Да, в ваших словах есть доля правды. Если победу в этой войне одержит Коалиция, скорее всего, разработки всех оставшихся военных проектов свернут на долгие годы вперёд. А если победят доминаторы... Даже думать об этом не хочу.
2072	Quest/ShuMercs/QuestsHQ/Special/GluonGunsInvention/ScienceBasePersuasionSuccess	Что ж, <Player>, дайте мне несколько дней собрать всё самое необходимое, и я прибуду в штаб вашей организации. Надеюсь, я не пожалею об этом решении.
2073	Quest/ShuMercs/QuestsHQ/Special/GluonGunsInvention/ScienceBaseReturnPlayer	Поговорим на другую тему
2074	Quest/ShuMercs/QuestsHQ/Special/GluonGunsInvention/ScienceBaseThreatFailed	Что вы мне тухлых фарюков на уши вешаете! Какой десяток бомб? Это секретная военная разработка Коалиции, которую никогда не выпускали в массовое производство! Даже на чёрном рынке одну штуку достать не так просто.
2075	Quest/ShuMercs/QuestsHQ/Special/GluonGunsInvention/ScienceBaseThreatFailed	Похоже, мне не стоило даже задумываться над вашим нелепым предложением.
2076	Quest/ShuMercs/QuestsHQ/Special/GluonGunsInvention/ScienceBaseThreatPlayer	Знаете, профессор, у меня в трюме десяток кварковых бомб завалялся. Я, пожалуй, сброшу их тут неподалёку после взлёта, а то мешаются сильно...
2077	Quest/ShuMercs/QuestsHQ/Special/GluonGunsInvention/ScienceBaseThreatSuccess	НЕ НАДО НИЧЕГО СБРАСЫВАТЬ!!!
2078	Quest/ShuMercs/QuestsHQ/Special/GluonGunsInvention/ScienceBaseThreatSuccess	Кхм, простите. Так вот, раз уж вы настаиваете, я, так и быть, согласен присоединиться к вашей организации. Ждите меня в вашем штабе через несколько дней.
2089	Quest/ShuMercs/SendLetter/Coalition/1/QuestComplete	Отлично, <Player>. Вы выполнили вашу часть сделки, а я выполнил свою - вот ваше разрешение. Всего хорошего.
2090	Quest/ShuMercs/SendLetter/Coalition/1/QuestCompleteP	Спасибо
2091	Quest/ShuMercs/SendLetter/Coalition/1/QuestDeliveredEndP	Пока
2092	Quest/ShuMercs/SendLetter/Coalition/1/QuestDeliveredP	У меня для вас посылка
2094	Quest/ShuMercs/SendLetter/Coalition/1/QuestIntro	Есть одно поручение, <Player>, но только исключительно личное.
2095	Quest/ShuMercs/SendLetter/Coalition/1/QuestIntro	Дело в том, что несколько месяцев назад у меня появилась девушка. Правда, я с ней еще не виделся, мы только переписываемся через приложение Ка Цап, но это не мешает нашим чувствам. Представляете, ей нравится всё то же, что и мне: начиная от человеческой рок-музыки прошлого тысячелетия и заканчивая сборкой карточек по мотивам легендарной VRMMORPG "Иике-Бааны"! Я чувствую, как сильно мы близки, будто сама судьба связывает нас сквозь тёмные просторы космоса!
2096	Quest/ShuMercs/SendLetter/Coalition/1/QuestIntro	Рейнджер <Player>, вам поручается ответственное задание: доставить этот бриллиант в <clr>1000<clrEnd> карат моей любимой принцессе, которая живёт на планете <TargetPlanet> в системе <TargetStar>. Однако не медлите! Иначе моя возлюбленная останется недовольна столь долгим отсутствием подарков, а если недовольна она - значит, недоволен и я. А если недоволен я... ну, думаю, дальше объяснять не нужно.
2101	Quest/ShuMercs/SendLetter/Coalition/1/QuestOutro	Какую такую посылку? Ого, ничего себе. Вот это бриллиант. Для девушки, говорите? Так я и есть его "девушка", хе-хе. Он вам наверняка говорил, как мы с ним похожи, что мне нравится слушать рок-музыку, что мы созданы друг для друга. По правде говоря, я сам не понимаю, как в наш век всеобщего галактического пиратства и "звёздной пыли" остались ещё такие самородки, которые ведутся на поддельную фотографию в Ка Цапе и басню про одинаковые интересы. Да он же сам о них написал в профиле!
2102	Quest/ShuMercs/SendLetter/Coalition/1/QuestOutro	Только рейнджер, вы же не расскажете ему о том, что узнали, верно? А я поставлю тут аккуратную подпись о том, что получил подарок вовремя. Как говорится, и гобзавры сыты, и пенчекряки целы.
2103	Quest/ShuMercs/SendLetter/Coalition/1/QuestTakeNoP	Поговорим на другую тему
2104	Quest/ShuMercs/SendLetter/Coalition/1/QuestTakeYesP	Я берусь за это
2115	Quest/ShuMercs/SendLetter/Coalition/2/QuestComplete	Отлично, <Player>. Вы выполнили вашу часть сделки, а я выполнил свою - вот ваше разрешение. Всего хорошего.
2116	Quest/ShuMercs/SendLetter/Coalition/2/QuestCompleteP	Спасибо
2117	Quest/ShuMercs/SendLetter/Coalition/2/QuestDeliveredEndP	Пока
2118	Quest/ShuMercs/SendLetter/Coalition/2/QuestDeliveredP	У меня для вас посылка
2120	Quest/ShuMercs/SendLetter/Coalition/2/QuestIntro	Да, <Player>, ваша помощь будет как раз кстати.
2121	Quest/ShuMercs/SendLetter/Coalition/2/QuestIntro	Ваш корабль сейчас в космопорте? Впрочем, где же ему ещё быть. Так, одну секунду...
2122	Quest/ShuMercs/SendLetter/Coalition/2/QuestIntro	"Ало! Да, это я! Подготовьте всё к погрузке на корабль рейнджера <Player>. Что значит нет подписи под согласием? Да он у меня прямо сейчас в кабинете сидит и подписывает накладную. Скоро всё вам пришлю".
2123	Quest/ShuMercs/SendLetter/Coalition/2/QuestIntro	Ну что, подписали? Как это не знаете что это? Это накладная на груз, который вам необходимо перевезти моему партнеру на планету <TargetPlanet> в систему <TargetStar>. Только вот управиться вам нужно до <EndDate>, иначе истечёт срок секретного договора об обмене товарами и его попросту никто не захочет у вас отгружать.
2124	Quest/ShuMercs/SendLetter/Coalition/2/QuestIntro	Если всё сделаете вовремя, обещаю помочь с вашим вопросом.
2127	Quest/ShuMercs/SendLetter/Coalition/2/QuestOutro	Да какая нахрен посылка, <Player>!? Прямо сейчас охрана моего особняка сообщила, что возле него выгружают целую гору радиоактивных отходов!
2128	Quest/ShuMercs/SendLetter/Coalition/2/QuestOutro	ЧТО?! ЭТО И ЕСТЬ ВАША ПОСЫЛКА!? ДА Я ВАС СЕЙЧАС... От кого? С планеты <StartPlanet>? Чёртов шутник, да я ему эту свалку запихаю в... а неважно...
2129	Quest/ShuMercs/SendLetter/Coalition/2/QuestOutro	Мой вам совет, <Player>, НИКОГДА не играйте в карты! Ибо закончится... ну, сами всё видите. Давайте, распишусь вам о получении, и летите своей дорогой.
2130	Quest/ShuMercs/SendLetter/Coalition/2/QuestTakeNoP	Поговорим на другую тему
2131	Quest/ShuMercs/SendLetter/Coalition/2/QuestTakeYesP	Я берусь за это
2142	Quest/ShuMercs/SendLetter/Coalition/3/QuestComplete	Отлично, <Player>. Вы выполнили вашу часть сделки, а я выполнил свою - вот ваше разрешение. Всего хорошего.
2143	Quest/ShuMercs/SendLetter/Coalition/3/QuestCompleteP	Спасибо
2144	Quest/ShuMercs/SendLetter/Coalition/3/QuestDeliveredEndP	Пока
2145	Quest/ShuMercs/SendLetter/Coalition/3/QuestDeliveredP	У меня для вас посылка
2147	Quest/ShuMercs/SendLetter/Coalition/3/QuestIntro	Раз вы так решительно настроены, <Player>, тогда возьмите вот этот кейс и, не открывая его, доставьте на планету <TargetPlanet> в систему <TargetStar>.
2148	Quest/ShuMercs/SendLetter/Coalition/3/QuestIntro	Доставить кейс нужно до <EndDate>, иначе не будет ни нашего второго разговора, ни вашего будущего штаба.
2152	Quest/ShuMercs/SendLetter/Coalition/3/QuestOutro	Отлично, давайте её сюда. Я передам отправителю, что посылка доставлена. Вы свободны.
2153	Quest/ShuMercs/SendLetter/Coalition/3/QuestTakeNoP	Поговорим на другую тему
2154	Quest/ShuMercs/SendLetter/Coalition/3/QuestTakeYesP	Я берусь за это
2168	Quest/ShuMercs/SendLetter/PirateClan/1/QuestComplete	Отлично, <Player>. Ты выполнил свою часть сделки, а я выполнил свою - вот твоё разрешение. Попутного ветра.
2169	Quest/ShuMercs/SendLetter/PirateClan/1/QuestCompleteP	Спасибо
2170	Quest/ShuMercs/SendLetter/PirateClan/1/QuestDeliveredEndP	Пока
2171	Quest/ShuMercs/SendLetter/PirateClan/1/QuestDeliveredP	У меня для вас посылка
2173	Quest/ShuMercs/SendLetter/PirateClan/1/QuestIntro	Хорошо, <Player>, раз уж тебе так сильно нужно это разрешение...
2174	Quest/ShuMercs/SendLetter/PirateClan/1/QuestIntro	Мой начальник очень занятой человек. Недавно к нему приезжал на выходных представитель планеты <TargetPlanet>. Они долгое время обсуждали какой-то важный совместный проект, но потом у посла появились неотложные дела и он вернулся на родину.
2175	Quest/ShuMercs/SendLetter/PirateClan/1/QuestIntro	Тебе нужно отвезти на планету <TargetPlanet> в систему <TargetStar> вот этот передатчик и вручить его лично представителю правительства. Сделать это необходимо до <EndDate>, иначе переговоры могут провалиться, что негативно отразится на планах моего босса.
2178	Quest/ShuMercs/SendLetter/PirateClan/1/QuestOutro	Покажите, что там у вас. Джиниусфон? Так, дайте-ка сюда... О, входящий вызов: "Ало... Кто? Папа? Ты что? Постой... да не кричи ты... ну да, мои друзья немного навели беспорядок в доме... да не сбегал я ни от какой ответственности! Что значит заблокируешь мои счета!?"
2179	Quest/ShuMercs/SendLetter/PirateClan/1/QuestOutro	Так, <Player>, вы ещё что-то хотели? Ах да, подпись. У меня тут срочный разговор государственной важности, поэтому прошу простить. Вот, всего доброго.
2180	Quest/ShuMercs/SendLetter/PirateClan/1/QuestTakeNoP	Поговорим на другую тему
2181	Quest/ShuMercs/SendLetter/PirateClan/1/QuestTakeYesP	Я берусь за это
2192	Quest/ShuMercs/SendLetter/PirateClan/2/QuestComplete	Отлично, <Player>. Ты выполнил свою часть сделки, а я выполнил свою - вот твоё разрешение. Попутного ветра.
2193	Quest/ShuMercs/SendLetter/PirateClan/2/QuestCompleteP	Спасибо
2194	Quest/ShuMercs/SendLetter/PirateClan/2/QuestDeliveredEndP	Пока
2195	Quest/ShuMercs/SendLetter/PirateClan/2/QuestDeliveredP	У меня для вас письмо
2197	Quest/ShuMercs/SendLetter/PirateClan/2/QuestIntro	Да, и впрямь есть одна непыльная работёнка как раз для тебя.
2198	Quest/ShuMercs/SendLetter/PirateClan/2/QuestIntro	Нужно доставить вот этот конверт в здание правительства планеты <TargetPlanet> в системе <TargetStar> и оставить его в камере хранения. Успеть доставить конверт нужно до <EndDate>. По возвращении тебя уже будут ждать подписанные бумаги. Идёт?
2201	Quest/ShuMercs/SendLetter/PirateClan/2/QuestOutro	Очень хорошо, <Player>. Давай я распишусь о выполненной доставке, а само письмо оставь в камере хранения.
2202	Quest/ShuMercs/SendLetter/PirateClan/2/QuestTakeNoP	Поговорим на другую тему
2203	Quest/ShuMercs/SendLetter/PirateClan/2/QuestTakeYesP	Я берусь за это
2217	Script/Mod_ExpHullsBases/DialogsPlayerMercHQ/AdditionalPowerCoreInstalled	Что ж, звучит разумно - механики уже приступили к работе.
2219	Script/Mod_ExpHullsBases/DialogsPlayerMercHQ/AdditionalPowerCoreInstalled	Новое энергоядро успешно установлено и включено в систему энергоснабжения станции.<AddText>
2220	Script/Mod_ExpHullsBases/DialogsPlayerMercHQ/GSOMInfo	Совсем недавно учёными была изобретена новая защитная технология, использующая принцип направленных сингулярных отклонений материи. Увеличение защиты происходит за счёт точечного искривления материи в местах попадания вражеских снарядов и искажения пространства на пути следования собственных выстрелов.
2221	Script/Mod_ExpHullsBases/DialogsPlayerMercHQ/GSOMInfo	Массивный генератор встраивается в корпус, используя его детали для формирования активного поля. При этом для работы такого устройства требуется так много энергии, что нам придётся полностью обесточить отсек с космическим <clr>захватом<clrEnd> и перенаправить освободившееся питание исключительно на нужды генератора.
2223	Script/Mod_ExpHullsBases/DialogsPlayerMercHQ/GSOMInfo	Сила <WeaponType> оружия: <clr>+20<clrEnd> ед.
2224	Script/Mod_ExpHullsBases/DialogsPlayerMercHQ/GSOMInfo	Сила осколочного оружия: <clr>+20<clrEnd> ед.
2225	Script/Mod_ExpHullsBases/DialogsPlayerMercHQ/GSOMInfo	Генератор поля: <clr>+7<clrEnd> ед.
2226	Script/Mod_ExpHullsBases/DialogsPlayerMercHQ/GSOMInfo	Стоимость корпуса: <clr>+25%<clrEnd>
2228	Script/Mod_ExpHullsBases/DialogsPlayerMercHQ/GSOMInfo	Цена установки: <Cost> cr.
2230	Script/Mod_ExpHullsBases/DialogsPlayerMercHQ/GSOMInfo	Генератор будет доставлен и смонтирован тотчас же после заказа. Правда, другое особое усовершенствование после этого произвести будет уже невозможно. <AddText>
2231	Script/Mod_ExpHullsBases/DialogsPlayerMercHQ/GSOMInstalled	Угадай-ка, в каком ухе у меня жужжит? В обоих, говоришь? Эх ты! Это же звук работающего <clr>ГСОМ<clrEnd>!
2232	Script/Mod_ExpHullsBases/DialogsPlayerMercHQ/GSOMInstalled	Отныне наш штаб - по-настоящему крепкий орешек и сможет дать достойный отпор любому врагу!
2233	Script/Mod_ExpHullsBases/DialogsPlayerMercHQ/GreetingImprove	Усовершенствование штаба - дело затратное, но тут как в бизнесе - без больших вложений не видать крупной прибыли. Со временем, все затраты окупятся с лихвой и мы будем кататься как сыр в масле. Так что ты присматривайся и особо не жидись, а то, как известно, скупой платит трижды... или четырежды.
2234	Script/Mod_ExpHullsBases/DialogsPlayerMercHQ/GreetingImprove	Вот инженерная сводка о текущем техническом состоянии корпуса нашего штаба:
2238	Script/Mod_ExpHullsBases/DialogsPlayerMercHQ/GreetingImprove	Кстати, ты, <Player>, будучи владельцем и директором организации, можешь принять непосредственное участие в планировании работ и их оптимизации, если, конечно, разбираешься в технике, либо порекомендовать, где можно дешевле закупить расходные материалы. Напоминаю, что сейчас на счету организации числится <CurrentBalance> cr.
2239	Script/Mod_ExpHullsBases/DialogsPlayerMercHQ/GreetingImprove	Список доступных работ по усовершенствованию штаба приведён ниже.
2240	Script/Mod_ExpHullsBases/DialogsPlayerMercHQ/HQLevelUp2	Окей, босс, я сейчас же свяжусь с одним знакомым бригадиром. Берёт он прилично, но лучше его бригады никого не найти. Уже к вечеру всё будет готово в лучшем виде!
2242	Script/Mod_ExpHullsBases/DialogsPlayerMercHQ/HQLevelUp2	Ну вот, собственно, и всё. Я ж говорил, что они лучшие! Наш штаб значительно расширили и завезли новое оборудование. Можешь прогуляться по новым коридорам - оценить результат.
2243	Script/Mod_ExpHullsBases/DialogsPlayerMercHQ/HQLevelUp2	Также рад сообщить, что теперь мы можем набрать в организацию <clr>больше наёмников<clrEnd>, не забудь раздать указания, если захочешь изменить лимит.
2244	Script/Mod_ExpHullsBases/DialogsPlayerMercHQ/HQLevelUp3	Окей, босс, я сейчас же свяжусь с одним знакомым бригадиром. Берёт он прилично, но лучше его бригады никого не найти. Уже к вечеру всё будет готово в лучшем виде!
2246	Script/Mod_ExpHullsBases/DialogsPlayerMercHQ/HQLevelUp3	Ну вот, собственно, и всё. Я ж говорил, что они лучшие! Наш штаб значительно расширили и завезли новое оборудование. Можешь прогуляться по новым коридорам - оценить результат.
2247	Script/Mod_ExpHullsBases/DialogsPlayerMercHQ/HQLevelUp3	Также рад сообщить, что теперь мы можем набрать в организацию <clr>больше наёмников<clrEnd>, не забудь раздать указания, если захочешь изменить лимит.
2248	Script/Mod_ExpHullsBases/DialogsPlayerMercHQ/HQLevelUp4	Окей, босс, я сейчас же свяжусь с одним знакомым бригадиром. Берёт он прилично, но лучше его бригады никого не найти. Уже к вечеру всё будет готово в лучшем виде!
2250	Script/Mod_ExpHullsBases/DialogsPlayerMercHQ/HQLevelUp4	Ну вот, собственно, и всё. Я ж говорил, что они лучшие! Наш штаб значительно расширили и завезли новое оборудование. Можешь прогуляться по новым коридорам - оценить результат.
2251	Script/Mod_ExpHullsBases/DialogsPlayerMercHQ/HQLevelUp4	Также рад сообщить, что теперь мы можем набрать в организацию <clr>больше наёмников<clrEnd>, не забудь раздать указания, если захочешь изменить лимит.
2252	Script/Mod_ExpHullsBases/DialogsPlayerMercHQ/HQLevelUp5	Окей, босс, я сейчас же свяжусь с одним знакомым бригадиром. Берёт он прилично, но лучше его бригады никого не найти. Уже к вечеру всё будет готово в лучшем виде!
2254	Script/Mod_ExpHullsBases/DialogsPlayerMercHQ/HQLevelUp5	Ну вот, собственно, и всё. Я ж говорил, что они лучшие! Наш штаб значительно расширили и завезли новое оборудование. Можешь прогуляться по новым коридорам - оценить результат.
2255	Script/Mod_ExpHullsBases/DialogsPlayerMercHQ/HQLevelUp5	Также рад сообщить, что теперь мы можем набрать в организацию <clr>больше наёмников<clrEnd>, не забудь раздать указания, если захочешь изменить лимит.
2256	Script/Mod_ExpHullsBases/DialogsPlayerMercHQ/HQLevelUp6	Окей, босс, я сейчас же свяжусь с одним знакомым бригадиром. Берёт он прилично, но лучше его бригады никого не найти. Уже к вечеру всё будет готово в лучшем виде!
2258	Script/Mod_ExpHullsBases/DialogsPlayerMercHQ/HQLevelUp6	Ну вот, собственно, и всё. Я ж говорил, что они лучшие! Наш штаб значительно расширили и завезли новое оборудование. Можешь прогуляться по новым коридорам - оценить результат.
2259	Script/Mod_ExpHullsBases/DialogsPlayerMercHQ/HQLevelUp6	Также рад сообщить, что теперь мы можем набрать в организацию <clr>больше наёмников<clrEnd>, а на верфи ты теперь сможешь заказать в постройку наш <clr>собственный боевой крейсер<clrEnd>! Круто ведь, правда!?
2260	Script/Mod_ExpHullsBases/DialogsPlayerMercHQ/HullArmorIncreased	Понял, босс. Новые листы брони уже приваривают к корпусу штаба. Новенькие, отполированные, со светоотражателями - в самый раз, чтобы показать потенциальным клиентам, насколько крута наша организация!
2261	Script/Mod_ExpHullsBases/DialogsPlayerMercHQ/HullLevelIncreased	Своевременное решение, босс. В штабе была проведена тотальная реконструкция, так что теперь блестит как новенький!
2262	Script/Mod_ExpHullsBases/DialogsPlayerMercHQ/HullLevelIncreased	Проверь доступные улучшения, наверняка уже появилась возможность прикрутить нам что-нибудь интересное.
2263	Script/Mod_ExpHullsBases/DialogsPlayerMercHQ/HullStructureIncreased	Отлично! Наши виртуозы автогена и кувалды уже закупили всё необходимое и приступили к работе. Новый отсек и сопутствующая система коммуникаций скоро будут введены в эксплуатацию.
2264	Script/Mod_ExpHullsBases/DialogsPlayerMercHQ/HullStructureIncreased	И глазом моргнуть не успеешь, как всё будет готово!
2265	Script/Mod_ExpHullsBases/DialogsPlayerMercHQ/HurricaneInfo	Это экспериментальная система сверхточного наведения, спроектированная специально для установки на коалиционные космические базы. Монтируется вместо обыкновенного <clr>радара<clrEnd> и существенно повышает точность всех бортовых орудий:
2267	Script/Mod_ExpHullsBases/DialogsPlayerMercHQ/HurricaneInfo	Дальнобойность орудий: <clr>+60<clrEnd>
2268	Script/Mod_ExpHullsBases/DialogsPlayerMercHQ/HurricaneInfo	Навык точности: <clr>+2<clrEnd>
2269	Script/Mod_ExpHullsBases/DialogsPlayerMercHQ/HurricaneInfo	Стоимость корпуса: <clr>+25%<clrEnd>
2271	Script/Mod_ExpHullsBases/DialogsPlayerMercHQ/HurricaneInfo	Цена установки: <Cost> cr.
2273	Script/Mod_ExpHullsBases/DialogsPlayerMercHQ/HurricaneInfo	Система будет доставлена и смонтирована тотчас же после заказа. Правда, другое особое усовершенствование после этого произвести будет уже невозможно. <AddText>
2274	Script/Mod_ExpHullsBases/DialogsPlayerMercHQ/HurricaneInstalled	<clr>Ураган<clrEnd> успешно установлен и откалиброван, а стрелки уже проходят экспресс-курс обучения для работы с новым нейронным интерфейсом.
2275	Script/Mod_ExpHullsBases/DialogsPlayerMercHQ/HurricaneInstalled	Совсем скоро наш штаб сможет похвастаться самыми дальнобойными орудиями в бескрайнем космосе, и всё это благодаря тебе, босс.
2276	Script/Mod_ExpHullsBases/DialogsPlayerMercHQ/PlayerAskGSOM	Расскажи мне о проекте <clr>"ГСОМ"<clrEnd>
2277	Script/Mod_ExpHullsBases/DialogsPlayerMercHQ/PlayerAskHullArmorIncrease	Увеличить броню на <Count> ед. за <Cost> cr.
2278	Script/Mod_ExpHullsBases/DialogsPlayerMercHQ/PlayerAskHullLevelIncrease	Полный апгрейд корпуса за <Cost> cr.
2279	Script/Mod_ExpHullsBases/DialogsPlayerMercHQ/PlayerAskHullStructureIncrease	Увеличить структуру на <Count> ед. за <Cost> cr.
2280	Script/Mod_ExpHullsBases/DialogsPlayerMercHQ/PlayerAskHurricane	Расскажи мне о проекте <clr>"Ураган"<clrEnd>
2281	Script/Mod_ExpHullsBases/DialogsPlayerMercHQ/PlayerAskPolyxen	<clr>Удешевление<clrEnd> обслуживания станции
2282	Script/Mod_ExpHullsBases/DialogsPlayerMercHQ/PlayerGSOMYes	Приступайте к установке
2283	Script/Mod_ExpHullsBases/DialogsPlayerMercHQ/PlayerHQLevelUp	Отлично!
2284	Script/Mod_ExpHullsBases/DialogsPlayerMercHQ/PlayerHurricaneYes	Да, пожалуй, <clr>"Ураган"<clrEnd> и впрямь может нам пригодиться
2285	Script/Mod_ExpHullsBases/DialogsPlayerMercHQ/PlayerPolyxenYes	Начинайте установку поликсенатной брони
2286	Script/Mod_ExpHullsBases/DialogsPlayerMercHQ/PolyxenInfo	Не секрет, что повсеместно применяемые в создании космических кораблей и станций материалы крайне дороги и неэкономичны. Кроме того, повреждённые бронелисты зачастую приходится заменять целиком, так как они попросту раскалываются и рассыпаются на куски.
2287	Script/Mod_ExpHullsBases/DialogsPlayerMercHQ/PolyxenInfo	У наших инженеров давно есть идея: заменить всю броню станции на поликсенатную. Поликсенат - новейший композитный пластик, который при сверхнизких температурах по прочности не уступает корабельной броне, но в то же время крайне лёгок в повседневном обслуживании.
2288	Script/Mod_ExpHullsBases/DialogsPlayerMercHQ/PolyxenInfo	Мы можем демонтировать текущую броню и распродать её для частичного погашения расходов. <MoneyText>
2290	Script/Mod_ExpHullsBases/DialogsPlayerMercHQ/PolyxenInfo	Стоимость корпуса: <clr>-50%<clrEnd>
2291	Script/Mod_ExpHullsBases/DialogsPlayerMercHQ/PolyxenInfo	Эффективность дроида: <clr>+10<clrEnd> ед.
2293	Script/Mod_ExpHullsBases/DialogsPlayerMercHQ/PolyxenInfo	Цена установки: <Cost> cr.
2295	Script/Mod_ExpHullsBases/DialogsPlayerMercHQ/PolyxenInfo	Новая броня будет доставлена и смонтирована тотчас же после заказа. Правда, другое особое усовершенствование после этого произвести будет уже невозможно. <AddText>
2296	Script/Mod_ExpHullsBases/DialogsPlayerMercHQ/PolyxenInstalled	Ну что ж, добро пожаловать на космическую станцию с пластиковой бронёй!
2297	Script/Mod_ExpHullsBases/DialogsPlayerMercHQ/PolyxenInstalled	Не унывай, босс - прокачать наш штаб теперь можно куда дешевле, да и ремонт из собственных средств станет стоить дешевле.
2298	Script/Mod_ExpHullsBases/DialogsPlayerMercHQ/PortalGeneratorInstalled	Отлично, босс! Мы тотчас же приступим к установке и настройке генератора.
2300	Script/Mod_ExpHullsBases/DialogsPlayerMercHQ/PortalGeneratorInstalled	Дело сделано! Генератор установлен и уже начал заряжаться, а наша станция вскоре сможет рассекать пространство быстрее самых шустрых космических судов.
2301	Script/Mod_ExpHullsBases/DialogsPlayerMercHQ/PortalGeneratorInstalled	Вы просто замечательный шеф, босс - весь персонал в восторге от открывшихся перед нами возможностей! Обязательно возвращайся через <Days> дней, чтобы собственноручно отдать приказ на первый гиперпространственный скачок.
2302	Script/Mod_ExpHullsBases/DialogsPlayerMercHQ/PowerCore1	Возможности нашего портального генератора значительно возросли, а персонал будет рад тому, что свет в отсеках отныне можно не экономить.
2303	Script/Mod_ExpHullsBases/DialogsPlayerMercHQ/PowerCore2	<br>Хмм, а ты раньше не замечал, что вон та лампочка горит как-то слишком уж ярко? Должно быть, электрик снова ватты перепутал, надо попросить, чтоб заменили.
2304	Script/Mod_ExpHullsBases/DialogsPlayerMercHQ/PowerCore3	Уже третье, кстати.
2305	Script/Mod_ExpHullsBases/DialogsPlayerMercHQ/PowerCore3	Позволь же по этому поводу пожать твою щедрую руку... Ай!!! Чего током-то бьёшься!? Ты что там, у себя на корабле в одних меховых шубах ходишь, что ли!? А ещё рейнджер называется - фи!
2306	Script/Mod_ExpHullsBases/DialogsPlayerMercHQ/PowerCore4	<br>О, кстати, ты бы не хотел приобрести страховку от внезапного удара молнии? Точно? А то у нас в последнее время участились случаи. Обстановка крайне наэлектризована, знаешь ли...
2307	Script/Mod_ExpHullsBases/DialogsPlayerMercHQ/RuinHullReportHQLevel	Уровень штаба: <Level>
2312	Script/Mod_ShuMercs/CreatingPlayerOrgDialogs/BridgeChooseStar	Систему
2313	Script/Mod_ShuMercs/CreatingPlayerOrgDialogs/BridgeMBAnswer1	Ваш коммуникатор подключился к каналу связи центра наёмников base, и вскоре на мониторе возникло утомлённое лицо управляющего:
2315	Script/Mod_ShuMercs/CreatingPlayerOrgDialogs/BridgeMBAnswer1	А, это снова вы, <Player>. Что вам понадобилось на этот раз?
2316	Script/Mod_ShuMercs/CreatingPlayerOrgDialogs/BridgeMBAnswer2	Неужели? И какую же систему вы выбрали?
2317	Script/Mod_ShuMercs/CreatingPlayerOrgDialogs/BridgeMBAnswer3	Система <Star> значит. Что ж, неплохой выбор. Помнится, там живёт моя любимая тетушка, у неё всегда получались отличные пирожки, надо бы слетать к ней, а то засиделся я тут...
2318	Script/Mod_ShuMercs/CreatingPlayerOrgDialogs/BridgeMBAnswer3	В общем, <Player>, ждём вас с подписанными бумагами.
2319	Script/Mod_ShuMercs/CreatingPlayerOrgDialogs/BridgeMBAnswerNoStars	Да о чём вы вообще, <Player>? Согласно нашим данным, систем, подходящих под ваши... "политические убеждения", в данный момент в Галактике просто не существует. Выбирать не из чего.
2320	Script/Mod_ShuMercs/CreatingPlayerOrgDialogs/BridgePlayerCall1	Связаться с <color=0,50,200>центром наёмников base</color>
2321	Script/Mod_ShuMercs/CreatingPlayerOrgDialogs/BridgePlayerCall2	Я по поводу месторасположения штаба
2322	Script/Mod_ShuMercs/CreatingPlayerOrgDialogs/BridgePlayerCall3	А знаете, я что-то забыл, что хотел сказать, конец связи
2323	Script/Mod_ShuMercs/CreatingPlayerOrgDialogs/BridgePlayerCallEnd	Принял, конец связи
2324	Script/Mod_ShuMercs/CreatingPlayerOrgDialogs/BridgePlayerCallNoStars	Хм, да, вы правы, я как-то совсем упустил этот момент, конец связи
2325	Script/Mod_ShuMercs/CreatingPlayerOrgDialogs/BridgePlayerCallOut	Ой, извините, ошибся кнопкой, конец связи
2326	Script/Mod_ShuMercs/CreatingPlayerOrgDialogs/DomAnswer	Ууу, нифига себе ты загнул, братан. Хочешь свою банду собрать? Красава, чё сказать. Ну, если бабки есть, то чё б не попробовать?
2327	Script/Mod_ShuMercs/CreatingPlayerOrgDialogs/DomAnswer	Разрешение выдать в принципе не проблема, но ты ведь знаешь - на шару ничего не бывает.
2328	Script/Mod_ShuMercs/CreatingPlayerOrgDialogs/DomAskP	Я хочу получить разрешение на создание собственной военной организации
2329	Script/Mod_ShuMercs/CreatingPlayerOrgDialogs/DomBribeAnswer	Так-с, ща посчитаем... это в общак... это головастикам на приборы... это пацанам на бухло... мне на карман...
2330	Script/Mod_ShuMercs/CreatingPlayerOrgDialogs/DomBribeAnswer	Итого, <Player>, тебе надо занести в общак <Cost> cr. Ну, чё скажешь? Оформляемся?
2331	Script/Mod_ShuMercs/CreatingPlayerOrgDialogs/DomBribeDoneP	Будь здоров
2332	Script/Mod_ShuMercs/CreatingPlayerOrgDialogs/DomBribeNoP	Я не могу себе столько позволить
2333	Script/Mod_ShuMercs/CreatingPlayerOrgDialogs/DomBribeP	И сколько это будет стоить?
2334	Script/Mod_ShuMercs/CreatingPlayerOrgDialogs/DomBribeYes	Красава, <Player>, братство тебя не забудет! Вот твои бумажки, залетай ещё к нам на огонёк - будем всегда рады.
2335	Script/Mod_ShuMercs/CreatingPlayerOrgDialogs/DomBribeYesP	По рукам! [<color=0,50,200>заплатить</color>]
2336	Script/Mod_ShuMercs/CreatingPlayerOrgDialogs/DomPersuasionNo	Да нам домики так-то побоку. Пусть с ними Коалиция парится. Мы сегодня здесь, завтра там, так что ты туфту не гони, а давай ближе к делу.
2337	Script/Mod_ShuMercs/CreatingPlayerOrgDialogs/DomPersuasionP	Но я буду защищать территорию клана от доминаторов
2338	Script/Mod_ShuMercs/CreatingPlayerOrgDialogs/DomPersuasionYes	Мда, <Player>, хотел бы я с тобой поспорить, но дела у нас в последнее время идут совсем из рук вон плохо. Жестянки отжимают систему за системой. Такими темпами нам скоро всем кирдык настанет, так что тут волей-неволей начинаешь думать о спасении собственной шкуры.
2339	Script/Mod_ShuMercs/CreatingPlayerOrgDialogs/DomPersuasionYes	Лады. Думаю, твоя контора нам не помешает. Бери свои бумаги и вали шустрее, пока никто не спалил, что я тебе тут на шару всё подписал... засмеют ведь, черти.
2340	Script/Mod_ShuMercs/CreatingPlayerOrgDialogs/DomPersuasionYesP	По рукам
2341	Script/Mod_ShuMercs/CreatingPlayerOrgDialogs/DomReturn	Поговорим на другие темы
2342	Script/Mod_ShuMercs/CreatingPlayerOrgDialogs/GalaxyNews	Сегодняшний день стал днём рождения новой военной организации <PlayerOrgName>. Штаб с одноимённым названием уже расположился в системе <PlayerOrgStar>. К каким последствиям это приведёт - пока неизвестно.
2343	Script/Mod_ShuMercs/CreatingPlayerOrgDialogs/GalaxyNewsTwice	Организация <PlayerOrgName> довольно быстро смогла оправиться после понесённых потерь. Свидетельством тому служит новый штаб, недавно возведённый в системе <PlayerOrgStar>. Обновляем информацию для всех владельцев карт этого сектора.
2345	Script/Mod_ShuMercs/CreatingPlayerOrgDialogs/MBAnswerRename	Услуга повторной регистрации названия организации не бесплатна и будет стоить <Cost> cr. Если вы не передумали, заполните, пожалуйста, вот эти бланки, подпись ставить здесь, а тут вписываете новое название. Всё просто.
2346	Script/Mod_ShuMercs/CreatingPlayerOrgDialogs/MBChooseGov	О, последний важный вопрос, который необходимо разрешить перед строительством станции - управляющий.
2347	Script/Mod_ShuMercs/CreatingPlayerOrgDialogs/MBChooseGov	Управляющий - ваше доверенное лицо и правая рука, которая избавляет вас от необходимости заниматься мелкой волокитой. Именно поэтому выбор управляющего должен быть среди высокопрофессиональных кандидатов с безупречной репутацией, которые не подведут и не предадут вас.
2348	Script/Mod_ShuMercs/CreatingPlayerOrgDialogs/MBChooseGov	Найм управляющего входил в стоимость нашего договора, ввиду чего мы просмотрели кандидатуры и выбрали три, на наш взгляд, наилучшие. Вот они, собственно:
2350	Script/Mod_ShuMercs/CreatingPlayerOrgDialogs/MBChooseGov	1. <clr>Вдубас Драгомыс<clrEnd>
2351	Script/Mod_ShuMercs/CreatingPlayerOrgDialogs/MBChooseGov	Ранние годы своей карьеры Вдубас начинал капитаном ополчения на небольшой малокской планете. Проявив недюжинную смекалку и управленческие навыки, Вдубас сумел поставить на высший уровень организацию милиции в районе, регионе, планете. После этого решением Верховного Аргота он был переведён управляющим на одну из тыловых военных баз, где скоро заскучал и решил податься к нам.
2352	Script/Mod_ShuMercs/CreatingPlayerOrgDialogs/MBChooseGov	Ввиду соответствующего опыта Вдубаса все подготавливаемые вами бойцы будут иметь <clr>куда более высокие боевые навыки<clrEnd>, да и сама подготовка будет проходить <clr>куда быстрее<clrEnd>.
2354	Script/Mod_ShuMercs/CreatingPlayerOrgDialogs/MBChooseGov	2. <clr>Серго Виттей<clrEnd>
2355	Script/Mod_ShuMercs/CreatingPlayerOrgDialogs/MBChooseGov	Способный чиновник мелкой руки с первых дней помнил высказывание одного древнего земного правителя: "Кадры решают всё". Расставляя не только опытных, но и верных ему людей, Серго постепенно поднимался по карьерной лестнице, консолидируя в своих руках полную власть над Министерством экономики родной планеты. Вскрыв серию коррупционных механизмов и ликвидировав огромное количество бесполезных или совсем малоэффективных должностей, Серго смог добиться полного выполнения нескольких планетарных проектов, но нажитые враги, добравшись до силовиков, смогли вскрыть де-юре некорректные цепочки прямого управления между начальством и подчинёнными в обход бюрократии, к чему была сфабрикована коррупционная схема. Серго пришлось бежать, и он решил предложить свои услуги вам.
2356	Script/Mod_ShuMercs/CreatingPlayerOrgDialogs/MBChooseGov	Как опытный кадровик, Серго всегда сможет <clr>подобрать "такое же, но за меньшие деньги"<clrEnd>
2358	Script/Mod_ShuMercs/CreatingPlayerOrgDialogs/MBChooseGov	3. <clr>Элайма Некентида<clrEnd>
2359	Script/Mod_ShuMercs/CreatingPlayerOrgDialogs/MBChooseGov	Бывший капитан небольшой орбитальной станции на орбите <clr>Марса<clrEnd>, специализировавшейся на скорой и дешёвой починке кораблей. Однако, в один погожий день на станцию залетел едва не разорванный пиратами дипломатический корабль. Команда Элаймы выполнила свою работу быстро и качественно, но вот <clr>артефакт<clrEnd>, оказавшийся на корабле, техники починить не могли - лицензия на их починку была слишком дорогой. Чиновник, летевший на корабле, разразился проклятиями и угрозами, и, как оказалось, был злопамятен, поэтому вскоре от Элаймы потребовали ликвидировать станцию. Распродав и раздав команде оборудование и деньги, Элайма подался на вольные хлеба, где и наткнулся на наше предложение.
2360	Script/Mod_ShuMercs/CreatingPlayerOrgDialogs/MBChooseGov	Как знаток рынка оборудования, Некентида может легко выйти на нужного поставщика и обеспечить нас деталями для <clr>улучшения станции<clrEnd> по сниженным ценам. Кроме того, у Элаймы есть множество опубликованных наработок по <clr>модернизации корабельных двигателей<clrEnd>, которые он может попробовать установить на ваши корабли, а также улучшенных систем безопасности, которые могут помочь вашим бойцам <clr>реже ремонтировать<clrEnd> своё оборудование.
2362	Script/Mod_ShuMercs/CreatingPlayerOrgDialogs/MBChooseGovFei	Мне нравится кандидатура <color=190,85,210>Элаймы Некентиды</color>
2363	Script/Mod_ShuMercs/CreatingPlayerOrgDialogs/MBChooseGovMaloc	Мне нравится кандидатура <color=170,30,30>Вдубаса Драгомыса</color>
2364	Script/Mod_ShuMercs/CreatingPlayerOrgDialogs/MBChooseGovPeople	Мне нравится кандидатура <color=30,30,170>Серго Виттея</color>
2365	Script/Mod_ShuMercs/CreatingPlayerOrgDialogs/MBGovAnswer1	Что случилось, <Player>, тяжело приходится на вольных хлебах?
2366	Script/Mod_ShuMercs/CreatingPlayerOrgDialogs/MBGovAnswer2	Понимаю. Всем нам хочется какой-то стабильности и уверенности в завтрашнем дне. Вы правы, помимо услуг, озвученных вам ранее, наш центр предоставляет услуги по трудоустройству и, в некоторых случаях, выступает посредником между организациями и потенциальными новобранцами.
2367	Script/Mod_ShuMercs/CreatingPlayerOrgDialogs/MBGovAnswer2	Однако спешу огорчить - исходя из данных, которые у меня имеются на вашу кандидатуру, вас не захочет нанять ни одна из действующих группировок.
2368	Script/Mod_ShuMercs/CreatingPlayerOrgDialogs/MBGovAnswer3	Как вы знаете, на данный момент существуют три группировки наёмников: <clr>ЧОП "Атлант"<clrEnd>, <clr>Отряд "Красные топоры"<clrEnd> и <clr>Корпорация "Фэйенгелион"<clrEnd>.
2369	Script/Mod_ShuMercs/CreatingPlayerOrgDialogs/MBGovAnswer3	Эти организации не появились из ниоткуда. У каждой из них своя история, внутренний кодекс, а также определённые требования, предъявляемые к новичкам.
2370	Script/Mod_ShuMercs/CreatingPlayerOrgDialogs/MBGovAnswer3	Я мог бы рассказать вам про каждую из них подробнее, но лучше будет, если вы просто мне поверите и не станете тратить наше общее бесценное время.
2371	Script/Mod_ShuMercs/CreatingPlayerOrgDialogs/MBGovAnswerAgainConditionNo	А, так вы всё ещё не выбросили эту дурную идею из головы? Видите ли, какое дело - в этом вопросе, как ни странно, деньги решают далеко не всё. Тут ещё важно доверие. Мы о вас почти ничего не знаем, чтобы так слепо ставить на кон свою репутацию. Вот если бы кто-то из старых проверенных вояк замолвил за вас словечко - вот тогда другой разговор. Возвращайтесь, как найдёте себе надёжного покровителя, и мы обсудим этот вопрос более детально.
2372	Script/Mod_ShuMercs/CreatingPlayerOrgDialogs/MBGovAnswerAgainConditionYes	Но видите ли, какое дело... О, одну секунду... Хм, кажется старый <clr>Ципцилот<clrEnd> снова хочет вернуться в бизнес. М-да, любопытно...
2373	Script/Mod_ShuMercs/CreatingPlayerOrgDialogs/MBGovAnswerAgainConditionYes	Ах, простите, <Player>, просто воспоминания нахлынули. Я только что узнал, что вас рекомендовал в качестве доверенного лица один уважаемый наёмник, а значит, мы готовы помочь вам в создании собственной организации. Вот вам наши условия...
2375	Script/Mod_ShuMercs/CreatingPlayerOrgDialogs/MBGovAnswerAgainConditionYes	<clr>Для того, чтобы основать свою организацию, вам потребуется:<clrEnd>
2376	Script/Mod_ShuMercs/CreatingPlayerOrgDialogs/MBGovAnswerAgainConditionYes	- Договориться с правительствами планет системы, которую вы выберете под место расположения вашего штаба
2377	Script/Mod_ShuMercs/CreatingPlayerOrgDialogs/MBGovAnswerAgainConditionYes	- Договориться с военным командованием о предоставлении разрешения на создание военного формирования на территории Коалиции или получить одобрение Правления клана, если вы хотите разместить штаб на территории пиратов
2378	Script/Mod_ShuMercs/CreatingPlayerOrgDialogs/MBGovAnswerAgainConditionYes	- Оплатить регистрацию вашей организации у нас в центре, на текущий момент размер платежа составляет <Cost> cr.
2379	Script/Mod_ShuMercs/CreatingPlayerOrgDialogs/MBGovAnswerAgainConditionYes	Каким образом вы получите все необходимые разрешения – нас не волнует. Главное, чтобы все документы были у вас на руках, а мы уже позаботимся обо всех остальных формальностях.
2381	Script/Mod_ShuMercs/CreatingPlayerOrgDialogs/MBGovAnswerAgainConditionYes	Выбрать <clr>систему<clrEnd> для основания своей организации вам придётся <clr>заранее<clrEnd> - это важно. Можете сделать это прямо сейчас, либо позднее, с <clr>мостика<clrEnd> вашего корабля. Однако напоминаю, что приступить к получению разрешений до выбора конкретной системы вы, по очевидным причинам, не сможете.
2382	Script/Mod_ShuMercs/CreatingPlayerOrgDialogs/MBGovAnswerBuild	А мы вас уже заждались. Всё-таки не каждый день к нам приходят клиенты с такими запросами. Надеюсь, никаких серьёзных проблем не возникло?
2383	Script/Mod_ShuMercs/CreatingPlayerOrgDialogs/MBGovAnswerBuild	Итак, перейдём к делу. Как вы понимаете, постройка штаба - дело не простое. Для этого нужны - стройматериалы, оборудование, бригада надёжных рабочих, персонал станции и куча прочих мелочей.
2384	Script/Mod_ShuMercs/CreatingPlayerOrgDialogs/MBGovAnswerBuild	Но не переживайте - обо всём этом мы уже позаботились. Новенькая станция со всем необходимым персоналом уже практически готова к запуску.
2385	Script/Mod_ShuMercs/CreatingPlayerOrgDialogs/MBGovAnswerBuild	За регистрацию организации, а также за постройку штаба с вас причитается <Cost> cr. Поверьте, лучшей цены вы не найдете нигде. Почему я так уверен? Ну хотя бы потому, что у нас нет конкурентов.
2386	Script/Mod_ShuMercs/CreatingPlayerOrgDialogs/MBGovAnswerBuildAgain	Я знал, что вы решитесь! По глазам вижу, как вам не терпится опробовать себя в роли большого босса!
2387	Script/Mod_ShuMercs/CreatingPlayerOrgDialogs/MBGovAnswerBuildAgain	Итак, условия те же - за регистрацию и постройку штаба с вас причитается <Cost> cr. Что скажете?
2388	Script/Mod_ShuMercs/CreatingPlayerOrgDialogs/MBGovAnswerBuildDone	Замечательное название! Тааак-с... это сюда... тут отметим... а вот тут не надо...
2390	Script/Mod_ShuMercs/CreatingPlayerOrgDialogs/MBGovAnswerBuildDone	Готово! Поздравляю вас, <Player>. Отныне вы главный директор, главнокомандующий и полноправный владелец организации <PlayerOrgName>. Ваш новенький штаб прямо сейчас выходит на орбиту звезды <PlayerOrgStar>, где и будет дожидаться вашего прилёта.
2391	Script/Mod_ShuMercs/CreatingPlayerOrgDialogs/MBGovAnswerBuildDone	base благодарит вас за сотрудничество и желает достичь успеха в сфере предоставления наёмных услуг!
2392	Script/Mod_ShuMercs/CreatingPlayerOrgDialogs/MBGovAnswerBuildDoneTwice	Поздравляю, <Player>. Ваш новый штаб уже ждёт своего счастливого владельца в системе <PlayerOrgStar>. Искренне надеюсь, что его не постигнет судьба предшественника. Всего доброго.
2393	Script/Mod_ShuMercs/CreatingPlayerOrgDialogs/MBGovAnswerBuildName	Отлично, а теперь выберите название для вашей организации...
2394	Script/Mod_ShuMercs/CreatingPlayerOrgDialogs/MBGovAnswerBuildTwice	Отлично, <Player>, я в вас не сомневался. Новенький штаб уже почти готов к запуску. Вам осталось лишь внести оплату, после чего я передам вам коды доступа к контролю станции.
2395	Script/Mod_ShuMercs/CreatingPlayerOrgDialogs/MBGovAnswerBuildTwice	Итого, за постройку новой станции с вас причитается <Cost> cr. Что скажете?
2396	Script/Mod_ShuMercs/CreatingPlayerOrgDialogs/MBGovAnswerConditionExtraTerms	Без посредников? Хм-м, дайте подумать... Что ж, рейнджер, в таком случае нам от вас понадобятся неопровержимые доказательства, что вы держите слово и что на вас всегда можно будет положиться в рисковом деле. А что может служить лучшим доказательством, чем почётная награда от правителя целой планеты? Предъявите нам хотя бы по <clr>паре<clrEnd> наград от планетарных правительств каждой из <clr>пяти<clrEnd> разумных рас, и тогда мы будем уверены, что ведём диалог с надёжным партнёром.
2397	Script/Mod_ShuMercs/CreatingPlayerOrgDialogs/MBGovAnswerConditionExtraTerms	Но это ещё не всё, <Player>. Знаете, что означает быть профессиональным наёмником? У настоящего наёмника есть лишь одно правило: "Контракт должен быть выполнен любой ценой". Однако, хороший наемник не станет делить заказчиков на "плохих" и "хороших", ведь тот, кто сегодня для него наниматель - завтра может стать желанной мишенью.
2398	Script/Mod_ShuMercs/CreatingPlayerOrgDialogs/MBGovAnswerConditionExtraTerms	Именно поэтому, рейнджер, в качестве доказательства отсутствия личных предубеждений, мы хотели бы увидеть в вашем послужном деле как минимум <clr>десять<clrEnd> выполненных контрактов на убийство, чтобы подтвердить свой статус беспринципного исполнителя заданий любого класса.
2399	Script/Mod_ShuMercs/CreatingPlayerOrgDialogs/MBGovAnswerConditionExtraTerms	Чтобы вам было проще ориентироваться в наших требованиях к кандидатам, выводим вашу текущую статистику:
2400	Script/Mod_ShuMercs/CreatingPlayerOrgDialogs/MBGovAnswerConditionExtraTerms	Медалей от малоков: mal
2401	Script/Mod_ShuMercs/CreatingPlayerOrgDialogs/MBGovAnswerConditionExtraTerms	Медалей от пеленгов: pel
2402	Script/Mod_ShuMercs/CreatingPlayerOrgDialogs/MBGovAnswerConditionExtraTerms	Медалей от людей: peo
2403	Script/Mod_ShuMercs/CreatingPlayerOrgDialogs/MBGovAnswerConditionExtraTerms	Медалей от фэян: fei
2404	Script/Mod_ShuMercs/CreatingPlayerOrgDialogs/MBGovAnswerConditionExtraTerms	Медалей от гаальцев: gaa
2405	Script/Mod_ShuMercs/CreatingPlayerOrgDialogs/MBGovAnswerConditionExtraTerms	Выполнено заданий на убийство: kil
2406	Script/Mod_ShuMercs/CreatingPlayerOrgDialogs/MBGovAnswerConditionExtraTermsYes	Да неужели? Позволите мне на них взглянуть? Хмм, вижу, вы времени зря не теряли... От малоков есть, от пеленгов тоже... О, а эта награда от моего двоюродного дядюшки! И даже среди пиратов вы себе репутацию заработали... Ну что ж, в таком случае мы, так и быть, готовы помочь вам в создании вашей организации. Вот наши условия...
2408	Script/Mod_ShuMercs/CreatingPlayerOrgDialogs/MBGovAnswerConditionExtraTermsYes	<clr>Для того, чтобы основать свою организацию, вам потребуется:<clrEnd>
2409	Script/Mod_ShuMercs/CreatingPlayerOrgDialogs/MBGovAnswerConditionExtraTermsYes	- Договориться с правительствами планет системы, которую вы выберете под место расположения вашего штаба
2410	Script/Mod_ShuMercs/CreatingPlayerOrgDialogs/MBGovAnswerConditionExtraTermsYes	- Договориться с военным командованием о предоставлении разрешения на создание военного формирования на территории Коалиции или получить одобрение Правления клана, если вы хотите разместить штаб на территории пиратов
2411	Script/Mod_ShuMercs/CreatingPlayerOrgDialogs/MBGovAnswerConditionExtraTermsYes	- Оплатить регистрацию вашей организации у нас в центре, на текущий момент размер платежа составляет <Cost> cr. Будь с вами надёжный поручитель, мы бы, может, и сделали вам небольшую скидку, но конкретно в вашем случае мы рискуем своей репутацией, поэтому цена останется стандартной
2412	Script/Mod_ShuMercs/CreatingPlayerOrgDialogs/MBGovAnswerConditionExtraTermsYes	Каким образом вы получите все необходимые разрешения – нас не волнует. Главное, чтобы все документы были у вас на руках, а мы уже позаботимся обо всех остальных формальностях.
2414	Script/Mod_ShuMercs/CreatingPlayerOrgDialogs/MBGovAnswerConditionExtraTermsYes	Выбрать <clr>систему<clrEnd> для основания своей организации вам придётся <clr>заранее<clrEnd> - это важно. Можете сделать это прямо сейчас, либо позднее, с <clr>мостика<clrEnd> вашего корабля. Однако напоминаю, что приступить к получению разрешений до выбора конкретной системы вы, по очевидным причинам, не сможете.
2415	Script/Mod_ShuMercs/CreatingPlayerOrgDialogs/MBGovAnswerConditionNo	Неплохо вы так замахнулись, рейнджер. Хотите стать большим боссом, управлять своей маленькой армией, да ещё и получать при этом солидный доход? Понимаю. Я бы и сам не прочь переехать из этого затхлого коридора в роскошный кабинет.
2416	Script/Mod_ShuMercs/CreatingPlayerOrgDialogs/MBGovAnswerConditionNo	Но видите ли, какое дело - в этом вопросе, как ни странно, деньги решают далеко не всё. Тут важно доверие. Мы о вас почти ничего не знаем, вы в Галактике ещё <clr>недостаточно известны<clrEnd>, чтобы мы рискнули слепо ставить на кон свою уважаемую репутацию посредника. Вот если бы кто-то из старых проверенных вояк замолвил за вас словечко - вот тогда другой разговор. Возвращайтесь, как найдёте себе надёжного покровителя, и мы обсудим этот вопрос более детально.
2417	Script/Mod_ShuMercs/CreatingPlayerOrgDialogs/MBGovAnswerConditionYes	Неплохо вы так замахнулись, рейнджер. Хотите стать большим боссом, управлять своей маленькой армией, да ещё и получать при этом солидный доход? Понимаю. Я бы и сам не прочь переехать из этого затхлого коридора в роскошный кабинет.
2418	Script/Mod_ShuMercs/CreatingPlayerOrgDialogs/MBGovAnswerConditionYes	Но видите ли, какое дело... Одну секунду...
2419	Script/Mod_ShuMercs/CreatingPlayerOrgDialogs/MBGovAnswerConditionYes	Хм, кажется старый <clr>Ципцилот<clrEnd> снова хочет вернуться в бизнес. Мда, любопытно...
2420	Script/Mod_ShuMercs/CreatingPlayerOrgDialogs/MBGovAnswerConditionYes	Ах, простите, <Player>, просто воспоминания нахлынули. Я только что узнал, что вас рекомендовал в качестве доверенного лица один уважаемый наёмник, а значит, мы готовы помочь вам в создании собственной организации. Вот вам наши условия...
2422	Script/Mod_ShuMercs/CreatingPlayerOrgDialogs/MBGovAnswerConditionYes	<clr>Для того, чтобы основать свою организацию, вам потребуется:<clrEnd>
2423	Script/Mod_ShuMercs/CreatingPlayerOrgDialogs/MBGovAnswerConditionYes	- Договориться с правительствами планет системы, которую вы выберете под место расположения вашего штаба
2424	Script/Mod_ShuMercs/CreatingPlayerOrgDialogs/MBGovAnswerConditionYes	- Договориться с военным командованием о предоставлении разрешения на создание военного формирования на территории Коалиции или получить одобрение Правления клана, если вы хотите разместить штаб на территории пиратов
2425	Script/Mod_ShuMercs/CreatingPlayerOrgDialogs/MBGovAnswerConditionYes	- Оплатить регистрацию вашей организации у нас в центре, на текущий момент размер платежа составляет <Cost> cr.
2426	Script/Mod_ShuMercs/CreatingPlayerOrgDialogs/MBGovAnswerConditionYes	Каким образом вы получите все необходимые разрешения – нас не волнует. Главное, чтобы все документы были у вас на руках, а мы уже позаботимся обо всех остальных формальностях.
2428	Script/Mod_ShuMercs/CreatingPlayerOrgDialogs/MBGovAnswerConditionYes	Выбрать <clr>систему<clrEnd> для основания своей организации вам придётся <clr>заранее<clrEnd> - это важно. Можете сделать это прямо сейчас, либо позднее, с <clr>мостика<clrEnd> вашего корабля. Однако напоминаю, что приступить к получению разрешений до выбора конкретной системы вы, по очевидным причинам, не сможете.
2429	Script/Mod_ShuMercs/CreatingPlayerOrgDialogs/MBGovAnswerTwice	Да, мы слышали про нападение. Печальная история. Рад, что хоть вы целы.
2430	Script/Mod_ShuMercs/CreatingPlayerOrgDialogs/MBGovAnswerTwice	Мы готовы построить для вас новый штаб в кратчайшие сроки, однако, как и в прошлый раз, нам необходимы разрешения, ведь выданные вам ранее уже не действительны.
2431	Script/Mod_ShuMercs/CreatingPlayerOrgDialogs/MBGovChooseStarDone	Отлично, в таком случае мы начнём все необходимые приготовления прямо сейчас. Отправляйтесь за разрешениями властей, а как только вернётесь - мы тотчас же приступим к строительству штаба в системе <Star>.
2432	Script/Mod_ShuMercs/CreatingPlayerOrgDialogs/MBGovPlayerBuildName	[<clr>Выбрать название<clrEnd>]
2433	Script/Mod_ShuMercs/CreatingPlayerOrgDialogs/MBPlayerAgainConditionNo	Понятно
2434	Script/Mod_ShuMercs/CreatingPlayerOrgDialogs/MBPlayerAgainConditionNoReAsk	А если без посредников?
2435	Script/Mod_ShuMercs/CreatingPlayerOrgDialogs/MBPlayerAgainConditionYesCancel	Наверное, я пока ещё не готов к такому шагу, нужно всё хорошенько обдумать
2436	Script/Mod_ShuMercs/CreatingPlayerOrgDialogs/MBPlayerAgainConditionYesStart	Систему я выберу позже, но вы пока начинайте приготовления - скоро выйду на связь
2437	Script/Mod_ShuMercs/CreatingPlayerOrgDialogs/MBPlayerAsk	А могу ли я сам стать наёмником?
2438	Script/Mod_ShuMercs/CreatingPlayerOrgDialogs/MBPlayerAsk2	С "хлебами" у меня полный порядок, но деньги, как известно, лишними не бывают
2439	Script/Mod_ShuMercs/CreatingPlayerOrgDialogs/MBPlayerAsk3	А что не так с моей кандидатурой?
2440	Script/Mod_ShuMercs/CreatingPlayerOrgDialogs/MBPlayerAsk4	Но в таком случае я бы мог основать свою собственную группировку, верно?
2441	Script/Mod_ShuMercs/CreatingPlayerOrgDialogs/MBPlayerAskAgain	Насчёт создания своей организации наёмников
2442	Script/Mod_ShuMercs/CreatingPlayerOrgDialogs/MBPlayerAskBuild	Все бумаги у меня, можно начинать строительство
2443	Script/Mod_ShuMercs/CreatingPlayerOrgDialogs/MBPlayerAskBuildAgain	Насчёт организации и штаба
2444	Script/Mod_ShuMercs/CreatingPlayerOrgDialogs/MBPlayerAskBuildTwice	Я получил все необходимые разрешения на строительство
2445	Script/Mod_ShuMercs/CreatingPlayerOrgDialogs/MBPlayerAskTwice	Я хочу построить новый штаб
2446	Script/Mod_ShuMercs/CreatingPlayerOrgDialogs/MBPlayerBuildDone	Спасибо, очень рад
2447	Script/Mod_ShuMercs/CreatingPlayerOrgDialogs/MBPlayerBuildPayNo	Я пока что не готов
2448	Script/Mod_ShuMercs/CreatingPlayerOrgDialogs/MBPlayerBuildPayYes	Что ж, хорошо, вот ваши деньги [<color=0,50,200>заплатить</color>]
2449	Script/Mod_ShuMercs/CreatingPlayerOrgDialogs/MBPlayerChooseStar	Выбираю систему
2450	Script/Mod_ShuMercs/CreatingPlayerOrgDialogs/MBPlayerChooseStarDone	Понял, вылетаю
2451	Script/Mod_ShuMercs/CreatingPlayerOrgDialogs/MBPlayerConditionExtraTermsNo	Что ж, я вас понял
2452	Script/Mod_ShuMercs/CreatingPlayerOrgDialogs/MBPlayerConditionExtraTermsYes	А у меня при себе уже есть все необходимые отличительные знаки
2453	Script/Mod_ShuMercs/CreatingPlayerOrgDialogs/MBPlayerConditionNoOk	Что ж, я вас понял
2454	Script/Mod_ShuMercs/CreatingPlayerOrgDialogs/MBPlayerConditionNoReAsk	А нет ли другого способа завоевать ваше доверие, безо всяких мутных посредников?
2455	Script/Mod_ShuMercs/CreatingPlayerOrgDialogs/MBPlayerConditionYesCancel	Наверное, я пока ещё не готов к такому шагу, нужно всё хорошенько обдумать
2456	Script/Mod_ShuMercs/CreatingPlayerOrgDialogs/MBPlayerConditionYesStart	Систему я выберу позже, но вы можете уже начинать приготовления - скоро выйду на связь
2457	Script/Mod_ShuMercs/CreatingPlayerOrgDialogs/MBPlayerTwiceNo	Что-то я передумал, может потом
2458	Script/Mod_ShuMercs/CreatingPlayerOrgDialogs/MBPlayerTwiceYes	Так и быть, привезу вам ещё раз эти бумажки
2459	Script/Mod_ShuMercs/CreatingPlayerOrgDialogs/ManaanGovAnswer2	Понимаю. Всем нам хочется какой-то стабильности и уверенности в завтрашнем дне. Вы правы, помимо услуг, озвученных вам ранее, наш центр предоставляет услуги по трудоустройству и, в некоторых случаях, выступает посредником между организациями и потенциальными новобранцами.
2460	Script/Mod_ShuMercs/CreatingPlayerOrgDialogs/ManaanGovAnswer2	Однако спешу огорчить - исходя из данных, которые у меня имеются на вашу кандидатуру, и текущей обстановки касательно организаций наёмников, вам не получится трудоустроиться у нас.
2461	Script/Mod_ShuMercs/CreatingPlayerOrgDialogs/ManaanGovAnswer3	Как вы знаете, не так давно существовало три группировки наёмников: <clr>ЧОП "Атлант"<clrEnd>, <clr>Отряд "Красные топоры"<clrEnd> и <clr>Корпорация "Фэйенгелион"<clrEnd>.
2462	Script/Mod_ShuMercs/CreatingPlayerOrgDialogs/ManaanGovAnswer3	Эти организации не появились из ниоткуда. У каждой из них своя история, внутренний кодекс, а также определённые требования, предъявляемые к новичкам. Впрочем, это уже совершенно неважно, ведь все три были <color=20,150,20>уничтожены</color>, а им на смену пришла Гильдия Фрилансеров.
2463	Script/Mod_ShuMercs/CreatingPlayerOrgDialogs/ManaanGovAnswer3	Увы, ситуация на данный момент обстоит так, что Гильдия очень трепетно относится к кандидатам, и по своим собственным причинам, которые нам не разглашаются, категорически против бывших - а тем более действующих - участников Корпуса Рейнджеров.
2464	Script/Mod_ShuMercs/CreatingPlayerOrgDialogs/ManaanGovAnswerBuildDone	Замечательное название! Тааак-с... это сюда... тут отметим... а вот тут не надо...
2466	Script/Mod_ShuMercs/CreatingPlayerOrgDialogs/ManaanGovAnswerBuildDone	Готово! Поздравляю вас, <Player>. Отныне вы главный директор, главнокомандующий и полноправный владелец организации <PlayerOrgName>. Ваш новенький штаб прямо сейчас выходит на орбиту звезды <PlayerOrgStar>, где и будет дожидаться вашего прилёта.
2467	Script/Mod_ShuMercs/CreatingPlayerOrgDialogs/ManaanGovAnswerBuildDone	Свободный порт base благодарит вас за сотрудничество и желает достичь успеха в сфере предоставления наёмных услуг!
2468	Script/Mod_ShuMercs/CreatingPlayerOrgDialogs/PBAnswer	Разрешение на провоз контрабанды, разрешение на рэкет, так-с... где же у меня были нужные бланки... Ага, вот - разрешение на создание военной организации. Тебе нужно заплатить...
2469	Script/Mod_ShuMercs/CreatingPlayerOrgDialogs/PBAnswer	Блин, брателло, ну не могу я тебя разводить как лоха. Всё-таки ты свой. Какое нафиг разрешение? Ты посмотри чё творится-то - от клана почти ничего не осталось, нам такими темпами скоро кирдык придёт. Я вот уже подготовил пять паспортов на всякий пожарный. Могу и тебе достать, надо?
2470	Script/Mod_ShuMercs/CreatingPlayerOrgDialogs/PBAnswer	В общем, вот твоя бумага, <Player>. Если ты со своими братками поможешь клану подняться, я ещё и за твое здоровье выпью!
2471	Script/Mod_ShuMercs/CreatingPlayerOrgDialogs/PBAskP	Я хочу получить разрешение правления клана на создание собственной военной организации
2472	Script/Mod_ShuMercs/CreatingPlayerOrgDialogs/PBDoneP	Спасибо
2473	Script/Mod_ShuMercs/CreatingPlayerOrgDialogs/PlanetGovCoalBad	Мы вам совершенно не доверяем, <Player>. Я даже не поручил бы вам доставить пиццу в соседний отдел. А в таких делах, доверие - самое главное.
2474	Script/Mod_ShuMercs/CreatingPlayerOrgDialogs/PlanetGovCoalBad	Ни о каком разрешении не может быть и речи!
2475	Script/Mod_ShuMercs/CreatingPlayerOrgDialogs/PlanetGovCoalBribe	Я готов хоть прямо сейчас перевести пожертвование в пользу фонда защиты бездомных котопсов, только назовите номер счёта
2476	Script/Mod_ShuMercs/CreatingPlayerOrgDialogs/PlanetGovCoalBribeCost	Ах, котопсы, ну конечно! И как я мог забыть об этих милых мохнатых уродцах? Ваша забота крайне похвальна, <Player>. Думаю, что сумма в <Cost> cr. поможет этим бедным тварям чувствовать себя в полной безопасности, находясь на территории новой загородной виллы с видом на океан.
2477	Script/Mod_ShuMercs/CreatingPlayerOrgDialogs/PlanetGovCoalBribeNo	А знаете, что-то я передумал
2478	Script/Mod_ShuMercs/CreatingPlayerOrgDialogs/PlanetGovCoalBribeNoOut	Тогда чего вы мне голову морочите? Передумал он, видите ли. А как же бедные котопсы!? И не стыдно вам, рейнджер?
2479	Script/Mod_ShuMercs/CreatingPlayerOrgDialogs/PlanetGovCoalBribeYes	С вами приятно иметь дело [<color=0,50,200>заплатить</color>]
2480	Script/Mod_ShuMercs/CreatingPlayerOrgDialogs/PlanetGovCoalGood	Что-что, рейнджер <Player>? Я не ослышался? Вы хотите, чтобы я выдал вам разрешение на постройку вооружённой станции, которая не будет подчинена ни одному правительству, на которой смогут укрываться преступники и которая будет нависать постоянной угрозой над нашей безопасностью? А может вам ещё выдать ключи от квартиры, где деньги лежат?
2481	Script/Mod_ShuMercs/CreatingPlayerOrgDialogs/PlanetGovCoalGood	Так вот знайте, <Player>, никакого разрешения я вам выдавать не буду. По крайней мере до тех пор, пока не увижу в этом выгоды для себ... эмм, то есть для <color=0,50,200>нашего народа</color>.
2482	Script/Mod_ShuMercs/CreatingPlayerOrgDialogs/PlanetGovCoalPersuasion	В случае вторжения доминаторов, я готов предоставить дополнительную защиту системы. Помогая мне сегодня - вы обеспечиваете свою безопасность на годы вперёд.
2483	Script/Mod_ShuMercs/CreatingPlayerOrgDialogs/PlanetGovCoalPersuasionFail	Для таких целей у нас имеется собственный вооружённый флот. Да и скорее уж систему придётся защищать не от доминаторов, а от ваших разгулявшихся бойцов, так что нет, спасибо, <Player>, но лишней головной боли нам не надо.
2484	Script/Mod_ShuMercs/CreatingPlayerOrgDialogs/PlanetGovCoalPersuasionFail	У вас остались ещё какие-то вопросы?
2485	Script/Mod_ShuMercs/CreatingPlayerOrgDialogs/PlanetGovCoalPersuasionSuccess	Хм, а ведь верно, в ваших словах есть здравый смысл. Думаю, начальство не будет против, если я выдам вам такое разрешение. Безопасность в наше время дорогого стоит.
2486	Script/Mod_ShuMercs/CreatingPlayerOrgDialogs/PlanetGovCoalPersuasionSuccessP	Благодарю за сотрудничество
2487	Script/Mod_ShuMercs/CreatingPlayerOrgDialogs/PlanetGovCoalQuest	Возможно, у вас имеются нерешённые вопросы личного характера? С этим я бы мог помочь...
2488	Script/Mod_ShuMercs/CreatingPlayerOrgDialogs/PlanetGovCoalQuestInProcess	Почему вы все ещё здесь, <Player>? Я не желаю с вами общаться на эту тему до тех пор, пока вы не исполните свою часть уговора.
2489	Script/Mod_ShuMercs/CreatingPlayerOrgDialogs/PlanetGovCoalQuestNo	Что ж, похвальная инициатива, <Player>, но нет, у нас всё относительно спокойно и ваши услуги нам не нужны.
2490	Script/Mod_ShuMercs/CreatingPlayerOrgDialogs/PlanetGovCoalQuestNoP	Понятно
2491	Script/Mod_ShuMercs/CreatingPlayerOrgDialogs/PlanetGovCoalReturn	Поговорим на другую тему
2492	Script/Mod_ShuMercs/CreatingPlayerOrgDialogs/PlanetGovCoalThreatBad	А вдруг с тобой что-то случится к концу дня, если не будет разрешения. Как тебе такое доверие?
2493	Script/Mod_ShuMercs/CreatingPlayerOrgDialogs/PlanetGovCoalThreatBadSuccess	Всё-всё, я понял. Не надо никаких случаев. Вот твои бумаги, только больше здесь не появляйся!
2494	Script/Mod_ShuMercs/CreatingPlayerOrgDialogs/PlanetGovCoalThreatFail	Охрана! Тут угроза должностному лицу при исполнении служебных обязанностей! Задержать преступника!
2495	Script/Mod_ShuMercs/CreatingPlayerOrgDialogs/PlanetGovCoalThreatFailP	Нет-нет, вы всё неправильно поняли!
2496	Script/Mod_ShuMercs/CreatingPlayerOrgDialogs/PlanetGovCoalThreatGood	Здоровье ваших родных и близких в обозримом будущем, не это ли величайшая выгода?
2497	Script/Mod_ShuMercs/CreatingPlayerOrgDialogs/PlanetGovCoalThreatGoodSuccess	А я был о вас лучшего мнения, <Player>. Вот ваши бумаги. Надеюсь, наши дороги больше никогда не пересекутся.
2498	Script/Mod_ShuMercs/CreatingPlayerOrgDialogs/PlanetGovCoalThreatNotSure	Что вы сказали? Это что, была угроза?
2499	Script/Mod_ShuMercs/CreatingPlayerOrgDialogs/PlanetGovCoalThreatNotSureFail	Охрана! Тут угроза должностному лицу при исполнении служебных обязанностей! Задержать преступника!
2500	Script/Mod_ShuMercs/CreatingPlayerOrgDialogs/PlanetGovCoalThreatNotSureFailP	Нет! Не стреляйте! Я сдаюсь
2501	Script/Mod_ShuMercs/CreatingPlayerOrgDialogs/PlanetGovCoalThreatNotSureNoP	О нет, что вы! Вы меня просто не так поняли
2502	Script/Mod_ShuMercs/CreatingPlayerOrgDialogs/PlanetGovCoalThreatNotSureSuccess	Спокойно, спокойно. Не надо криков. Я всё понял. Вот ваши бумаги, <Player>, а теперь прошу, оставьте меня и мою семью в покое и просто уходите.
2503	Script/Mod_ShuMercs/CreatingPlayerOrgDialogs/PlanetGovCoalThreatNotSureSuccessP	Вот так бы сразу!
2504	Script/Mod_ShuMercs/CreatingPlayerOrgDialogs/PlanetGovCoalThreatNotSureYesP	Да, и если ты прямо сейчас не подпишешь эти чёртовы бумаги, то я за себя не ручаюсь!
2505	Script/Mod_ShuMercs/CreatingPlayerOrgDialogs/PlanetGovCoalThreatOutOfPrison	Поздравляю с выходом на волю, рейнджер <Player>. Надеюсь, дни, проведённые в заключении пошли вам на пользу и вы переосмыслили своё поведение. В следующий раз хорошенько подумайте, что и кому вы говорите. Всего хорошего.
2506	Script/Mod_ShuMercs/CreatingPlayerOrgDialogs/PlanetGovCoalThreatSuccessP	Благодарю за сотрудничество, шкет
2507	Script/Mod_ShuMercs/CreatingPlayerOrgDialogs/PlanetGovPirBad	Мутный ты тип, <Player>. Слишком правильный какой-то. Ты определись для начала, в чью сторону у тебя стволы смотрят, а потом поговорим.
2508	Script/Mod_ShuMercs/CreatingPlayerOrgDialogs/PlanetGovPirBribe	Я готов хоть прямо сейчас перевести пожертвование в пользу фонда защиты бездомных котопсов, только назовите номер счёта
2509	Script/Mod_ShuMercs/CreatingPlayerOrgDialogs/PlanetGovPirBribeCost	А? Чего? Каких ещё котопсов? Ты там что, янвелба перебрал?
2510	Script/Mod_ShuMercs/CreatingPlayerOrgDialogs/PlanetGovPirBribeCost	Аааа, так вот оно в чём дело. Забыл, где мы находимся? Говори прямо: "Хочу дать взятку за разрешение".
2511	Script/Mod_ShuMercs/CreatingPlayerOrgDialogs/PlanetGovPirBribeCost	Вон видишь, позади тебя терминал стоит? А что на нём написано? Правильно - "Взятки ложить сюда". Подходишь к нему, проводишь свою карту, переводишь <Cost> cr. по указанному счёту и получаешь нужные тебе бумаги. Всё просто.
2512	Script/Mod_ShuMercs/CreatingPlayerOrgDialogs/PlanetGovPirBribeNo	А знаете, что-то я передумал
2513	Script/Mod_ShuMercs/CreatingPlayerOrgDialogs/PlanetGovPirBribeYes	Мда уж, и впрямь просто [<color=0,50,200>заплатить</color>]
2514	Script/Mod_ShuMercs/CreatingPlayerOrgDialogs/PlanetGovPirGood	Штаб наёмников, говоришь? Решил основать свою военную организацию? Ого, <Player>, неслабо ты так замахнулся. А потянешь?
2515	Script/Mod_ShuMercs/CreatingPlayerOrgDialogs/PlanetGovPirGood	Впрочем, не моё это дело. Я всё равно не могу помочь. Пойми, <Player>, я лично против тебя ничего не имею и всеми руками за, но вот мои боссы просто не поймут, если я выдам такое разрешение. Мне же нужно им как-то объяснить такой шаг, и это объяснение должно им понравиться.
2516	Script/Mod_ShuMercs/CreatingPlayerOrgDialogs/PlanetGovPirQuest	В таком случае, возможно, я мог бы оказать вам некую услугу?
2517	Script/Mod_ShuMercs/CreatingPlayerOrgDialogs/PlanetGovPirQuestInProcess	Хватит тут околачиваться, <Player>! Возвращайся, когда выполнишь свою часть сделки.
2518	Script/Mod_ShuMercs/CreatingPlayerOrgDialogs/PlanetGovPirQuestNo	Извиняй, <Player>, но у нас и так всё на мази. Твоя помощь сейчас без надобности.
2519	Script/Mod_ShuMercs/CreatingPlayerOrgDialogs/PlanetGovPirQuestNoP	Понятно
2520	Script/Mod_ShuMercs/CreatingPlayerOrgDialogs/PlanetGovPirReturn	Поговорим на другую тему
2521	Script/Mod_ShuMercs/CreatingPlayerOrgDialogs/PlanetGovPirThreatBad	Видишь мой бластер? А вот он тебя видит... и видит хорошо
2522	Script/Mod_ShuMercs/CreatingPlayerOrgDialogs/PlanetGovPirThreatDead	Жизнь великого рейнджера закончилась
2524	Script/Mod_ShuMercs/CreatingPlayerOrgDialogs/PlanetGovPirThreatFail	Мда, видать ты совсем с кукухой не в ладах. Впрочем, это уже не мои проблемы. Ребятки, вы знаете что делать...
2525	Script/Mod_ShuMercs/CreatingPlayerOrgDialogs/PlanetGovPirThreatGood	Если я не увижу нужное мне разрешение через пять минут, то будешь объяснять своему начальству, почему у тебя вместо башки лишь оплавленная головешка!
2526	Script/Mod_ShuMercs/CreatingPlayerOrgDialogs/PlanetGovPirThreatHaHa	Ахахахах... Ой, не могу, держите меня шестеро! <Player>, ты кого тут напугать решил? Ты хоть догоняешь где находишься и с кем говоришь? Стоит мне щелкнуть пальцами и от тебя и пылинки не останется, смекаешь? А хотя знаешь что, я уже давненько так не ржал. Тут на работе одна рутина, все ходят с кислыми рожами, аж смотреть противно.
2527	Script/Mod_ShuMercs/CreatingPlayerOrgDialogs/PlanetGovPirThreatHaHa	Но ты меня позабавил, поэтому так уж и быть, сделаю тебе скидку за храбрость, так сказать, и выдам твоё разрешение всего за <Cost> cr.
2528	Script/Mod_ShuMercs/CreatingPlayerOrgDialogs/PlanetGovPirThreatHaHa	Предложение <clr>ограниченное<clrEnd>, так что советую его принять. В следующий раз будешь платить уже по стандартному "тарифу".
2529	Script/Mod_ShuMercs/CreatingPlayerOrgDialogs/PlanetGovPirThreatHaHaP1	Эм, ну ладно, спасибо [<color=0,50,200>заплатить</color>]
2530	Script/Mod_ShuMercs/CreatingPlayerOrgDialogs/PlanetGovPirThreatHaHaP2	Я сейчас в твоей башке дырку проковыряю по ограниченному тарифу! А ну живо давай сюда разрешение!!!
2531	Script/Mod_ShuMercs/CreatingPlayerOrgDialogs/PlanetGovPirThreatHaHaP3	Спасибо за предложение, но я лучше пойду
2532	Script/Mod_ShuMercs/CreatingPlayerOrgDialogs/PlanetGovPirThreatSuccess	Спокойно, братан, я же пошутил! Видать, ты в юморе не силён, но это такое, с каждым бывает. Вот твоё разрешение, и разойдемся с миром.
2533	Script/Mod_ShuMercs/CreatingPlayerOrgDialogs/PlanetGovPirThreatSuccessP	Благодарю за сотрудничество, "братишка"
2534	Script/Mod_ShuMercs/CreatingPlayerOrgDialogs/PlanetPlayerAsk1	Я бы хотел получить разрешение на постройку своего штаба наёмников в вашей системе
2535	Script/Mod_ShuMercs/CreatingPlayerOrgDialogs/PlanetPlayerQuestAsk1	Кстати, насчёт разрешения...
2536	Script/Mod_ShuMercs/CreatingPlayerOrgDialogs/PlayerAskRename	Я хочу сменить название своей организации
2537	Script/Mod_ShuMercs/CreatingPlayerOrgDialogs/PlayerAskRenameNo	Я передумал
2538	Script/Mod_ShuMercs/CreatingPlayerOrgDialogs/PlayerAskRenameYes	Я согласен [<color=0,50,200>заплатить и выбрать название</color>]
2540	Script/Mod_ShuMercs/CreatingPlayerOrgDialogs/QuestMessage/Complete	Вы успешно завершили строительство вашего штаба в системе <Star>. Самое время отправиться туда, и увидеть всё своими глазами.
2541	Script/Mod_ShuMercs/CreatingPlayerOrgDialogs/QuestMessage/Failed1	Система <Star>, которую вы выбрали для постройки своего штаба, была захвачена - дальнейшее продолжение строительства невозможно. Обратитесь в <clr>центр наёмников<clrEnd> для получения пакета документов на оформление строительства где-нибудь в другом месте.
2542	Script/Mod_ShuMercs/CreatingPlayerOrgDialogs/QuestMessage/Failed2	Система <Star>, которую вы ранее выбрали для постройки штаба, не подконтрольна <color=255,240,100>Коалиции</color> - дальнейшее продолжение строительства невозможно. Обратитесь в <clr>центр наёмников<clrEnd> для получения пакета документов на оформление строительства где-нибудь в другом месте.
2543	Script/Mod_ShuMercs/CreatingPlayerOrgDialogs/QuestMessage/Failed3	Система <Star>, которую вы ранее выбрали для постройки штаба, не подконтрольна <color=255,240,100>пиратскому клану</color> - дальнейшее продолжение строительства невозможно. Обратитесь в <clr>центр наёмников<clrEnd> для получения пакета документов на оформление строительства где-нибудь в другом месте.
2544	Script/Mod_ShuMercs/CreatingPlayerOrgDialogs/QuestMessage/Failed4	Все крупнейшие группировки наёмников в Галактике распались, так что заключать контракт на создание собственной организации вам теперь нужно не с ними, а с Гильдией Фрилансеров. Вернитесь на Свободный Порт и обсудите вопрос заново.
2545	Script/Mod_ShuMercs/CreatingPlayerOrgDialogs/QuestMessage/Stage1	Вам необходимо выбрать подходящую для строительства вашего штаба систему, после чего связаться с <color=255,240,100>центром наёмников</color>, используя коммуникатор на <color=255,240,100>мостике</color>.
2546	Script/Mod_ShuMercs/CreatingPlayerOrgDialogs/QuestMessage/Stage2_Coalition	Вы выбрали систему <Star> местом расположения вашего будущего штаба. Перед началом постройки вам необходимо получить одобрение правителей всех <color=255,240,100>местных планет</color>, а также получить разрешение от <color=255,240,100>Совета Коалиции</color>.
2547	Script/Mod_ShuMercs/CreatingPlayerOrgDialogs/QuestMessage/Stage2_PirateClan	Вы выбрали систему <Star> местом расположения вашего будущего штаба. Перед началом постройки вам необходимо получить одобрение правителей всех <color=255,240,100>местных планет</color>, а также получить разрешение от <color=255,240,100>пиратского клана</color>.
2548	Script/Mod_ShuMercs/CreatingPlayerOrgDialogs/QuestMessage/Stage3	Вы выбрали систему <Star> местом расположения вашего будущего штаба и уже собрали все необходимые бумаги и подписи. Можно смело отправляться в <clr>центр наёмников<clrEnd> для завершения последних приготовлений.
2549	Script/Mod_ShuMercs/CreatingPlayerOrgDialogs/QuestMessage/Title	<color=255,240,100>Создание собственной организации наёмников</color>
2551	Script/Mod_ShuMercs/CreatingPlayerOrgDialogs/RCAnswer	Вы хотите основать свою военную организацию, рейнджер <Player>? Ну дела... А ведь я ещё помню, как вы недавно выслушивали приветственную речь для новобранцев.
2552	Script/Mod_ShuMercs/CreatingPlayerOrgDialogs/RCAnswer	Что ж, я не имею ничего против. Сейчас нам пригодится любая помощь в борьбе с доминаторами, так что опустим формальности. Вот ваше разрешение, <Player>. Мы верим, что вы поможете Коалиции одержать победу в это нелёгкое для Галактики время. Не подведите нас!
2553	Script/Mod_ShuMercs/CreatingPlayerOrgDialogs/RCAskP	Я хочу получить разрешение на создание собственной военной организации
2554	Script/Mod_ShuMercs/CreatingPlayerOrgDialogs/RCDoneP	Спасибо
2555	Script/Mod_ShuMercs/CreatingPlayerOrgDialogs/TextBoxName	Введите название:
2556	Script/Mod_ShuMercs/CreatingPlayerOrgDialogs/TwiceIntro	До нас дошли слухи, что штаб вашей организации был уничтожен. За определённую плату мы могли бы помочь вам с его восстановлением.
2557	Script/Mod_ShuMercs/CreatingPlayerOrgDialogs/WBAnswer	Согласно пункту <color=0,50,200>5</color> параграфа <color=0,50,200>37</color> закона <color=0,50,200>"О безопасности Коалиции"</color>, запрещено формирование любых военных организаций кроме тех, которые прямо, либо косвенно подчинены военному командованию Коалиции.
2558	Script/Mod_ShuMercs/CreatingPlayerOrgDialogs/WBAnswer	Это же элементарные вещи, <Player>, ты-то должен о таком знать! Я не имею права выдать тебе такое разрешение... если только ты не найдёшь причины, по которой я бы мог нарушить закон.
2559	Script/Mod_ShuMercs/CreatingPlayerOrgDialogs/WBAskP	Я хочу получить разрешение на создание собственной военной организации
2560	Script/Mod_ShuMercs/CreatingPlayerOrgDialogs/WBBribeAnswer	О... я, кажется, начинаю припоминать кое-какие поправки к закону. Кажется, там говорилось, что в военное время... что-то про исключения... эх, дальше не помню... вот если бы ты перевёл <Cost> cr. на счёт нашей военной базы, то несколько бутылок хорошей втыкиллы точно помогли бы мне вспомнить, что же там было написано.
2561	Script/Mod_ShuMercs/CreatingPlayerOrgDialogs/WBBribeDoneP	Спасибо
2562	Script/Mod_ShuMercs/CreatingPlayerOrgDialogs/WBBribeNoP	Увы, но я не могу себе такое позволить
2563	Script/Mod_ShuMercs/CreatingPlayerOrgDialogs/WBBribeP	Я мог бы пожертвовать крупную сумму для борьбы с врагами Коалиции...
2564	Script/Mod_ShuMercs/CreatingPlayerOrgDialogs/WBBribeYes	Да! Вспомнил! Там написано, что в "военное время разрешается выдавать разрешения на размещение военных формирований, которые не представляют прямой угрозы для безопасности Коалиции". И как только я мог такое забыть?!
2565	Script/Mod_ShuMercs/CreatingPlayerOrgDialogs/WBBribeYes	Ну что ж, раз я закон не нарушаю, то вот твоё разрешение. Удачи, <Player>, а я, пожалуй, схожу в бар, принять настойки для памяти.
2566	Script/Mod_ShuMercs/CreatingPlayerOrgDialogs/WBBribeYesP	Надеюсь, этого хватит, чтобы освежить вашу память [<color=0,50,200>заплатить</color>]
2567	Script/Mod_ShuMercs/CreatingPlayerOrgDialogs/WBPersuasionNo	Не спорю, ситуация на фронтах складывается далеко не лучшим образом, но всё же мы не настолько отчаялись, чтобы выдавать такие разрешения направо-налево, тем самым взращивая потенциальную угрозу изнутри. В запросе отказано, <Player>.
2568	Script/Mod_ShuMercs/CreatingPlayerOrgDialogs/WBPersuasionP	Я буду всеми силами способствовать борьбе Коалиции с доминаторами
2569	Script/Mod_ShuMercs/CreatingPlayerOrgDialogs/WBPersuasionYes	К моему глубокому сожалению, я с тобой согласен. Сейчас наше положение критическое. Ещё чуть-чуть, и мы проиграем эту чёртову войну, которая станет последней для Коалиции и всех разумных рас. Поэтому, ввиду сложившихся обстоятельств, я сделаю исключение. Вот твоё разрешение. Надеюсь, я в тебе не ошибся.
2570	Script/Mod_ShuMercs/CreatingPlayerOrgDialogs/WBPersuasionYesP	Я вас не подведу
2571	Script/Mod_ShuMercs/CreatingPlayerOrgDialogs/WBReturn	Поговорим на другие темы
2574	Script/Mod_ShuMercs/PlayerHQArmoryDialog/Greeting	Да чтобы барыгам не переплачивать. Благодаря своему собственному производству, мы экономим на вооружении новых наемников примерно <clr>в два раза<clrEnd>, а излишки оружия выставляем на продажу. Впрочем, для тебя в нашем торговом центре всё всегда <clr>бесплатно<clrEnd>, босс.
2575	Script/Mod_ShuMercs/PlayerHQArmoryDialog/GreetingGluonGuns	К тому же, благодаря твоему великолепному дару убеждения и гениальности профессора <clr>Штойна<clrEnd>, мы поставили на поток производство <clr>глюонного оружия<clrEnd>. Теперь все наши наёмники получают его в свой стандартный арсенал, а излишки мы выставляем на продажу в магазине.
2576	Script/Mod_ShuMercs/PlayerHQArmoryDialog/GreetingIntro	А, так это теперь наша собственная продукция. Организация приобрела уже нешуточный размах, а потребность в новом оружии с каждым днём только росла и росла. В конце концов, наши "доверенные" поставщики, вместо того чтобы сделать скидку старым клиентам, заломили цену ещё в два раза, посчитав, что мы окажемся в безвыходном положении и вынуждены будем принять их условия.
2577	Script/Mod_ShuMercs/PlayerHQArmoryDialog/GreetingIntro	Однако, после того как ты удачно вложил деньги в расширение штаба, у нас внезапно появилась спасительная возможность наладить собственное кустарное производство некоторых видов <clr>оружия<clrEnd> и боеприпасов из <clr>минерального сырья<clrEnd>. Больше нам не придётся переплачивать втридорога за вооружение новых кораблей, что <clr>снизит расходы<clrEnd> на их оснащение примерно <clr>вдвое<clrEnd>. Если будут появляться какие-то излишки - выставим на продажу, так что не забывай время от времени наведываться в наш торговый центр.
2578	Script/Mod_ShuMercs/PlayerHQArmoryDialog/PlayerIntroOut	Ну что ж, неплохо
2579	Script/Mod_ShuMercs/PlayerHQArmoryDialog/PlayerOut	Понятно
2582	Script/Mod_ShuMercs/PlayerHQBridgeDialog/GroupIsOut	Прости, шеф, но парни ещё не вернулись с прошлого вылета. Я дам знать, как только они будут готовы.
2583	Script/Mod_ShuMercs/PlayerHQBridgeDialog/GroupLaunchConfirm	Так-с, маяк, установленный на твоём корабле, показывает, что ты сейчас в системе <PlayerStar>. Группа прибудет к месту назначения примерно через <TimeToArrive> дн. Отдавать команду на взлёт?
2584	Script/Mod_ShuMercs/PlayerHQBridgeDialog/GroupLaunchDecline	Парни, отбой, можете пока расслабиться. Только далеко не уходите, я вам ща такую цыпу покажу...
2585	Script/Mod_ShuMercs/PlayerHQBridgeDialog/GroupLaunchDecline	А, босс, ты ещё тут? Что-то ещё хотел?
2586	Script/Mod_ShuMercs/PlayerHQBridgeDialog/GroupLaunchHomeConfirm	Так-с, маяк, установленный на твоём корабле, показывает, что... о, так ты почти дома! Точно уверен, что нужно высылать группу? Так-то наши парни в любом случае если что подсобят.
2587	Script/Mod_ShuMercs/PlayerHQBridgeDialog/GroupShipAtHome	отдыхает в нашем штабе
2588	Script/Mod_ShuMercs/PlayerHQBridgeDialog/GroupShipAtHyperspace	перемещается по гиперпространству
2589	Script/Mod_ShuMercs/PlayerHQBridgeDialog/GroupShipAtPlanet	ремонтируется на планете
2590	Script/Mod_ShuMercs/PlayerHQBridgeDialog/GroupShipAtPrison	загремел в тюрьму на планете
2591	Script/Mod_ShuMercs/PlayerHQBridgeDialog/GroupShipAtRuins	ремонтируется на станции
2592	Script/Mod_ShuMercs/PlayerHQBridgeDialog/GroupShipAtSameSpace	летит в одной системе с вами, шеф
2593	Script/Mod_ShuMercs/PlayerHQBridgeDialog/GroupShipAtSpace	бороздит космические просторы
2594	Script/Mod_ShuMercs/PlayerHQBridgeDialog/GroupShipStar	(система
2595	Script/Mod_ShuMercs/PlayerHQBridgeDialog/GroupWasSent	Парни, шеф отдал приказ. По коням, бегом-бегом!
2596	Script/Mod_ShuMercs/PlayerHQBridgeDialog/HQDialogReask	Хочешь, чтобы я подсобил тебе с чем-нибудь ещё?
2597	Script/Mod_ShuMercs/PlayerHQBridgeDialog/HQDialogStart	На экране появился <clr>Помощник<clrEnd>, покуривающий бзонк и листающий картинки полураздетых пеленгш на своём планшете:
2599	Script/Mod_ShuMercs/PlayerHQBridgeDialog/HQDialogStart	Уф, ну и напугал ты меня, босс. Никогда к этому звонку не привыкну. Итак, что от меня требуется?
2600	Script/Mod_ShuMercs/PlayerHQBridgeDialog/HQDialogStartFei	Когда коммуникатор уведомил вас, что вызов принят управляющим станции, вы подумали, что экран неисправен - каждый пиксель монитора был занят голограммами схем кораблей, чертежами оборудования, половина из которых вам, опытному космическому бродяге, была совершенно незнакома, а также формулами из трёх-, четырёх- и даже пятимерной математики. Вы уже хотели было отключиться и перенабрать вызов, но заметили, как окна медленно начали пропадать с экрана. Процесс мог бы, наверное, идти быстрее, если бы всё это нагромождение не накладывалось друг на друга примерно в десять слоёв. Работоспособность мозга <clr>Элаймы<clrEnd> просто поражает!
2602	Script/Mod_ShuMercs/PlayerHQBridgeDialog/HQDialogStartFei	Прошу простить мой беспорядок, начальник, я иногда увлекаюсь идеями, а количество экранов недостаточно для моих потребностей. Нельзя ли увеличить число мониторов в моём кабинете с 42-х до хотя бы 69-и? Хотя тогда и помещение придётся перестраивать... Ладно, давайте в другой раз, вижу, вас ждут более важные дела. Вам что-то от меня требуется? Готов заняться любой доступной на нашей великолепной базе задачей!
2603	Script/Mod_ShuMercs/PlayerHQBridgeDialog/HQDialogStartGroup	Кстати, вывожу информацию о всей нашей ударной группе:
2604	Script/Mod_ShuMercs/PlayerHQBridgeDialog/HQDialogStartMaloc	Активировав коммуникатор, в ваши уши, да что там, прямо в ваш мозг волной цунами полился гимн планеты Рамгатру, по громкости сравнимый со взлётом перегруженного субкосмического транспортника. Справившись с шоком и перестав видеть перед глазами цветные пятна, удивительно красные и напоминающие корабли Драккаров, вы, наконец, услышали и увидели назначенного вами управляющим <clr>Вдубаса<clrEnd>. "Да уж - подумалось вам -, имечко подходящее, от такого приветствия и впрямь можно дать дуба!"
2606	Script/Mod_ShuMercs/PlayerHQBridgeDialog/HQDialogStartMaloc	О, командир! Извини, армейская привычка! Мы под гимн и просыпались, и даже засыпали. Это динамики ещё у нас слабые - современные, понимаешь, с защитой для слабых ушей инопланетников! Вот я тебе сейчас на своём "Малок-поде" включу! Некогда, ты по делу? Хорошо, командир, давай в другой раз. Говори задачу. Что тебе требуется от скромного солдата?
2607	Script/Mod_ShuMercs/PlayerHQBridgeDialog/HQDialogStartPeople	Когда экран коммуникатора загорелся, вы сначала решили, что заболели какой-то болезнью, вызывающей галлюцинации - человек по ту сторону <clr>работал<clrEnd>! Разновеликие стопки бумаг, гарнитура, в которую каждую секунду посылались команды и принимались ответы, очередь из живых сотрудников более низкого звена на фоне - подход к делу просто невероятен! Стеллажи пустых банок "Махпеллы" до потолка или даже настоящее казино прямо в кабинете вас бы не удивили так сильно, как управляющий, честно и кропотливо выполняющий свои обязанности. Досье не соврало ни на букву, <clr>Серго<clrEnd> действительно оказался очень серьёзным человеком, не словом, а делом готовый бороться с треклятым бюрократическим аппаратом.
2609	Script/Mod_ShuMercs/PlayerHQBridgeDialog/HQDialogStartPeople	... Нет, в третий отсек. Озадачь И'вана Макса, он перспективный, ему полезно. *Поворачивается к экрану* Слушаю! А, это вы, шеф! Всем выйти, главная линия! Слушаю, шеф, какую работу требуется выполнить?
2610	Script/Mod_ShuMercs/PlayerHQBridgeDialog/HQDialogStartTziptzilot	На экране появился <clr>Бластер Ципцилот<clrEnd>, покуривающий бзонк и листающий картинки полураздетых пеленгш на своём планшете:
2612	Script/Mod_ShuMercs/PlayerHQBridgeDialog/HQDialogStartTziptzilot	Уф, ну и напугал ты меня, босс. Никогда к этому звонку не привыкну. Итак, что от меня требуется?
2613	Script/Mod_ShuMercs/PlayerHQBridgeDialog/PlayerAskGroup	Мне нужна ударная группа
2614	Script/Mod_ShuMercs/PlayerHQBridgeDialog/PlayerAskGroupAddCruiser	Усилить группу боевым крейсером
2615	Script/Mod_ShuMercs/PlayerHQBridgeDialog/PlayerAskGroupAddCruiserNotEnoughStrikeShips	Усилить группу боевым крейсером [недостаточно кораблей в ударной группе]
2616	Script/Mod_ShuMercs/PlayerHQBridgeDialog/PlayerAskGroupAddCruiserOut	Усилить группу боевым крейсером [на вылете]
2617	Script/Mod_ShuMercs/PlayerHQBridgeDialog/PlayerAskGroupExcludeCruiser	Убрать крейсер из состава группы
2618	Script/Mod_ShuMercs/PlayerHQBridgeDialog/PlayerAskGroupNoGroup	Мне нужна ударная группа [отсутствует]
2619	Script/Mod_ShuMercs/PlayerHQBridgeDialog/PlayerAskGroupOut	Мне нужна ударная группа [на вылете]
2620	Script/Mod_ShuMercs/PlayerHQBridgeDialog/PlayerAskGroupRefuel	Мне нужна ударная группа [отдыхает]
2621	Script/Mod_ShuMercs/PlayerHQBridgeDialog/PlayerCallHQ	Связаться со штабом <PlayerOrgName>
2622	Script/Mod_ShuMercs/PlayerHQBridgeDialog/PlayerCallHQOut	Конец связи
2623	Script/Mod_ShuMercs/PlayerHQBridgeDialog/PlayerConfirmNo	Нет, отбой, сам справлюсь
2624	Script/Mod_ShuMercs/PlayerHQBridgeDialog/PlayerConfirmYes	Высылай их
2625	Script/Mod_ShuMercs/PlayerHQBridgeDialog/PlayerGroupIsOut	Понятно
2628	Script/Mod_ShuMercs/PlayerHQFinanceDialog/BalanceTopUp	Отлично, шеф. Сумма в <TopUpCount> cr. была переведена на счёт организации.
2629	Script/Mod_ShuMercs/PlayerHQFinanceDialog/BalanceTopUp	Наш текущий баланс теперь составляет <CurrentBalance> cr.
2630	Script/Mod_ShuMercs/PlayerHQFinanceDialog/BalanceTopUpSum	Укажите сумму пополнения:
2631	Script/Mod_ShuMercs/PlayerHQFinanceDialog/BalanceWithdraw	Сумма в <WithdrawCount> cr. перекочевала на твой счёт, босс. Остальная половина, согласно договору, была отправлена в центр наёмников.
2632	Script/Mod_ShuMercs/PlayerHQFinanceDialog/BalanceWithdraw	Текущий баланс организации теперь составляет <CurrentBalance> cr.
2633	Script/Mod_ShuMercs/PlayerHQFinanceDialog/BalanceWithdrawNoMercs	Сумма в <WithdrawCount> cr. перекочевала на твой счёт, босс. Остальная половина, согласно договору, должна была бы перекочевать в центр наёмников, но такого больше нет, поэтому она отправляется в твой карман.
2634	Script/Mod_ShuMercs/PlayerHQFinanceDialog/BalanceWithdrawNoMercs	Текущий баланс организации теперь составляет <CurrentBalance> cr.
2635	Script/Mod_ShuMercs/PlayerHQFinanceDialog/BalanceWithdrawSum	Укажите сумму списания:
2636	Script/Mod_ShuMercs/PlayerHQFinanceDialog/BalanceWithdrawWarning	Внимание! На ваш счёт будет переведено лишь <color=0,50,200>50%</color> от выбранной суммы: <WithdrawCount> cr. Вы уверены, что хотите продолжить?
2637	Script/Mod_ShuMercs/PlayerHQFinanceDialog/FinanceInfo	Как независимое юридическое лицо, наша организация имеет свой собственный кредитный баланс, который никоим образом не связан с твоим личным кошельком. Как я уже говорил, весь бухгалтерский учёт висит на мне, так что можешь быть спокоен - ни один кредит не будет потрачен впустую! Ну, почти...
2639	Script/Mod_ShuMercs/PlayerHQFinanceDialog/FinanceInfo	<clr>Основными статьями расходов бюджета являются:<clrEnd>
2640	Script/Mod_ShuMercs/PlayerHQFinanceDialog/FinanceInfo	- Зарплата наёмников
2641	Script/Mod_ShuMercs/PlayerHQFinanceDialog/FinanceInfo	- Закупка кораблей и вооружения для новобранцев
2642	Script/Mod_ShuMercs/PlayerHQFinanceDialog/FinanceInfo	- Зарплата обслуживающему персоналу станции, твои личные запросы, закупка продуктов питания, выпивки, ну и прочих мелочей, таких как бильярдные столы, грязеванны, игровые автоматы и... впрочем, неважно
2644	Script/Mod_ShuMercs/PlayerHQFinanceDialog/FinanceInfo	<clr>А вот список доходов уже не столь внушителен:<clrEnd>
2645	Script/Mod_ShuMercs/PlayerHQFinanceDialog/FinanceInfo	- Доход от частного выполнения заданий нашими наёмниками
2646	Script/Mod_ShuMercs/PlayerHQFinanceDialog/FinanceInfo	- Выполнение заданий сторон конфликта или частных лиц
2648	Script/Mod_ShuMercs/PlayerHQFinanceDialog/FinanceInfo	Кстати, напоминаю, что ты всегда можешь пополнить баланс организации со своего личного счёта. Точно так же ты можешь в любой момент перевести деньги с баланса организации к себе в кошелёк, главное, чтобы на балансе в итоге осталось не менее <clr>100.000<clrEnd> cr., ну и ещё там есть с этим одна небольшая загвоздка. Дело в том, что на твой счёт поступит лишь <WithdrawalPercent> от списываемой с баланса суммы, а остальные <WithdrawalFeePercent> удерживаются центром наёмников, который выступает "посредником" в таких финансовых операциях по извлечению прямой прибыли.
2649	Script/Mod_ShuMercs/PlayerHQFinanceDialog/FinanceInfo	А чего ты так удивляешься? Надо было сразу читать, что подписываешь - теперь-то уж поздно пить урину.
2650	Script/Mod_ShuMercs/PlayerHQFinanceDialog/FleetMaintenance	- Содержание флота: <FleetMaintenance> cr.
2651	Script/Mod_ShuMercs/PlayerHQFinanceDialog/Greeting	<clr>Расходы организации за расчётный период:<clrEnd>
2652	Script/Mod_ShuMercs/PlayerHQFinanceDialog/Greeting	- Зарплаты наёмников: <OutSalaries> cr.
2653	Script/Mod_ShuMercs/PlayerHQFinanceDialog/Greeting	- Оснащение новобранцев: <OutEquipments> cr.<AddFleetMaintenance>
2654	Script/Mod_ShuMercs/PlayerHQFinanceDialog/Greeting	- Прочие нужды: <OutExpenses> cr.
2655	Script/Mod_ShuMercs/PlayerHQFinanceDialog/Greeting	Итого мы потратили: <MoneyOut> cr.
2657	Script/Mod_ShuMercs/PlayerHQFinanceDialog/Greeting	<clr>Доходы организации за расчётный период:<clrEnd>
2658	Script/Mod_ShuMercs/PlayerHQFinanceDialog/Greeting	- Частные контракты наёмников: <InEarnings> cr.
2659	Script/Mod_ShuMercs/PlayerHQFinanceDialog/Greeting	- Выполнение крупных контрактов: <InQuests> cr.
2660	Script/Mod_ShuMercs/PlayerHQFinanceDialog/Greeting	Итого мы заработали: <MoneyIn> cr.
2662	Script/Mod_ShuMercs/PlayerHQFinanceDialog/Greeting	Расчётный период обновляется <clr>1 января<clrEnd>.
2663	Script/Mod_ShuMercs/PlayerHQFinanceDialog/Greeting	В настоящий момент на счету организации числится <CurrentBalance> cr.
2664	Script/Mod_ShuMercs/PlayerHQFinanceDialog/PlayerAskInfo	Расскажи мне подробнее о бюджете
2665	Script/Mod_ShuMercs/PlayerHQFinanceDialog/PlayerAskTopUp	Я хочу пополнить баланс
2666	Script/Mod_ShuMercs/PlayerHQFinanceDialog/PlayerAskWithdraw	Я хочу снять деньги с баланса
2667	Script/Mod_ShuMercs/PlayerHQFinanceDialog/PlayerOk	Понятно
2668	Script/Mod_ShuMercs/PlayerHQFinanceDialog/PlayerOut	Поговорим на другие темы
2671	Script/Mod_ShuMercs/PlayerHQImproveDialog/GreetingIntro	Секунду, только открою нужный сайтик. Вот, глянь-ка: можно заказать профессиональных гаальских дизайнеров, чтобы гармонично обустроить наши кабинеты, а ещё в продаже есть антиквариат докосмической фэянской эпохи и... Чего ты на меня так смотришь? Что-то более практичное? Ну, вообще, мы могли бы нарастить немного дополнительной <clr>брони<clrEnd> и установить некоторые <clr>защитные системы<clrEnd>.
2672	Script/Mod_ShuMercs/PlayerHQImproveDialog/GreetingIntro	Кстати, мы тут с парнями провели детальный осмотр станции, в результате которого выяснилось, что нами занято ещё далеко не всё свободное пространство. Некоторые отсеки пока пустуют, либо используются неэффективно, да и дополнительные пристройки нашему штабу бы пригодились.
2673	Script/Mod_ShuMercs/PlayerHQImproveDialog/GreetingIntro	Исходя из наших текущих потребностей и потенциальных возможностей, я наметил глобальный план реконструкции, состоящий из <clr>пяти<clrEnd> условных уровней. Вкладывая деньги в данный проект, ты сможешь расширить <clr>функционал штаба<clrEnd>, откроешь доступ к новым улучшениям, а также повысишь общую эффективность наших наёмников.
2674	Script/Mod_ShuMercs/PlayerHQImproveDialog/PlayerAskHQLevelUp	Я хочу повысить уровень штаба (<Cost> cr.)
2675	Script/Mod_ShuMercs/PlayerHQImproveDialog/PlayerAskHQRefit	Я хочу поковыряться во "внутренностях" станции
2676	Script/Mod_ShuMercs/PlayerHQImproveDialog/PlayerIntroOut	Благодарю за разъяснение
2679	Script/Mod_ShuMercs/PlayerHQIntroDialog/IntroAfterHQDestroyed	Рад снова тебя видеть, босс. Я знаю, что ты за меня очень переживал, но, как видишь, со мной всё хорошо. Мои протезы целы и невредимы, а всё благодаря персональной спасательной капсуле "Гром-Трах Комфорт". Правда вот рейнджер, который меня подобрал, остался немного разочарован, ведь медицинский полис у меня липовый, да и тот давно просрочен, и шиш ему оказался, а не полноценная награда за спасение, ну да это уже не мои проблемы.
2680	Script/Mod_ShuMercs/PlayerHQIntroDialog/IntroAfterHQDestroyed	Только ты в следующий раз лучше заботься о штабе, лады? А то ведь будет пролетать вместо рейнджера какой-нибудь лайнер или вояка, а у них, понимаешь, косоглазие частенько бывает...
2681	Script/Mod_ShuMercs/PlayerHQIntroDialog/IntroAfterHQDestroyed	Но не будем о грустном. Итак, с чего начнём возрождение?
2682	Script/Mod_ShuMercs/PlayerHQIntroDialog/IntroOut	Да всегда пожалуйста, шеф. Итак, чем могу быть полезен?
2683	Script/Mod_ShuMercs/PlayerHQIntroDialog/IntroText1	Хе-хей, здорова, <Player>! Мы с тобой ещё не знакомы, но вот сейчас-то как раз и познакомимся, а?! Впрочем, по твоей кислой физиономии вижу, что ты не большой любитель громких приветствий... Кхм-кхм... Перейду к делу.
2684	Script/Mod_ShuMercs/PlayerHQIntroDialog/IntroText1	Мне тут на днях предложили за былые, так сказать, заслуги, стать управляющим одного старого штаба <clr>3267<clrEnd> года постройки. Местечко, я тебе доложу, - дыра! Техосмотр не проводили вот уже лет <clr>30<clrEnd>, но зато... Что? Говоришь, заплатил как за новый? Э-эм... Ну, в общем, как я и говорил - штаб огонь! Просто чудо современной инженерии, новее во всей Галактике не сыщешь! А я, с сегодняшнего дня, твой: личный помощник, правая рука, доверенное лицо - называй как хочешь, лишь бы зарплату вовремя платил. Сейчас я тебя быстренько введу в курс дела...
2685	Script/Mod_ShuMercs/PlayerHQIntroDialog/IntroText1	Штаб является центром твоей организации. Отсюда ведётся неусыпный контроль за всей её работой, начиная с вербовки новобранцев и заканчивая приёмом клиентских контрактов. Здесь твои ребятки приводят оборудование в порядок, перетирают последние новости в Галактике и просто интеллигентно проводят время перед боевыми вылетами.
2686	Script/Mod_ShuMercs/PlayerHQIntroDialog/IntroText2	Бюджет организации веду лично я, так что по всем связанным вопросам всегда готов предоставить подробный отчёт. Кстати, по поводу бюджета - для полноценного функционирования штаба, равно как и всей организации, необходим положительный баланс на её счету. На финансирование советую не скупиться, и особенно в начале, ведь на оснащение наёмников потребуется много средств, в то время как заказов будет очень мало. В конце концов, Галактика про нас ещё ничего не знает.
2687	Script/Mod_ShuMercs/PlayerHQIntroDialog/IntroText3	Теперь же что касается заданий. Получать задания наша организация может от <clr>Коалиции<clrEnd>, от <clr>пиратского клана<clrEnd>, либо от <clr>частных лиц<clrEnd>. Заданий от частных лиц будет больше всего, однако они менее выгодны и никак не влияют на <clr>репутацию<clrEnd> организации, которая, в свою очередь, необходима для получения доступа к новым возможностям и извлечению большей прибыли за выполнение заданий основных враждующих сторон.
2688	Script/Mod_ShuMercs/PlayerHQIntroDialog/IntroText4	В случае нападения на штаб всем наёмникам высылается сигнал тревоги, по получении которого они обязаны вернуться в нашу систему для отражения вражеской атаки. Также в штабе постоянно несёт вахту небольшой оборонительный гарнизон, готовый к вылету в любой момент.
2689	Script/Mod_ShuMercs/PlayerHQIntroDialog/IntroText5	И как вишенка на торте, в твоём распоряжении может находиться персональная <clr>ударная группа<clrEnd> - личный эскадрон смерти, так сказать. Эти парни будут готовы отправиться за тобой хоть в <clr>Гралгар<clrEnd> - достаточно лишь послать весточку в штаб. Кандидатуры бойцов я подберу, но окончательное утверждение состава ударной группы будет за тобой.
2690	Script/Mod_ShuMercs/PlayerHQIntroDialog/IntroText5	Только ты помни, что найм таких элитных рубак обойдётся в немалую сумму, поэтому старайся сохранить их живыми, за что они тебе всегда и спасибо скажут, и рюмашку за здоровье поднимут, хе-хе.
2691	Script/Mod_ShuMercs/PlayerHQIntroDialog/IntroText5	А, и чуть не забыл. В случае нападения на штаб бойцы ударной группы также будут принимать участие в его защите.
2692	Script/Mod_ShuMercs/PlayerHQIntroDialog/IntroText6	Ну, вот, собственно, и всё, что я хотел тебе рассказать, босс. Если что-то ещё непонятно, ты всегда можешь обратиться ко мне, и я разъясню детали.
2693	Script/Mod_ShuMercs/PlayerHQIntroDialog/IntroTextTziptzilot1	Хе-хей, здорова, <Player>! Это я, <clr>Бластер Ципцилот<clrEnd>, не забыл?! Ну, тот самый перец, что подставил тебя, кинув на растерзание собственным кредиторам. Впрочем, по твоей кислой физиономии вижу, что эта тема тебя не слишком забавляет... Кхм-кхм... Перейду к делу.
2694	Script/Mod_ShuMercs/PlayerHQIntroDialog/IntroTextTziptzilot1	Мне тут на днях предложили за былые, так сказать, заслуги, стать управляющим моего старого штаба <clr>3267<clrEnd> года постройки. Местечко, я тебе доложу, - дыра! Техосмотр не проводили вот уже лет <clr>30<clrEnd>, но зато... Что? Говоришь, заплатил как за новый? Э-эм... Ну, в общем, как я и говорил - штаб огонь! Просто чудо современной инженерии, новее во всём <clr>Дзухаллаге<clrEnd> не сыщешь! А я, с сегодняшнего дня, твой: личный помощник, правая рука, доверенное лицо - называй как хочешь, лишь бы зарплату вовремя платил. Сейчас я тебя быстренько введу в курс дела...
2695	Script/Mod_ShuMercs/PlayerHQIntroDialog/IntroTextTziptzilot1	Штаб является центром твоей организации. Отсюда ведётся неусыпный контроль за всей её работой, начиная с вербовки новобранцев и заканчивая приёмом клиентских контрактов. Здесь твои ребятки приводят оборудование в порядок, перетирают за последние новости в Галактике и просто интеллигентно проводят время перед боевыми вылетами.
2696	Script/Mod_ShuMercs/PlayerHQIntroDialog/PlayerEnd	Благодарю за инструктаж
2697	Script/Mod_ShuMercs/PlayerHQIntroDialog/PlayerNext	Далее
2700	Script/Mod_ShuMercs/PlayerHQMainDialog/GreetingBalance1	К слову, штаб работает <clr>на одной лишь пране<clrEnd> да на святом духе. Из персонала остались только я да уборщик <clr>Сифо-оныч<clrEnd>, который просто в своём познании слишком уж преисполнился, чтобы заниматься чем бы то ни было ещё и где бы то ни было ещё. Питаемся обитателями местных подвалов, пьём хорошо отфильтрованную нелицензированную... впрочем, не будем об этом. Но это же всё временные трудности, правда, шеф?
2701	Script/Mod_ShuMercs/PlayerHQMainDialog/GreetingBalance2	К слову, штаб работает в режиме <clr>жёсткой экономии<clrEnd>. Свет включаем только по крайней нужде, воду используем повторно, в столовой подают полуфабрикаты, а в баре осталось только самое дешёвое пойло. Но, в целом, жить пока можно.
2702	Script/Mod_ShuMercs/PlayerHQMainDialog/GreetingBalance3	К слову, штаб работает в <clr>штатном<clrEnd> режиме. Полы моются, бары ломятся, вояки гуляют, а пеленги заправляют, хе-хе! В общем, всё идёт ровно так, как дoлжно.
2703	Script/Mod_ShuMercs/PlayerHQMainDialog/GreetingJoke1	Рад видеть тебя в добром здравии, шеф. Не желаешь кофе? Или может сразу стакан чумиски с колой и льдом? Или ещё какой ядрёной бурды? У нас новый бармен - вообще классный мужик. Так что ты только свистни, ежели в горле пересохнет.
2704	Script/Mod_ShuMercs/PlayerHQMainDialog/GreetingJoke2	Рад видеть тебя в добром здравии, шеф. Вот скажи, ты когда-нибудь выигрывал в лотерее? Я вот вчера почти выиграл! Представляешь, одна цифра не сошлась! Я бы мог сейчас лежать на собственном пляже и попивать холодную втыкиллу... А придётся мне теперь попивать слабенькую настоечку, что из жалости подогнали ребята, потому что на эти чёртовы билеты я спустил всю свою недельную зарплату!
2705	Script/Mod_ShuMercs/PlayerHQMainDialog/GreetingJoke3	О, рад тебя снова видеть, <Player>! Я тут буквально пять минут назад закончил с отчётом за прошедшую неделю, так что располагайся поудобнее.
2706	Script/Mod_ShuMercs/PlayerHQMainDialog/GreetingJoke3	Так, где это он у нас тут был, хмм... "Подержанные и не очень спорткары"... "Квакхаб"... Ежегодное издание "Как взломать соседа"... А, вот же он! Кхм-кхм.
2707	Script/Mod_ShuMercs/PlayerHQMainDialog/GreetingJokeKeller	Я тут с техником <clr>Бумбыром<clrEnd> поспорил, сколько торпед <clr>Келлера<clrEnd> выдержит твой корпус. Я вот поставил, что не меньше трёх. Не хочешь проверить? Выручку поделим по-братски.
2708	Script/Mod_ShuMercs/PlayerHQMainDialog/GreetingJokeRich	Чуть левее... Да, да... Нет, правее! Да за что мы вам деньги платим, бездари?!
2709	Script/Mod_ShuMercs/PlayerHQMainDialog/GreetingJokeRich	Ну кого там опять нелёгкая принесл... а-а-а, это ты, шеф! Рад видеть. Проходи, присаживайся - чувствуй себя как дома. Что за картина? Э-эм, так на распродаже по скидке взял. Красивая, правда? Сказали, что это идеальная копия. Никто не отличит - даже сам автор... Да, именно так он мне и сказал. Но давай лучше вернёмся к нашим делам.
2710	Script/Mod_ShuMercs/PlayerHQMainDialog/GreetingJokeRichTziptzilot	Чуть левее... Да, да... Нет, правее! Да за что мы вам деньги платим, бездари?!
2711	Script/Mod_ShuMercs/PlayerHQMainDialog/GreetingJokeRichTziptzilot	Ну кого там опять нелёгкая принесл... а-а-а, это ты, шеф! Рад видеть. Проходи, присаживайся - чувствуй себя как дома. Можешь полистать планшет с новостями или попробовать печенье, приготовленное моей любимой племянницей <clr>Чеквушей<clrEnd>. Что говоришь, разваливаются? Теста не хватает? Так она ж его сама украла. Молодец, <clr>Чеквушечка<clrEnd> - приличная невеста растёт!
2712	Script/Mod_ShuMercs/PlayerHQMainDialog/GreetingJokeRichTziptzilot	Что за картина? Э-эм, так на распродаже по скидке взял. Красивая, правда? Сказали, что это идеальная копия. Никто не отличит - даже сам автор... Да, именно так он мне и сказал. Но давай лучше вернёмся к нашим делам.
2713	Script/Mod_ShuMercs/PlayerHQMainDialog/GreetingNewCoalAndPirQuest	Кстати, на днях пришли весточки от председателя <clr>Совета Коалиции<clrEnd> и от агента <clr>пиратского клана<clrEnd>. Обе стороны хотят предложить контракт - похоже, мы у них прямо на расхват, босс.
2714	Script/Mod_ShuMercs/PlayerHQMainDialog/GreetingNewCoalQuest	А ещё недавно с нами связался председатель <clr>Совета Коалиции<clrEnd> и предложил новый контракт.
2715	Script/Mod_ShuMercs/PlayerHQMainDialog/GreetingNewPirQuest	Да, и кстати - недавно выходил на связь агент <clr>пиратского клана<clrEnd> с каким-то деловым предложением.
2716	Script/Mod_ShuMercs/PlayerHQMainDialog/PlayerAccountPaymentOffer	Желаете произвести оплату со своего личного счёта?
2717	Script/Mod_ShuMercs/PlayerHQMainDialog/PlayerAccountPaymentOfferAdd	При отказе деньги будут списаны с баланса организации.
2718	Script/Mod_ShuMercs/PlayerHQMainDialog/PlayerAskArmory	Напомни, что мы со своим оружейным цехом делать будем? Не дешевле будет закупаться?
2719	Script/Mod_ShuMercs/PlayerHQMainDialog/PlayerAskArmoryIntro	А откуда у постовых бластеры с нашей маркировкой?
2720	Script/Mod_ShuMercs/PlayerHQMainDialog/PlayerAskFinance	Поговорим о бюджете
2721	Script/Mod_ShuMercs/PlayerHQMainDialog/PlayerAskHQImprove	Я хочу улучшить штаб
2722	Script/Mod_ShuMercs/PlayerHQMainDialog/PlayerAskHQImproveIntro	Расскажи мне о возможностях улучшения штаба
2723	Script/Mod_ShuMercs/PlayerHQMainDialog/PlayerAskMedicine	А как там в наш медблок пройти?
2724	Script/Mod_ShuMercs/PlayerHQMainDialog/PlayerAskMedicineIntro	Слушай, а куда это одного из наших пару минут назад в кресле-каталке увезли?
2725	Script/Mod_ShuMercs/PlayerHQMainDialog/PlayerAskMercs	Расскажи подробнее о наших наёмниках
2726	Script/Mod_ShuMercs/PlayerHQMainDialog/PlayerAskPortalGenerator	Хочу задействовать наш портальный генератор
2727	Script/Mod_ShuMercs/PlayerHQMainDialog/PlayerAskPortalGeneratorOnRecharge	Хочу задействовать наш портальный генератор [будет готов через <DaysLeft> дн.]
2728	Script/Mod_ShuMercs/PlayerHQMainDialog/PlayerAskQuests	Что у нас с крупными заказами?
2729	Script/Mod_ShuMercs/PlayerHQMainDialog/PlayerAskScience	У меня задание для научного отдела
2730	Script/Mod_ShuMercs/PlayerHQMainDialog/PlayerAskScienceIntro	А что это за подозрительные типы в белых халатах шныряют по всему штабу?
2731	Script/Mod_ShuMercs/PlayerHQMainDialog/PlayerAskShipyard	А что там у нас по верфи?
2732	Script/Mod_ShuMercs/PlayerHQMainDialog/PlayerAskShipyardIntro	Мне кажется, или в последнее время стало как-то слишком шумно?
2733	Script/Mod_ShuMercs/PlayerHQMainDialog/PlayerAskStrikeGroup	Насчёт ударной группы
2734	Script/Mod_ShuMercs/PlayerHQMainDialog/PlayerAskStrikeGroupOut	Насчёт ударной группы [на вылете]
2737	Script/Mod_ShuMercs/PlayerHQMedicineDialog/Greeting	Прямо, затем по коридору налево, потом зайти в серую дверь под служебной лестницей, потом... А хотя давай-ка лучше я сам с тобой пройдусь.
2739	Script/Mod_ShuMercs/PlayerHQMedicineDialog/Greeting	Ну, вот мы и на месте. Здесь ты можешь пройти медицинское обследование, <clr>подлатать здоровье<clrEnd>, а также протестир... то есть употребить наш новый стимулятор собственной разработки - <clr>"Экспирин"<clrEnd>.
2740	Script/Mod_ShuMercs/PlayerHQMedicineDialog/GreetingIntro	А, ну тут такое дело... Мы недавно повыкидывали из кладовки весь мусор, скопившийся там после проведения различных культурных мероприятий, закупили немного рынка и пригласили толковых врачей, которым не продлили лицензию из-за их... самую малость альтернативных взглядов на современную медицину. И вот теперь я, наконец, могу с гордостью отрапортовать об открытии в штабе нашего собственного <clr>медблока<clrEnd>! Отныне наши работники будут всегда оставаться здоровыми, бодрыми, а главное, полными желания ударно вкалывать на благо всей организации.
2741	Script/Mod_ShuMercs/PlayerHQMedicineDialog/GreetingIntro	А ещё, наши "айболиты", совместно с нашими же учёными, уже разработали и запустили в ограниченное производство новый уникальный стимулятор <clr>"Экспирин"<clrEnd>, который повышает активность нейронов головного мозга, в результате чего заметно возрастает <clr>обучаемость<clrEnd>, то есть скорость усвоения любой поступающей извне информации.
2742	Script/Mod_ShuMercs/PlayerHQMedicineDialog/GreetingOut	Тогда потопали назад. Кстати, а ты вот знал, что у <clr>Шифонса<clrEnd> из научного отдела жена страшная, как гобзавр? А ещё, на днях рассказывали...
2744	Script/Mod_ShuMercs/PlayerHQMedicineDialog/GreetingOut	Фуух... Чё-то, чувствую я, зря мы запрятали этот медблок в самый дальний угол на станции. "Ходьба - это полезно, ходьба - это хорошо!" - чёртовы докторишки, не надо было их слушать.
2745	Script/Mod_ShuMercs/PlayerHQMedicineDialog/GreetingOut	Ты ещё чего-то хотел, босс?
2746	Script/Mod_ShuMercs/PlayerHQMedicineDialog/MedExaminationFalse	Все слышали? У босса болит горло, срочно на осмотр! Если хоть одну болячку пропустите, то покинете штаб уже сегодня вечером! Через шлюз!
2748	Script/Mod_ShuMercs/PlayerHQMedicineDialog/MedExaminationFalse	Что значит здоров? А как же горло? Ясно...
2749	Script/Mod_ShuMercs/PlayerHQMedicineDialog/MedExaminationFalse	В общем, босс, всё с тобой в порядке. Горло само пройдёт, главное - поменьше пей холодного пива. Но обследоваться всё равно не забывай! Лучше перебдеть, чем недобдеть, а то потом добдевать будет некого.
2750	Script/Mod_ShuMercs/PlayerHQMedicineDialog/MedExaminationTrue	Все слышали? У босса болит горло, срочно на осмотр! Если хоть одну болячку пропустите, то покинете штаб уже сегодня вечером! Через шлюз!
2752	Script/Mod_ShuMercs/PlayerHQMedicineDialog/MedExaminationTrue	Да, босс, твои подозрения подтвердились. У тебя обнаружили серьёзную болезнь. Доктора уже готовы ставить чесночную клизму, ждём только твоего письменного разрешения.
2754	Script/Mod_ShuMercs/PlayerHQMedicineDialog/MedExaminationTrue	Список всех обнаруженных болезней и вирусов:
2757	Script/Mod_ShuMercs/PlayerHQMedicineDialog/PlayerAskMedExamination	Что-то горлышко у меня побаливает, хочу провести обследование
2758	Script/Mod_ShuMercs/PlayerHQMedicineDialog/PlayerAskUniqueStimulant	Вколите-ка мне ваш новый модный стимулятор
2759	Script/Mod_ShuMercs/PlayerHQMedicineDialog/PlayerAskUniqueStimulantAlreadyUsed	Вколите-ка мне ваш новый модный стимулятор [уже введён]
2760	Script/Mod_ShuMercs/PlayerHQMedicineDialog/PlayerIntroOut	Благодарю за разъяснение
2761	Script/Mod_ShuMercs/PlayerHQMedicineDialog/PlayerOut	Мне пока ничего не нужно
2762	Script/Mod_ShuMercs/PlayerHQMedicineDialog/PlayerTreatNo	Да не, не надо - само пройдёт
2763	Script/Mod_ShuMercs/PlayerHQMedicineDialog/PlayerUniqueStimulantNo	Может, в другой раз
2764	Script/Mod_ShuMercs/PlayerHQMedicineDialog/PlayerUniqueStimulantYesOrgBalance	Принять <clr>"Экспирин"<clrEnd> [<clr>оплатить из бюджета организации<clrEnd>]
2765	Script/Mod_ShuMercs/PlayerHQMedicineDialog/PlayerUniqueStimulantYesOwnMoney	Принять <clr>"Экспирин"<clrEnd> [<clr>оплатить из своего кармана<clrEnd>]
2766	Script/Mod_ShuMercs/PlayerHQMedicineDialog/TreatAll	Лечите меня полностью
2767	Script/Mod_ShuMercs/PlayerHQMedicineDialog/TreatDisease	Лечите меня от <Disease>
2768	Script/Mod_ShuMercs/PlayerHQMedicineDialog/TreatDoneAll	Не дрейфь, босс. Сейчас мигом тебя на ноги поставим...
2770	Script/Mod_ShuMercs/PlayerHQMedicineDialog/TreatDoneAll	Ну вот, теперь как новенький! Альтернативная медицина творит чудеса, а? Если вдруг снова подхватишь какую-то хворь - ты знаешь, куда обращаться.
2771	Script/Mod_ShuMercs/PlayerHQMedicineDialog/TreatDonePart	Не дрейфь, шеф. Сейчас мигом тебя на ноги поставим!
2773	Script/Mod_ShuMercs/PlayerHQMedicineDialog/TreatDonePart	Ну вот, от <Disease> избавились, но ты, однако, всё ещё болен. Лечимся дальше, босс?
2775	Script/Mod_ShuMercs/PlayerHQMedicineDialog/TreatDonePart	Список оставшихся болезней и вирусов:
2778	Script/Mod_ShuMercs/PlayerHQMedicineDialog/TreatNo	Дело, конечно, твоё, босс, но лучше бы ты всё-таки не пускал его на самотёк. А то ведь так и дуба можно двинуть.
2779	Script/Mod_ShuMercs/PlayerHQMedicineDialog/UniqueStimulantNo	Ну в другой, так в другой. Всё равно этот стимулятор ещё не совсем стабилен. Да и побочки мы пока не все выявили...
2780	Script/Mod_ShuMercs/PlayerHQMedicineDialog/UniqueStimulantStats	Стимулятор <clr>"Экспирин"<clrEnd> - последнее слово в вопросе оптимизации активности нейронов головного мозга. Основным эффектом является общее улучшение памяти и повышение обучаемости носителя.
2781	Script/Mod_ShuMercs/PlayerHQMedicineDialog/UniqueStimulantStats	Ну а если по-простому, то ты будешь получать на <clr><Percent>%<clrEnd> больше опыта за любые свои действия. Время действия стимулятора - <Duration> месяцев. Принимать можно не чаще одного <clr>раза в год<clrEnd>, иначе ты превратишься в говорящую машину, а нам не к чему доморощенный доминатор в кресле начальника. Цена синтеза одной дозы, кстати, довольно высока - <Cost> cr., но ещё сильнее сократить затраты мы никак не можем - небезопасно.
2782	Script/Mod_ShuMercs/PlayerHQMedicineDialog/UniqueStimulantStats	В настоящий момент на счету организации числится <CurrentBalance> cr.
2783	Script/Mod_ShuMercs/PlayerHQMedicineDialog/UniqueStimulantTooEarly	Нет, босс, извини, но тебе пока рано принимать новую дозу. С момента принятия предыдущего стимулятора ещё не прошло и <clr>года<clrEnd>, а если принимать <clr>"Экспирин"<clrEnd> чаще, то избыточная нагрузка на мозг может привести к бесповоротной и массовой деградации нейронов.
2784	Script/Mod_ShuMercs/PlayerHQMedicineDialog/UniqueStimulantTooMuchStimulants	Прости, босс, но ты сейчас и так перегружен различными веществами, словно <clr>Ооги-зборн<clrEnd>. Ещё чуть-чуть и сам превратишься в ходячий стимулятор, а в роли шефа ты нам понужнее будешь.
2785	Script/Mod_ShuMercs/PlayerHQMedicineDialog/UniqueStimulantYes	Готово. Стимулятор <clr>"Экспирин"<clrEnd> был успешно введён в твой организм, как себя чувствуешь? Голова не болит? А перед глазами нет нулей и единичек? Отлично, значит, эти побочные эффекты больше не проявляются. Но если вдруг почувствуешь что-то неладное - сразу скажи.
2788	Script/Mod_ShuMercs/PlayerHQMercsDialog/AnswerChangeMercsName	Введите приставку к имени наёмников
2789	Script/Mod_ShuMercs/PlayerHQMercsDialog/ChangeMaxAtReady	Какой лимит готовых к вылету наёмников установить?
2790	Script/Mod_ShuMercs/PlayerHQMercsDialog/ChangeMaxAtReadyDone	Как скажешь, босс. Больше <NewLimit> наёмников на стрёме держать не будем.
2791	Script/Mod_ShuMercs/PlayerHQMercsDialog/ChangeMaxAtReadyDoneMax	Как скажешь, босс. Значит, подготовку наёмников к вылету больше <clr>не ограничиваем<clrEnd>.
2792	Script/Mod_ShuMercs/PlayerHQMercsDialog/ChangeMaxAtReadyDoneNone	Как скажешь, босс. Больше готовых к вылету наёмников содержать <clr>не будем<clrEnd>. Но только ты имей в виду, что в случае нападения на систему мы останемся беззащитны, да и на крупные заказы отправлять теперь будет некого.
2793	Script/Mod_ShuMercs/PlayerHQMercsDialog/ChangeMaxFree	Какой лимит наёмников на свободных вылетах установить?
2794	Script/Mod_ShuMercs/PlayerHQMercsDialog/ChangeMaxFreeDone	Как скажешь, босс. Больше <NewLimit> наёмников на "свободный выгул" выпускать не будем.
2795	Script/Mod_ShuMercs/PlayerHQMercsDialog/ChangeMaxFreeDoneMax	Как скажешь, босс. Значит, найм наёмников на "свободный выгул" больше <clr>не ограничиваем<clrEnd>.
2796	Script/Mod_ShuMercs/PlayerHQMercsDialog/ChangeMaxFreeDoneNone	Как скажешь, босс. Больше наёмников на "свободный выгул" выпускать <clr>не будем<clrEnd>.
2797	Script/Mod_ShuMercs/PlayerHQMercsDialog/ChangeMaxReserve	Какой лимит наёмников резерва установить?
2798	Script/Mod_ShuMercs/PlayerHQMercsDialog/ChangeMaxReserveDone	Как скажешь, босс. Больше <NewLimit> наёмников в резерве содержать не будем.
2799	Script/Mod_ShuMercs/PlayerHQMercsDialog/ChangeMaxReserveDoneMax	Как скажешь, босс. Значит, набор наёмников в резерв больше <clr>не ограничиваем<clrEnd>.
2800	Script/Mod_ShuMercs/PlayerHQMercsDialog/ChangeMaxReserveDoneNone	Как скажешь, босс. Больше наёмников в резерве содержать <clr>не будем<clrEnd>. Но только ты имей в виду, что в случае нехватки людей брать новых нам будет неоткуда.
2801	Script/Mod_ShuMercs/PlayerHQMercsDialog/DevelopedPlanet	развитая планета
2802	Script/Mod_ShuMercs/PlayerHQMercsDialog/DevelopedPlanets	развитых планет
2803	Script/Mod_ShuMercs/PlayerHQMercsDialog/Greeting	Что конкретно ты бы хотел узнать, босс?
2804	Script/Mod_ShuMercs/PlayerHQMercsDialog/PlayerAskChangeMaxAtReady	Я хочу ограничить максимальное число наёмников на боевом дежурстве
2805	Script/Mod_ShuMercs/PlayerHQMercsDialog/PlayerAskChangeMaxFree	Я хочу ограничить максимальное число свободных наемников
2806	Script/Mod_ShuMercs/PlayerHQMercsDialog/PlayerAskChangeMaxReserve	Я хочу ограничить максимальное число наших резервистов
2807	Script/Mod_ShuMercs/PlayerHQMercsDialog/PlayerAskChangeMercsName	Меня интересует смена имени наших соколиков
2808	Script/Mod_ShuMercs/PlayerHQMercsDialog/PlayerAskQuantity	Сколько бойцов у нас в подчинении?
2809	Script/Mod_ShuMercs/PlayerHQMercsDialog/PlayerAskRecruitment	Расскажи подробнее о вербовке
2810	Script/Mod_ShuMercs/PlayerHQMercsDialog/PlayerOut	Благодарю за информацию
2811	Script/Mod_ShuMercs/PlayerHQMercsDialog/QuantityInfo	<clr>Текущая статистика действующих наёмников:<clrEnd>
2812	Script/Mod_ShuMercs/PlayerHQMercsDialog/QuantityInfo	- На свободном заработке: <MercsOnFreeEarnings> кораблей
2813	Script/Mod_ShuMercs/PlayerHQMercsDialog/QuantityInfo	- На боевом дежурстве: <MercsAtReady> кораблей
2814	Script/Mod_ShuMercs/PlayerHQMercsDialog/QuantityInfo	- В составе ударной группы: <MercsStrike> из <MercsMaxStrike> кораблей
2815	Script/Mod_ShuMercs/PlayerHQMercsDialog/QuantityInfo	- Скучают в резерве: <MercsReserve> парней
2816	Script/Mod_ShuMercs/PlayerHQMercsDialog/RecruitmentInfo1	Новобранцев мы вербуем только с планет системы <HQStar>, да и то лишь потому, что у нас есть официальное разрешение от местных властей. Поскольку <DevelopedPlanets> в системе всего <PlanetsCount>, в течение <DaysCount> дней мы успеваем подготовить <TrainMercsCount>.
2817	Script/Mod_ShuMercs/PlayerHQMercsDialog/RecruitmentInfo2	Также обращаю внимание, что если ты решишь расширить штаб и перевести его на <clr>новый уровень<clrEnd>, подготовленность новобранцев значительно возрастёт, а заодно повысится максимальное число нанимаемых пилотов и среднее качество их вооружения.
2818	Script/Mod_ShuMercs/PlayerHQMercsDialog/TrainMercsCount1	всего <clr>одного<clrEnd> нового наёмника
2819	Script/Mod_ShuMercs/PlayerHQMercsDialog/TrainMercsCount2	<clr>двух<clrEnd> новых наёмников
2820	Script/Mod_ShuMercs/PlayerHQMercsDialog/TrainMercsCount3	<clr>трёх<clrEnd> новых наёмников
2821	Script/Mod_ShuMercs/PlayerHQMercsDialog/TrainMercsCount4	<clr>четырёх<clrEnd> новых наёмников
2822	Script/Mod_ShuMercs/PlayerHQMercsDialog/TrainMercsCount5	сразу <clr>пятерых<clrEnd> новых наёмников
2825	Script/Mod_ShuMercs/PlayerHQQuestsDialog/AnythingElse	Ну ладно, я не тороплю. Хочешь узнать что-нибудь ещё относительно контрактов, босс?
2826	Script/Mod_ShuMercs/PlayerHQQuestsDialog/GreetingCoalition	На сегодня у нас есть крупный заказ от председателя <clr>Совета Коалиции<clrEnd>. Я, лично, довольно далёк от всей этой политики, но между пиратами и действующим правительством скорее выберу второй вариант. Ну а ты, шеф, уж решай как знаешь.
2827	Script/Mod_ShuMercs/PlayerHQQuestsDialog/GreetingCoalitionPirateClan	Сегодня у нас на столе лишь самые крупные контракты, шеф. Работу предлагают и <clr>Коалиция<clrEnd>, и <clr>пиратский клан<clrEnd>. Если ты, по каким-то причинам, не хочешь подвергать парней лишнему риску, то я пойму, но, на мой взгляд, за такой шанс нужно хвататься всеми четырьмя руками.
2828	Script/Mod_ShuMercs/PlayerHQQuestsDialog/GreetingInProcess	Наши ребята уже заняты выполнением одного крупного контракта, босс. Брать одновременно с ним ещё и второй запрещает наёмничий кодекс.
2829	Script/Mod_ShuMercs/PlayerHQQuestsDialog/GreetingLowShips	Прости, босс, но для выполнения крупных контрактов у нас сейчас просто не хватит сил. Столь опасные задания требуют наличия наготове как минимум <clr>двух<clrEnd> кораблей на боевом дежурстве.
2830	Script/Mod_ShuMercs/PlayerHQQuestsDialog/GreetingMercsResting	Наши бойцы пока не пришли в себя с прошлого задания. Ребятам ведь нужно отдохнуть, корабли в порядок привести, трубы там промыть... сам понимаешь.
2831	Script/Mod_ShuMercs/PlayerHQQuestsDialog/GreetingMercsReturning	Наши бойцы ещё не вернулись с прошлого задания, так что приходи попозже, босс.
2832	Script/Mod_ShuMercs/PlayerHQQuestsDialog/GreetingNoContracts	На сегодня крупных контрактов нет, босс. Но не отчаивайся, глядишь, через недельку-другую что-нибудь точно наклюнется.
2833	Script/Mod_ShuMercs/PlayerHQQuestsDialog/GreetingPirateClan	Сегодня у нас есть крупный заказ от агента <clr>пиратского клана<clrEnd>. Предложили неплохие деньги, думаю, стоит хотя бы рассмотреть этот контракт.
2834	Script/Mod_ShuMercs/PlayerHQQuestsDialog/GreetingPrivate	На сегодня у нас только <clr>частные заказы<clrEnd>, шеф. Ничего особо выдающегося, но на безрыбье и лякуша - Рачехан.
2835	Script/Mod_ShuMercs/PlayerHQQuestsDialog/GreetingPrivateCoalition	На сегодня из потенциальных нанимателей только <clr>частный сектор<clrEnd> и <clr>Коалиция<clrEnd>. В принципе, выбор неплохой, так что, моё мнение - нужно брать.
2836	Script/Mod_ShuMercs/PlayerHQQuestsDialog/GreetingPrivateCoalitionPirateClan	Сегодня у нас в контрактах богатый выбор, шеф! Прямо какой-то "шведский стол"! Работу предлагают одновременно <clr>Коалиция<clrEnd>, <clr>пираты<clrEnd> и даже некие <clr>частные лица<clrEnd>, так что выбирай, что хочешь.
2837	Script/Mod_ShuMercs/PlayerHQQuestsDialog/GreetingPrivatePirateClan	На сегодня из потенциальных нанимателей только <clr>частный сектор<clrEnd> и <clr>пиратский клан<clrEnd>. Я сам больше склоняюсь к частному заказу, но конечный выбор, как обычно, за тобой.
2838	Script/Mod_ShuMercs/PlayerHQQuestsDialog/PlayerAskCoalitionQuest	А чего от нас понадобилось аж самой Коалиции?
2839	Script/Mod_ShuMercs/PlayerHQQuestsDialog/PlayerAskPirateClanQuest	Прямо сейчас я настроен принять работу у пиратов
2840	Script/Mod_ShuMercs/PlayerHQQuestsDialog/PlayerAskPrivateQuest	Чего там нынче хотят частники?
2841	Script/Mod_ShuMercs/PlayerHQQuestsDialog/PlayerIsUpset	Ну ладно, тогда подождём
2842	Script/Mod_ShuMercs/PlayerHQQuestsDialog/PlayerOut	Поговорим на другие темы
2843	Script/Mod_ShuMercs/PlayerHQQuestsDialog/QuestIsUnavailable	Хм, очень странно шеф, но заказчик почему-то совсем не отвечает. Может покурить отошёл? Спроси про контракт попозже, глядишь, через денёк-другой он, наконец, объявится.
2844	Script/Mod_ShuMercs/PlayerHQQuestsDialog/Reputation	<clr>Наша текущая репутация:<clrEnd>
2845	Script/Mod_ShuMercs/PlayerHQQuestsDialog/Reputation	- В верхах Коалиции <CoalitionReputation>
2846	Script/Mod_ShuMercs/PlayerHQQuestsDialog/Reputation	- В пиратской среде <PiratesReputation>
2849	Script/Mod_ShuMercs/PlayerHQScienceDialog/Declain	Как скажешь, босс. Может, хочешь заказать что-то ещё?
2850	Script/Mod_ShuMercs/PlayerHQScienceDialog/Greeting	Наши спецы из научного отдела готовы в любой момент устранить любую бортовую неисправность, прогнать по трубам твоего вакуумного коня живительную <clr>тетроазиновую жидкость<clrEnd>, а также установить в совместимое оборудование особый запатентованный апгрейд <clr>"Эксдюралити"<clrEnd>.
2851	Script/Mod_ShuMercs/PlayerHQScienceDialog/GreetingIntro	Ах да, совсем забыл сказать! Теперь у нас есть свои собственные "головастики", которые трудятся на благо всей организации. Одним из главных их открытий стала технология прокачки <clr>тетроазиновой жидкости<clrEnd>, благодаря которой можно на время увеличить скоростной потенциал почти любого двигателя. Частицы жидкости быстро вымываются из топливной системы, поэтому эффект длится не больше <clr>пары месяцев<clrEnd>, однако даже такой непродолжительный буст может быть крайне полезен в нашем опасном деле.
2852	Script/Mod_ShuMercs/PlayerHQScienceDialog/GreetingIntro	Также, нашими учёными был придуман новый способ <clr>починки<clrEnd> нестандартного оборудования. Методы починки уже запатентованы как альтернативные, поэтому никакая лицензия от коалиционных умников нам не нужна. Естественно, для тебя ремонт будет проводиться по себестоимости, то есть на <clr>75%<clrEnd> дешевле, чем на любой научной базе.
2853	Script/Mod_ShuMercs/PlayerHQScienceDialog/GreetingIntro	И наконец, научный отдел сейчас вовсю ведёт разработку уникального улучшения под уже запатентованным названием <clr>"Эксдюралити"<clrEnd>, которое будет доступно исключительно для наёмников нашей организации. Данное улучшение повышает надёжность конкретного бортового оборудования ровно в <clr>два раза<clrEnd>. Правда, пока что список совместимых с ним устройств не слишком велик, так что продолжай улучшать штаб, чтобы предоставить нашим умникам дополнительные помещения под эксперименты, меловые доски и кульманы.
2854	Script/Mod_ShuMercs/PlayerHQScienceDialog/ItemIsInUse	[<clr>используется<clrEnd>]
2855	Script/Mod_ShuMercs/PlayerHQScienceDialog/PlayerAskPortalGenerator	А о какой-такой "новейшей разработке" идёт речь?
2856	Script/Mod_ShuMercs/PlayerHQScienceDialog/PlayerAskPortalGeneratorAgain	А что там насчёт портального генератора?
2857	Script/Mod_ShuMercs/PlayerHQScienceDialog/PlayerAskPortalGeneratorTwice	А во что нам встанет установка портального генератора?
2858	Script/Mod_ShuMercs/PlayerHQScienceDialog/PlayerAskReliabilityImprove	Что-то у меня оборудование частенько барахлит, <clr>"Эксдюралити"<clrEnd> был бы в самый раз
2859	Script/Mod_ShuMercs/PlayerHQScienceDialog/PlayerAskReliabilityImproveForMerc	А что насчёт снаряжения наших ребят в поле? Тоже бы не помешал апгрейд <clr>"Эксдюралити"<clrEnd>
2860	Script/Mod_ShuMercs/PlayerHQScienceDialog/PlayerAskRepair	Мне нужно починить оборудование
2861	Script/Mod_ShuMercs/PlayerHQScienceDialog/PlayerAskSpeedUp	Пусть прогонят по системе <clr>тетроазин<clrEnd>, хочу разогнать движок
2862	Script/Mod_ShuMercs/PlayerHQScienceDialog/PlayerAskSpeedUpNotEnough	Пусть прогонят по кораблю тетроазин, хочу разогнать движок [восполнение запасов жидкости]
2863	Script/Mod_ShuMercs/PlayerHQScienceDialog/PlayerIntroOut	Благодарю за разъяснение
2864	Script/Mod_ShuMercs/PlayerHQScienceDialog/PlayerOut	Поговорим на другие темы
2865	Script/Mod_ShuMercs/PlayerHQScienceDialog/PlayerPortalGeneratorNo	Сейчас мы не можем себе этого позволить
2866	Script/Mod_ShuMercs/PlayerHQScienceDialog/PlayerPortalGeneratorNoAgain	Сейчас мы не можем себе этого позволить
2867	Script/Mod_ShuMercs/PlayerHQScienceDialog/PlayerPortalGeneratorNoTwice	Сейчас мы не можем себе этого позволить
2868	Script/Mod_ShuMercs/PlayerHQScienceDialog/PlayerPortalGeneratorYesOrgBalance	Хорошо, приступайте к установке [<clr>оплатить из бюджета организации<clrEnd>]
2869	Script/Mod_ShuMercs/PlayerHQScienceDialog/PlayerPortalGeneratorYesOrgBalanceAgain	Хорошо, приступайте к установке [<clr>оплатить из бюджета организации<clrEnd>]
2870	Script/Mod_ShuMercs/PlayerHQScienceDialog/PlayerPortalGeneratorYesOrgBalanceTwice	Хорошо, приступайте к установке [<clr>оплатить из бюджета организации<clrEnd>]
2871	Script/Mod_ShuMercs/PlayerHQScienceDialog/PlayerPortalGeneratorYesOwnMoney	Хорошо, приступайте к установке [<clr>оплатить из своего кармана<clrEnd>]
2872	Script/Mod_ShuMercs/PlayerHQScienceDialog/PlayerPortalGeneratorYesOwnMoneyAgain	Хорошо, приступайте к установке [<clr>оплатить из своего кармана<clrEnd>]
2873	Script/Mod_ShuMercs/PlayerHQScienceDialog/PlayerPortalGeneratorYesOwnMoneyTwice	Хорошо, приступайте к установке [<clr>оплатить из своего кармана<clrEnd>]
2874	Script/Mod_ShuMercs/PlayerHQScienceDialog/PlayerReliabilityImproveNo	Что-то я передумал, отбой
2875	Script/Mod_ShuMercs/PlayerHQScienceDialog/PlayerReliabilityImproveNoItems	Ну тогда в другой раз
2876	Script/Mod_ShuMercs/PlayerHQScienceDialog/PlayerReliabilityImproveOut	Пожалуй, обойдусь
2877	Script/Mod_ShuMercs/PlayerHQScienceDialog/PlayerReliabilityImproveYesOrgBalance	Ставьте апгрейд [<clr>оплатить из бюджета организации<clrEnd>]
2878	Script/Mod_ShuMercs/PlayerHQScienceDialog/PlayerReliabilityImproveYesOwnMoney	Ставьте апгрейд [<clr>оплатить из своего кармана<clrEnd>]
2879	Script/Mod_ShuMercs/PlayerHQScienceDialog/PlayerSpeedUpNo	Тогда пока не надо
2880	Script/Mod_ShuMercs/PlayerHQScienceDialog/PlayerSpeedUpYesOrgBalance	Лады, передай им, чтобы начинали прогон [<clr>оплатить из бюджета организации<clrEnd>]
2881	Script/Mod_ShuMercs/PlayerHQScienceDialog/PlayerSpeedUpYesOwnMoney	Лады, передай им, чтобы начинали прогон [<clr>оплатить из своего кармана<clrEnd>]
2882	Script/Mod_ShuMercs/PlayerHQScienceDialog/PortalGenerator	О, тебе точно должно понравиться, босс. Речь про настоящий <clr>портальный генератор<clrEnd>! Цена вопроса всего <Cost> cr., после чего мы сможем "скакать" по системам, аки жвырклац. Также тебе будет доступна эксклюзивная процедура "извлечения" из любой точки Галактики - сможем забирать тебя прямо из гущи боя по первому слову. Ну как, согласен?
2883	Script/Mod_ShuMercs/PlayerHQScienceDialog/PortalGenerator	В настоящий момент на счету организации числится <CurrentBalance> cr.
2884	Script/Mod_ShuMercs/PlayerHQScienceDialog/PortalGeneratorAddOffer	Кроме того, один мой знакомый из Дзухаллага, прослышав, что у нас появился свой научный отдел, предложил предоставить доступ к одной <clr>новейшей разработке<clrEnd>, что могла бы серьёзно помочь нашим целям.
2885	Script/Mod_ShuMercs/PlayerHQScienceDialog/PortalGeneratorAddOfferAgain	И, кстати, босс - ты ещё не надумал оплатить установку <clr>портального генератора<clrEnd>?
2886	Script/Mod_ShuMercs/PlayerHQScienceDialog/PortalGeneratorAddOfferTwice	Также напоминаю, что нам бы тут пригодился свой <clr>портальный генератор<clrEnd>. Можем установить в любой момент.
2887	Script/Mod_ShuMercs/PlayerHQScienceDialog/PortalGeneratorAgain	Цена вопроса всего <Cost> cr., после чего мы сможем "скакать" по системам, аки жвырклац. Также тебе будет доступна эксклюзивная процедура "извлечения" из любой точки Галактики - сможем забирать тебя прямо из гущи боя по первому слову. Ну как, согласен?
2888	Script/Mod_ShuMercs/PlayerHQScienceDialog/PortalGeneratorAgain	В настоящий момент на счету организации числится <CurrentBalance> cr.
2889	Script/Mod_ShuMercs/PlayerHQScienceDialog/PortalGeneratorBuildCancel	Что ж, очень жаль. Но если всё же передумаешь - обязательно дай мне знать.
2890	Script/Mod_ShuMercs/PlayerHQScienceDialog/PortalGeneratorBuildCancelAgain	Что ж, очень жаль. Но если всё же передумаешь - обязательно дай мне знать.
2891	Script/Mod_ShuMercs/PlayerHQScienceDialog/PortalGeneratorBuildCancelTwice	Что ж, очень жаль. Но если всё же передумаешь - обязательно дай мне знать.
2892	Script/Mod_ShuMercs/PlayerHQScienceDialog/PortalGeneratorBuildStarted	Отлично! Наши парни уже приступили к сборке. Первый скачок сможем совершить всего через <DaysLeft> дн.
2893	Script/Mod_ShuMercs/PlayerHQScienceDialog/PortalGeneratorBuildStartedAgain	Отлично! Наши парни уже приступили к сборке. Первый скачок сможем совершить всего через <DaysLeft> дн.
2894	Script/Mod_ShuMercs/PlayerHQScienceDialog/PortalGeneratorBuildStartedTwice	Отлично! Наши парни уже приступили к сборке. Первый скачок сможем совершить всего через <DaysLeft> дн.
2895	Script/Mod_ShuMercs/PlayerHQScienceDialog/PortalGeneratorTwice	Всего <Cost> cr., после чего мы сможем "скакать" по системам, аки жвырклац. Также тебе будет доступна эксклюзивная процедура "извлечения" из любой точки Галактики - сможем забирать тебя прямо из гущи боя по первому слову. Ну как, согласен?
2896	Script/Mod_ShuMercs/PlayerHQScienceDialog/PortalGeneratorTwice	В настоящий момент на счету организации числится <CurrentBalance> cr.
2897	Script/Mod_ShuMercs/PlayerHQScienceDialog/ReliabilityImproveChooseShip	Без проблем, босс. На кого из наших установить <clr>"Эксдюралити"<clrEnd>?
2898	Script/Mod_ShuMercs/PlayerHQScienceDialog/ReliabilityImproveChooseShipNotHere	сейчас отсутствует на базе
2899	Script/Mod_ShuMercs/PlayerHQScienceDialog/ReliabilityImproveChooseShipOut	Пожалуй, пока обойдёмся
2900	Script/Mod_ShuMercs/PlayerHQScienceDialog/ReliabilityImproveCost	По расчётам наших инженеров, стоимость улучшения <EqName> составит <Cost> cr.
2901	Script/Mod_ShuMercs/PlayerHQScienceDialog/ReliabilityImproveCost	Цена, конечно, высоковата, но это всё из-за крайне затратной обработки фрагилиума. Ты же не думаешь, босс, что я сейчас пытаюсь на тебе навариться? Ну, разве только на маленькую баночку "Махпеллы".
2902	Script/Mod_ShuMercs/PlayerHQScienceDialog/ReliabilityImproveCost	В настоящий момент на счету организации числится <CurrentBalance> cr.
2903	Script/Mod_ShuMercs/PlayerHQScienceDialog/ReliabilityImproveDone	Окей, босс, обожди пару минут. Технари у нас шустрые.
2905	Script/Mod_ShuMercs/PlayerHQScienceDialog/ReliabilityImproveDone	Ну вот, всё готово! Теперь, если на тебя вдруг нападёт целый доминаторский флот, твой <EqName> сдохнет не сразу, а лишь через пару минут после начала боя. Согласись же, отличная инвестиция?
2906	Script/Mod_ShuMercs/PlayerHQScienceDialog/ReliabilityImproveEnd	Так что желаешь улучшить, босс?
2907	Script/Mod_ShuMercs/PlayerHQScienceDialog/ReliabilityImproveNoItems	Кстати, наши техники сообщают, что уже перерыли весь твой корабль, но подходящих для улучшения устройств так и не нашли.
2908	Script/Mod_ShuMercs/PlayerHQScienceDialog/ReliabilityImproveOut	Эх, зря ты так, босс. Надёжность в наше непростое время лишней не бывает, но, как говорится, дело ваше.
2909	Script/Mod_ShuMercs/PlayerHQScienceDialog/ReliabilityImproveRestrictions	Правда, пока что наши специалисты ещё не могут менять детали в чём попало. На текущем этапе список совместимого оборудования ограничен
2910	Script/Mod_ShuMercs/PlayerHQScienceDialog/ReliabilityImproveStart	Это можно. Модификация <clr>"Эксдюралити"<clrEnd>, по сути, представляет собой замену всей рабочей начинки устройства более прочными деталями из фрагилиума. В ремонте такая штука будет стоить дороже, но зато и надёжность <clr>в два раза<clrEnd> возрастёт.
2911	Script/Mod_ShuMercs/PlayerHQScienceDialog/RestrictionsOnHQLevel1	 <clr>движками<clrEnd> и <clr>топливными баками<clrEnd>.
2912	Script/Mod_ShuMercs/PlayerHQScienceDialog/RestrictionsOnHQLevel2	 <clr>движками<clrEnd> и <clr>топливными баками<clrEnd>.
2913	Script/Mod_ShuMercs/PlayerHQScienceDialog/RestrictionsOnHQLevel3	 <clr>движками<clrEnd>, <clr>топливными баками<clrEnd>, <clr>радарами<clrEnd> и <clr>сканерами<clrEnd>.
2914	Script/Mod_ShuMercs/PlayerHQScienceDialog/RestrictionsOnHQLevel4	, и <clr>не включает<clrEnd> в себя <clr>орудия<clrEnd>, ведь их износ по очевидным причинам выше, чем у любых других бортовых устройств.
2915	Script/Mod_ShuMercs/PlayerHQScienceDialog/SpeedUpCost	Окей, босс. Спецы сообщили мне, что несколько галлонов жидкости уже готовы к прогону. Только ты учти - эта штука не дешёвая, и, я бы даже сказал, в своём роде эксклюзив. Исходя из объёма твоего <clr>бака<clrEnd> и средней мощности <clr>двигателя<clrEnd>, учёным потребуется примерно <Cost> cr., чтобы возместить расходы на производство данного количества тетроазина.
2916	Script/Mod_ShuMercs/PlayerHQScienceDialog/SpeedUpCost	В настоящий момент на счету организации числится <CurrentBalance> cr.
2917	Script/Mod_ShuMercs/PlayerHQScienceDialog/SpeedUpDone	Понял. Сейчас передам по коммуникатору технарям: "За работу, мужики. Босс сказал, что хочет порхать как бабочка и жарить как звезда. Начинайте прогон тетроазина!"
2918	Script/Mod_ShuMercs/PlayerHQScienceDialog/SpeedUpDone	Хм, а вот интересно - рванет ли, если врубить форсаж? По идее, не должно...
2919	Script/Mod_ShuMercs/PlayerHQScienceDialog/SpeedUpNoEquipment	Прости, босс, но для прогона тетроазина на корабле должна быть установлена полностью замкнутая топливная система из <clr>двигателя<clrEnd> и <clr>бака<clrEnd>. В противном случае произойдёт утечка, а токсичность тетроазина крайне высока, так что... Не стоит подвергать опасности жизни твоего верного персонала.
2920	Script/Mod_ShuMercs/PlayerHQScienceDialog/SpeedUpNotSupported	Извиняй, босс, но твоя топливная система имеет уж слишком <clr>нестандартную конструкцию<clrEnd>. Учёные говорят, что в лучшем случае тетроазин на неё просто не подействует, а в худшем... В общем, лучше нам даже не проверять.
2923	Script/Mod_ShuMercs/PlayerHQShipyardDialog/AfterCancel	Да ничего, у всех бывает. Может хочешь сделать ещё что-нибудь?
2924	Script/Mod_ShuMercs/PlayerHQShipyardDialog/ConstructionIsStarted	Заказ принят, шеф. Новенький <ShipName> будет ждать тебя на складе ровно через <Days> дн.
2925	Script/Mod_ShuMercs/PlayerHQShipyardDialog/CruiserSoldCanceled	И это правильно. Не к чему нам в эти неспокойные времена так ослаблять собственную оборону.
2926	Script/Mod_ShuMercs/PlayerHQShipyardDialog/CruiserSoldConfirm	Ты уверен, босс? Всё-таки штука дорогая и мощная. Кто знает, когда мы сможем снова такой построить, а выручка в <Cost> cr., как мне кажется, того просто не стоит.
2927	Script/Mod_ShuMercs/PlayerHQShipyardDialog/CruiserSolded	Ну, дело твоё. Покупатель уже в пути, а сумма в <Cost> cr. авансом переведена на счёт организации.
2928	Script/Mod_ShuMercs/PlayerHQShipyardDialog/Greeting	Да всё ништяк, босс! Корабли спускаем со стапелей по графику, недостатка в материалах нет.
2929	Script/Mod_ShuMercs/PlayerHQShipyardDialog/Greeting	Ну а если желаешь заказать какой-то <clr>особый проект<clrEnd>, то напоминаю, что для получения лицензии нам может потребоваться <clr>определённая репутация<clrEnd> в среде <clr>Коалиции<clrEnd> либо <clr>пиратского клана<clrEnd>.
2931	Script/Mod_ShuMercs/PlayerHQShipyardDialog/Greeting	<clr>Наша текущая репутация:<clrEnd>
2932	Script/Mod_ShuMercs/PlayerHQShipyardDialog/Greeting	- В верхах Коалиции <CoalitionReputation>
2933	Script/Mod_ShuMercs/PlayerHQShipyardDialog/Greeting	- В пиратской среде <PiratesReputation>
2934	Script/Mod_ShuMercs/PlayerHQShipyardDialog/GreetingInProcess	Да всё ништяк, босс! Корабли спускаем со стапелей по графику, недостатка в материалах нет.
2935	Script/Mod_ShuMercs/PlayerHQShipyardDialog/GreetingInProcess	Прямо сейчас в производстве также находится заказанный тобой <ShipName>, его сборку завершим через <DaysLeft> дн.
2936	Script/Mod_ShuMercs/PlayerHQShipyardDialog/GreetingIntro	Блин, видать <clr>Грорбаб<clrEnd> опять на звукоизоляции сэкономил. Ну это ничего, босс, если он через пару деньков не залатает дыру в переборках, то залатывать придётся уже его череп. А, ты имел в виду, откуда шум? Так из верфи нашей. Я разве тебе не говорил?
2937	Script/Mod_ShuMercs/PlayerHQShipyardDialog/GreetingIntro	В общем, с гордостью представляю тебе нашу собственную судостроительную верфь! По размерам и мощностям она, конечно, не сравнится с планетарной, но на покрытие нашей скромной потребности в новых специализированных корпусах её производительности вполне хватит.
2938	Script/Mod_ShuMercs/PlayerHQShipyardDialog/GreetingIntro	К слову, в самое ближайшее время планируется замена всех устаревших моделей корпусов на новый, уникальный в своём роде, корабль нашей собственной конструкции - <clr>"Звездный скат"<clrEnd>. Отличительной чертой нового корпуса станет повышенная манёвренность и длительное сохранение инерционной тяги, благодаря чему он сможет развивать впечатляющую скорость, на фэянскую голову превосходящую возможности всех прочих судов аналогичного класса. Кстати, опытный образец уже был доставлен к тебе на склад, так что можешь в любой момент самостоятельно опробовать эту птичку.
2939	Script/Mod_ShuMercs/PlayerHQShipyardDialog/GreetingIntro	Ах да, и чуть не забыл! Если мы докажем свою ярую приверженность делу <clr>Коалиции<clrEnd> или <clr>пиратскому клану<clrEnd>, то сможем заполучить ограниченную лицензию на производство собственных <clr>транклюкаторов<clrEnd>. Удовольствие, конечно, будет не из дешёвых, но лишних роботов в хозяйстве не бывает, верно? Если, конечно, они не доминаторы, хе-хе.
2940	Script/Mod_ShuMercs/PlayerHQShipyardDialog/GreetingNoProjects	Да всё ништяк, босс! Корабли спускаем со стапелей по графику, недостатка в материалах нет.
2941	Script/Mod_ShuMercs/PlayerHQShipyardDialog/GreetingNoProjects	Правда, каких-то <clr>особых проектов<clrEnd> на постройку сейчас нема, но если вдруг появятся, то будем готовы собрать по первому же твоему слову.
2942	Script/Mod_ShuMercs/PlayerHQShipyardDialog/PlayerAskForConstruction	Заказать постройку корабля
2943	Script/Mod_ShuMercs/PlayerHQShipyardDialog/PlayerConstructionCancel	Я передумал
2944	Script/Mod_ShuMercs/PlayerHQShipyardDialog/PlayerConstructionStart	Заказать постройку <ShipName>
2945	Script/Mod_ShuMercs/PlayerHQShipyardDialog/PlayerCruiserEquipChange	Я хочу переоснастить наш крейсер
2946	Script/Mod_ShuMercs/PlayerHQShipyardDialog/PlayerCruiserOutAdd	[на вылете]
2947	Script/Mod_ShuMercs/PlayerHQShipyardDialog/PlayerCruiserSold	Я хочу продать наш крейсер
2948	Script/Mod_ShuMercs/PlayerHQShipyardDialog/PlayerCruiserSoldNo	Ладно, пожалуй, ещё подумаю
2949	Script/Mod_ShuMercs/PlayerHQShipyardDialog/PlayerCruiserSoldYes	Да, уверен - продаём этот металлолом
2950	Script/Mod_ShuMercs/PlayerHQShipyardDialog/PlayerIntroOut	Благодарю за разъяснение
2951	Script/Mod_ShuMercs/PlayerHQShipyardDialog/PlayerOut	Понял, спасибо
2952	Script/Mod_ShuMercs/PlayerHQShipyardDialog/PlayerOutAfterCancel	Да нет, сейчас больше ничего не надо
2953	Script/Mod_ShuMercs/PlayerHQShipyardDialog/ProjectsList	Вот список доступных проектов, которые ты можешь заказать, исходя из нашей текущей репутации:<ProjectsList>
2955	Script/Mod_ShuMercs/PlayerHQShipyardDialog/ProjectsList	На случай, если захочешь оплатить постройку с баланса организации - сейчас у нас на счету числится <CurrentBalance> cr.
2958	Script/Mod_ShuMercs/PlayerHQStrikeDialog/CandidatesListEnd	В настоящий момент на счету организации числится <CurrentBalance> cr.
2959	Script/Mod_ShuMercs/PlayerHQStrikeDialog/CandidatesListStart	Список подходящих кандидатов на текущий месяц я уже подготовил, можешь взглянуть:
2960	Script/Mod_ShuMercs/PlayerHQStrikeDialog/ChoosedDisbandNo	Полностью поддерживаю данное решение.
2961	Script/Mod_ShuMercs/PlayerHQStrikeDialog/ChoosedDisbandYes	Как скажешь, шеф. Передам ребятам, чтобы собирали вещички и выметались "на мороз", но вряд ли эта новость сильно их обрадует.
2962	Script/Mod_ShuMercs/PlayerHQStrikeDialog/DisbandConfirm	Ты уверен, босс? Подбор новых кандидатов дело не быстрое.
2963	Script/Mod_ShuMercs/PlayerHQStrikeDialog/FireDone	Принято - <MercName> на нас больше не работает.
2964	Script/Mod_ShuMercs/PlayerHQStrikeDialog/Greeting	Это твой личный отряд быстрого реагирования, основной задачей которого является оперативное устранение угрозы и не менее оперативное отступление в штаб для перегруппировки и ремонта.<AddText>
2965	Script/Mod_ShuMercs/PlayerHQStrikeDialog/Greeting	Имей в виду, что в состав ударной группы может входить не более <clr>шести<clrEnd> кораблей, так как содержание даже одного элитного бойца обходится организации очень недёшево.
2966	Script/Mod_ShuMercs/PlayerHQStrikeDialog/GreetingAddText	 Вызвать отряд ты можешь в любой момент, связавшись со мной через <clr>бортовой компьютер<clrEnd>.
2967	Script/Mod_ShuMercs/PlayerHQStrikeDialog/HireDone	Отличный выбор, шеф! Совсем скоро <MercName> приступит к своим новым обязанностям.
2968	Script/Mod_ShuMercs/PlayerHQStrikeDialog/PlayerAskDisband	Я хочу распустить весь отряд
2969	Script/Mod_ShuMercs/PlayerHQStrikeDialog/PlayerAskFire	Я хочу кое-кого уволить
2970	Script/Mod_ShuMercs/PlayerHQStrikeDialog/PlayerAskHire	Я хочу нанять нового бойца
2971	Script/Mod_ShuMercs/PlayerHQStrikeDialog/PlayerAskHireMax	Я хочу нанять нового бойца [группа заполнена]
2972	Script/Mod_ShuMercs/PlayerHQStrikeDialog/PlayerAskHireNoMoreCandidates	Я хочу нанять нового бойца [нет подходящих кандидатов]
2973	Script/Mod_ShuMercs/PlayerHQStrikeDialog/PlayerAskRefit	Я хочу переоснастить бойца
2974	Script/Mod_ShuMercs/PlayerHQStrikeDialog/PlayerDisbandNo	Пожалуй, ты прав, пока отложим вопрос
2975	Script/Mod_ShuMercs/PlayerHQStrikeDialog/PlayerDisbandYes	Да, уверен - распускай
2976	Script/Mod_ShuMercs/PlayerHQStrikeDialog/PlayerFireOut	Я передумал
2977	Script/Mod_ShuMercs/PlayerHQStrikeDialog/PlayerHireOut	Я передумал
2978	Script/Mod_ShuMercs/PlayerHQStrikeDialog/PlayerOut	Поговорим на другие темы
2979	Script/Mod_ShuMercs/PlayerHQStrikeDialog/PlayerRefitOut	Я передумал
2980	Script/Mod_ShuMercs/PlayerHQStrikeDialog/PlayerToFire	Уволить <Name>
2981	Script/Mod_ShuMercs/PlayerHQStrikeDialog/PlayerToHire	Нанять <Name>
2982	Script/Mod_ShuMercs/PlayerHQStrikeDialog/PlayerToRefit	Переоснастить <Name>
2983	Script/Mod_ShuMercs/PlayerHQStrikeDialog/RefitDone	Закончил, босс? Очень надеюсь, что <MercName> в ближайшее время не подаст на нас в суд...
2984	Script/Mod_ShuMercs/PlayerHQStrikeDialog/SendMercItemToShopQuestion	Вы уверены, что хотите переместить <ItemName> в магазин штаба?
2985	Script/Mod_ShuMercs/PlayerHQStrikeDialog/WhoToFire	Да? И кем же будет этот бедолага?
2986	Script/Mod_ShuMercs/PlayerHQStrikeDialog/WhoToRefit	Ну и кто же в скором времени лишится своих вещичек?
2989	Script/Mod_ShuMercs/PlayerMercCruiserDialog/AreLeavingByPlayerHit	Ты что, совсем из ума выжил? Я, значит, на тебя горбачусь, а ты решил меня грохнуть? Ай, да иди-ка ты подальше со своей организацией, у меня теперь своя дорога!
2990	Script/Mod_ShuMercs/PlayerMercCruiserDialog/AtEasy	Понял тебя, шеф, переходим в режим свободной охоты.
2991	Script/Mod_ShuMercs/PlayerMercCruiserDialog/AtEasyNoTargets	Шеф, согласно моим данным, враждебных тебе целей в системе не обнаружено, так что мы пока просто полетаем следом в качестве боевого эскорта.
2992	Script/Mod_ShuMercs/PlayerMercCruiserDialog/AtEasyRogerRoger	Как скажешь, босс. Специально преследовать этого чмобыра больше не буду.
2993	Script/Mod_ShuMercs/PlayerMercCruiserDialog/AttackAll	Приказ ясен. Приступаем к ликвидации цели.
2994	Script/Mod_ShuMercs/PlayerMercCruiserDialog/AttackOne	Приказ ясен. Приступаю к ликвидации цели.
2995	Script/Mod_ShuMercs/PlayerMercCruiserDialog/AttackWhat	Какой корабль мне атаковать?
2996	Script/Mod_ShuMercs/PlayerMercCruiserDialog/DefendingHQStar	В системе замечены вражеские корабли, босс. Я готовлюсь занять позицию для обороны штаба. Битва обещает быть жаркой!
2997	Script/Mod_ShuMercs/PlayerMercCruiserDialog/FollowAll	Приказ ясен. Следуем за тобой, босс.
2998	Script/Mod_ShuMercs/PlayerMercCruiserDialog/FollowOne	Приказ ясен, босс. Теперь ты мой ведущий.
2999	Script/Mod_ShuMercs/PlayerMercCruiserDialog/GroupHasArrived	Ударная группа прибыла согласно вашему приказу, босс. Какие будут указания?
3000	Script/Mod_ShuMercs/PlayerMercCruiserDialog/GroupIsReturning	Мы возвращаемся в штаб, босс. Дайте нам пару дней передохнуть, и мы будем готовы к новому вылету.
3001	Script/Mod_ShuMercs/PlayerMercCruiserDialog/HelpRogerRoger	Так точно, босс! Выполняю приказ.
3002	Script/Mod_ShuMercs/PlayerMercCruiserDialog/HelpWhoToShootAt	С кем тебе нужно помочь?
3003	Script/Mod_ShuMercs/PlayerMercCruiserDialog/IAmOverloadedBoss	Босс, с таким перегрузом мы никак не сможем отправиться на оборону системы в случае необходимости. Для нас всех будет лучше, если ты пересмотришь нашу экипировку.
3004	Script/Mod_ShuMercs/PlayerMercCruiserDialog/IsItGroupOrder	Это приказ лично мне или всем нашим?
3005	Script/Mod_ShuMercs/PlayerMercCruiserDialog/IsItGroupOrderStrike	Это приказ лично мне или по всей группе?
3006	Script/Mod_ShuMercs/PlayerMercCruiserDialog/OrderToReturn	Понял, босс, возвращаемся домой. Если понадобимся снова - дай знать.
3007	Script/Mod_ShuMercs/PlayerMercCruiserDialog/PlayerCallAtEasy	Благодарю за помощь, но можешь уже оставить <TargetShip> в покое, он меня больше не интересует
3008	Script/Mod_ShuMercs/PlayerMercCruiserDialog/PlayerCallForHelp	Мне нужна твоя помощь в бою
3009	Script/Mod_ShuMercs/PlayerMercCruiserDialog/PlayerCallForHelpWith	Мне нужна твоя помощь в бою с <TargetShip>
3010	Script/Mod_ShuMercs/PlayerMercCruiserDialog/PlayerNoItsPersonal	Нет, это персональный приказ
3011	Script/Mod_ShuMercs/PlayerMercCruiserDialog/PlayerNoItsPersonalStrike	Нет, это персональный приказ
3012	Script/Mod_ShuMercs/PlayerMercCruiserDialog/PlayerOrderAtEasy	Передай всем, чтобы вступали в бой с любыми враждебными целями в системе
3013	Script/Mod_ShuMercs/PlayerMercCruiserDialog/PlayerOrderAttack	Приказываю атаковать указанный корабль...
3014	Script/Mod_ShuMercs/PlayerMercCruiserDialog/PlayerOrderAttackOn	Приказываю начать атаку на <TargetShip>
3015	Script/Mod_ShuMercs/PlayerMercCruiserDialog/PlayerOrderFollowMe	Приказываю бросить все прочие дела и следовать за мной
3016	Script/Mod_ShuMercs/PlayerMercCruiserDialog/PlayerOrderToReturn	Возвращайтесь обратно в штаб
3017	Script/Mod_ShuMercs/PlayerMercCruiserDialog/PlayerYesItsForGroup	Это приказ для всех, с каждым отдельно я общаться не намерен
3018	Script/Mod_ShuMercs/PlayerMercCruiserDialog/PlayerYesItsForGroupStrike	Это приказ для всех, с каждым отдельно я общаться не намерен
3019	Script/Mod_ShuMercs/PlayerMercCruiserDialog/ReturningFromDefendingHQStar	Это нападение мы отбили, босс - возвращаюсь обратно в штаб. Если буду нужен тебе где-то ещё - только дай знать.
3020	Script/Mod_ShuMercs/PlayerMercCruiserDialog/TalkBegin	Босс, приём. Есть новый приказ?
3023	Script/Mod_ShuMercs/PlayerMercsOrgMsg/CoalitionQuestIsAvailable	<color=255,240,100>Донесение из штаба:</color>
3024	Script/Mod_ShuMercs/PlayerMercsOrgMsg/CoalitionQuestIsAvailable	К нам тут поступил крупный заказ от <color=255,240,100>Совета Коалиции</color>, шеф. Если интересует - ждём тебя в штабе для разъяснения подробностей.
3025	Script/Mod_ShuMercs/PlayerMercsOrgMsg/ConcurentiNapaleFei	<color=255,240,100>Донесение из штаба:</color>
3026	Script/Mod_ShuMercs/PlayerMercsOrgMsg/ConcurentiNapaleFei	Шеф, конкуренты решили нас атаковать. Шансы их победы приблизительно равны 0.028302%, так что всё под контролем, но согласно протоколу я обязан был уведомить вас
3027	Script/Mod_ShuMercs/PlayerMercsOrgMsg/ConcurentiNapaleMaloc	<color=255,240,100>Донесение из штаба:</color>
3028	Script/Mod_ShuMercs/PlayerMercsOrgMsg/ConcurentiNapaleMaloc	Босс, эти трусливые шавки опять пытаются разгромить штаб нашей великой организации! Я уже отправил наших ребят превратить их в пыль, но если опасаешься неожиданного удара, то можешь прибыть и поприсутствовать
3029	Script/Mod_ShuMercs/PlayerMercsOrgMsg/ConcurentiNapalePeople	<color=255,240,100>Донесение из штаба:</color>
3030	Script/Mod_ShuMercs/PlayerMercsOrgMsg/ConcurentiNapalePeople	Шеф, назойливые конкуренты опять мешают нам вести дела. Я попробую справиться с ними своими силами, но ваша поддержка была бы крайне кстати.
3031	Script/Mod_ShuMercs/PlayerMercsOrgMsg/ConcurentiNapaleTziptzilot	<color=255,240,100>Донесение из штаба:</color>
3032	Script/Mod_ShuMercs/PlayerMercsOrgMsg/ConcurentiNapaleTziptzilot	Шеф, наш штаб атакуют конкуренты! Нужна твоя помощь в обороне штаба
3033	Script/Mod_ShuMercs/PlayerMercsOrgMsg/CruiserDefenderSoldByNoMaintenance	<color=255,240,100>Донесение из штаба:</color>
3034	Script/Mod_ShuMercs/PlayerMercsOrgMsg/CruiserDefenderSoldByNoMaintenance	Плохие новости, шеф. В этом месяце у нас не хватило денег для <color=255,240,100>обслуживания крейсера</color>, так что пришлось продать его на запчасти.
3035	Script/Mod_ShuMercs/PlayerMercsOrgMsg/CruiserDefenderWasLost	<color=255,240,100>Донесение из штаба:</color>
3036	Script/Mod_ShuMercs/PlayerMercsOrgMsg/CruiserDefenderWasLost	Шеф, ужасные вести! С сожалением вынужден сообщить, что наш грозный <Name> погиб в неравной схватке с превосходящим врагом. Вечная память его меркантильным героям!
3037	Script/Mod_ShuMercs/PlayerMercsOrgMsg/CruiserReturned	<color=255,240,100>Доклад ударной группы:</color>
3038	Script/Mod_ShuMercs/PlayerMercsOrgMsg/CruiserReturned	Шеф, докладываем об успешном возвращении крейсера на штаб. По завершению ремонтных работ будем готовы в любой момент выдвинуться по твоему приказу. Конец связи
3039	Script/Mod_ShuMercs/PlayerMercsOrgMsg/GluonGunsQuestCompleteFei	<color=255,240,100>Донесение из штаба:</color>
3040	Script/Mod_ShuMercs/PlayerMercsOrgMsg/GluonGunsQuestCompleteFei	Добрых суток, начальник, вас беспокоит <color=255,240,100>Элайма</color>.
3041	Script/Mod_ShuMercs/PlayerMercsOrgMsg/GluonGunsQuestCompleteFei	Нанятый вами учёный прибыл и оказался на удивление грамотным специалистом! В его технических расчётах мной были обнаружены всего 64 синтаксических и 32 математических ошибки. Удивительно!
3042	Script/Mod_ShuMercs/PlayerMercsOrgMsg/GluonGunsQuestCompleteFei	Что же касается его технологии, то она просто невероятна! Почему Коалиция не сделала её приоритетной, мне лично не понять. По моим примерным расчётам, за 456 лет, 7 месяцев и 18 дней развития глюонной технологии Коалиция обойдёт клисан во всех технологических сферах.
3043	Script/Mod_ShuMercs/PlayerMercsOrgMsg/GluonGunsQuestCompleteFei	Я лично возглавлю новый исследовательский отдел, чтобы избежать даже малейшей ошибки, так что вы узнаете об изготовлении прототипа ещё до того, как он сойдёт с конвейера!
3044	Script/Mod_ShuMercs/PlayerMercsOrgMsg/GluonGunsQuestCompleteMaloc	<color=255,240,100>Донесение из штаба:</color>
3045	Script/Mod_ShuMercs/PlayerMercsOrgMsg/GluonGunsQuestCompleteMaloc	Командир, это <color=255,240,100>Вдубас</color>, докладываю: ваш головастый заморыш прибыл!
3046	Script/Mod_ShuMercs/PlayerMercsOrgMsg/GluonGunsQuestCompleteMaloc	Я сперва было дело хотел выгнать его к Гралгару, чтоб нюхнул пороху перед началом работы - нам здесь трусливые теоретики не нужны! Оружие должно разрабатываться не просто сидя на табуретке, а чтоб эта табуретка была непосредственно в гуще врагов! Хочешь жить - думай быстрее, именно так малоки создают самое мощное вооружение в галактике!
3047	Script/Mod_ShuMercs/PlayerMercsOrgMsg/GluonGunsQuestCompleteMaloc	Но он показал мне характеристики, и я аж воспылал! Это просто чудо военной мысли! Если всё реализуется именно так, как на бумаге - а я возьму это дело под личный контроль, так что от техпроцесса никто не отойдёт ни на букву, иначе отойдёт в шлюз без скафандра! - мы получим орудия, с которыми даже технологии клисан невозможно будет сравнить! Буду держать коммуникатор под рукой, командир, и о первом созданном образце узнаешь быстрее, чем пеленг облапошит своего клиента!
3048	Script/Mod_ShuMercs/PlayerMercsOrgMsg/GluonGunsQuestCompletePeople	<color=255,240,100>Донесение из штаба:</color>
3049	Script/Mod_ShuMercs/PlayerMercsOrgMsg/GluonGunsQuestCompletePeople	Шеф, на связи <color=255,240,100>Серго</color>.
3050	Script/Mod_ShuMercs/PlayerMercsOrgMsg/GluonGunsQuestCompletePeople	Ваш профессор, который только что прилетел, просто ужасен! Он совершенно не умеет экономить! Заявленный им бюджет почти в три раза выше оптимального! А как он планирует рабочий процесс? С его подходом мы и к окончанию войны ничего не успеем! Одно слово - учёный!
3051	Script/Mod_ShuMercs/PlayerMercsOrgMsg/GluonGunsQuestCompletePeople	Ладно, для чего ещё я здесь нахожусь? Я уже пнул кого надо, команда мистера Джэффа Резуса займётся финансами, Килл Гейтс - организацией сотрудников. Всё будет проходить лично через меня, так что ни кредита в космос не улетит, не беспокойтесь, шеф! А о первом готовом изделии сообщу тотчас же.
3052	Script/Mod_ShuMercs/PlayerMercsOrgMsg/GluonGunsQuestCompleteTziptzilot	<color=255,240,100>Донесение из штаба:</color>
3053	Script/Mod_ShuMercs/PlayerMercsOrgMsg/GluonGunsQuestCompleteTziptzilot	Привет, босс - это снова я, <color=255,240,100>Ципцилот</color>.
3054	Script/Mod_ShuMercs/PlayerMercsOrgMsg/GluonGunsQuestCompleteTziptzilot	К нам тут недавно прибыл твой профессор. Мы уже его накормили, напоили - он классный мужик оказался, кстати. Ему вроде всё понравилось, сказал что ожидал намного худшего, мол, что придётся обустраивать всю лабораторию с нуля. Но когда узнал, что у нас готов свой научный отдел и команда учёных, начал прыгать и громко злобно хохотать, говоря при этом, что он ещё всем покажет, и что они ещё что-то там поймут...
3055	Script/Mod_ShuMercs/PlayerMercsOrgMsg/GluonGunsQuestCompleteTziptzilot	В общем, странноватый он немного, но зато обещал закончить разработку нового оружия и предоставить прототипы уже через <color=255,240,100>три месяца</color>. Я пришлю тебе уведомление, как только первые образцы будут готовы.
3056	Script/Mod_ShuMercs/PlayerMercsOrgMsg/GluonGunsQuestIsReadyFei	<color=255,240,100>Донесение из штаба:</color>
3057	Script/Mod_ShuMercs/PlayerMercsOrgMsg/GluonGunsQuestIsReadyFei	Приветствую, начальник, говорит <color=255,240,100>Элайма</color>. Я рассчитал, что первые прототипы будут завершены ровно к твоему прибытию, если вылетишь прямо сейчас на крейсерской скорости. Да, я постоянно слежу за твоим пространственным положением и характеристиками корабля, а как же? У меня для этого выделены три отдельных монитора!
3058	Script/Mod_ShuMercs/PlayerMercsOrgMsg/GluonGunsQuestIsReadyMaloc	<color=255,240,100>Донесение из штаба:</color>
3059	Script/Mod_ShuMercs/PlayerMercsOrgMsg/GluonGunsQuestIsReadyMaloc	Командир, это <color=255,240,100>Вдубас</color>. Есть новость хорошая и не очень. Хорошая новость - головастый закончил и произвёл на свет первые образцы орудий, прилетай. Плохая же - он совершенно не умеет чинить табуретки!
3060	Script/Mod_ShuMercs/PlayerMercsOrgMsg/GluonGunsQuestIsReadyPeople	<color=255,240,100>Донесение из штаба:</color>
3061	Script/Mod_ShuMercs/PlayerMercsOrgMsg/GluonGunsQuestIsReadyPeople	Шеф, приём, <color=255,240,100>Серго</color> рапортует - всё готово! Профессор всё время злился, что вместо втыкиллы для протирки контактов ему поставляют обычный "технарь", но я-то знаю, что он свою глотку протирать собирался! А я-то гадал, откуда такие цифры требуемого бюджета были изначально?..
3062	Script/Mod_ShuMercs/PlayerMercsOrgMsg/GluonGunsQuestIsReadyTziptzilot	<color=255,240,100>Донесение из штаба:</color>
3063	Script/Mod_ShuMercs/PlayerMercsOrgMsg/GluonGunsQuestIsReadyTziptzilot	Привет, босс, это <color=255,240,100>Ципцилот</color>. Я тут узнал кое-что интересное от наших гениев. Если хочешь, могу рассказать подробнее, как только заглянешь в штаб.
3064	Script/Mod_ShuMercs/PlayerMercsOrgMsg/GluonGunsWereInventedFei	<color=255,240,100>Донесение из штаба:</color>
3065	Script/Mod_ShuMercs/PlayerMercsOrgMsg/GluonGunsWereInventedFei	<color=255,240,100>Элайма</color> у коммуникатора, начальник. Сообщаю, что заказанные вами орудия произведены. Количество допущенных ошибок 0,0027% по отношению к количеству операций, прошу меня простить, обязательно исправлюсь.
3066	Script/Mod_ShuMercs/PlayerMercsOrgMsg/GluonGunsWereInventedMaloc	<color=255,240,100>Донесение из штаба:</color>
3067	Script/Mod_ShuMercs/PlayerMercsOrgMsg/GluonGunsWereInventedMaloc	Командир, это <color=255,240,100>Вдубас</color>. Пушки готовы, можешь забирать. Также прошу меня лишить премии за этот месяц, я на целых 6 часов совершенно забыл про работу - засмотрелся на собранную нами красоту военного искусства.
3068	Script/Mod_ShuMercs/PlayerMercsOrgMsg/GluonGunsWereInventedPeople	<color=255,240,100>Донесение из штаба:</color>
3069	Script/Mod_ShuMercs/PlayerMercsOrgMsg/GluonGunsWereInventedPeople	Шеф, говорит <color=255,240,100>Серго</color>. Орудия были изготовлены точно в оптимальный срок и по оптимальным расходам. Они уже сошли с конвейера и ждут только вас.
3070	Script/Mod_ShuMercs/PlayerMercsOrgMsg/GluonGunsWereInventedTziptzilot	<color=255,240,100>Донесение из штаба:</color>
3071	Script/Mod_ShuMercs/PlayerMercsOrgMsg/GluonGunsWereInventedTziptzilot	Босс, это <color=255,240,100>Ципцилот</color> - спешу тебя обрадовать. Первые образцы нового оружия уже готовы.
3072	Script/Mod_ShuMercs/PlayerMercsOrgMsg/HQStarIsUnderAttack	<color=255,240,100>Донесение из штаба:</color>
3073	Script/Mod_ShuMercs/PlayerMercsOrgMsg/HQStarIsUnderAttack	Шеф, тут на нашу систему <Star> вероломно напали какие-то <color=255,240,100>кудлатые черти</color>. Мы им, конечно, сейчас отсыпем на орехи, но не уведомить тебя было бы как-то неправильно, так что держим в курсе.
3074	Script/Mod_ShuMercs/PlayerMercsOrgMsg/HQStarIsUnderAttackDom	<color=255,240,100>Донесение из штаба:</color>
3075	Script/Mod_ShuMercs/PlayerMercsOrgMsg/HQStarIsUnderAttackDom	Шеф, тут на нашу систему <Star> невероломно напали поганые <color=255,240,100>электроники</color>. Мы им, конечно, сейчас отсыпем на орехи, но не уведомить тебя было бы как-то неправильно, так что держим в курсе.
3076	Script/Mod_ShuMercs/PlayerMercsOrgMsg/HQWasDestroyed	<color=255,240,100>Сообщение из центра наёмников:</color>
3077	Script/Mod_ShuMercs/PlayerMercsOrgMsg/HQWasDestroyed	Уважаемый <Player>, согласно нашим данным, ваш частный штаб, располагавшийся в системе <Star>, был уничтожен. Но не отчаивайтесь - вы всегда можете обратиться к нам и заказать постройку нового в любое удобное для вас время.
3078	Script/Mod_ShuMercs/PlayerMercsOrgMsg/PirateClanQuestIsAvailable	<color=255,240,100>Донесение из штаба:</color>
3079	Script/Mod_ShuMercs/PlayerMercsOrgMsg/PirateClanQuestIsAvailable	<color=255,240,100>Пиратский клан</color> предложил нам новую работу, босс. Все щекотливые подробности будут ждать тебя по прибытии.
3080	Script/Mod_ShuMercs/PlayerMercsOrgMsg/PlayerExtractionHasArrived	<color=255,240,100>Донесение из штаба:</color>
3081	Script/Mod_ShuMercs/PlayerMercsOrgMsg/PlayerExtractionHasArrived	Босс, мы на месте - запрыгивай скорее на борт! Всего через <DaysLeft> дн. мы будем вынуждены уйти обратно в гипер!
3082	Script/Mod_ShuMercs/PlayerMercsOrgMsg/QuestNoteHQDestroyed	Ваш штаб был уничтожен, дальнейшее выполнение контракта невозможно.
3083	Script/Mod_ShuMercs/PlayerMercsOrgMsg/StrikeGroupArrived	<color=255,240,100>Доклад ударной группы:</color>
3084	Script/Mod_ShuMercs/PlayerMercsOrgMsg/StrikeGroupArrived	Ударная группа прибыла в систему и готова к бою, шеф. Переходим в режим патрулирования территории в поисках враждебно настроенных кораблей.
3085	Script/Mod_ShuMercs/PlayerMercsOrgMsg/StrikeGroupArrivedHome	<color=255,240,100>Доклад ударной группы:</color>
3086	Script/Mod_ShuMercs/PlayerMercsOrgMsg/StrikeGroupArrivedHome	Ударная группа готова к бою, шеф. Переходим в режим патрулирования территории в поисках враждебно настроенных кораблей.
3087	Script/Mod_ShuMercs/PlayerMercsOrgMsg/StrikeGroupArrivedPlayerMissing	<color=255,240,100>Доклад ударной группы:</color>
3088	Script/Mod_ShuMercs/PlayerMercsOrgMsg/StrikeGroupArrivedPlayerMissing	Ударная группа прибыла в систему и приступила к патрулированию территории в поисках враждебно настроенных кораблей. Мы задержимся здесь на <color=255,240,100>30</color> дней, после чего вернёмся обратно в штаб.
3089	Script/Mod_ShuMercs/PlayerMercsOrgMsg/StrikeGroupDefeatedAll	<color=255,240,100>Доклад ударной группы:</color>
3090	Script/Mod_ShuMercs/PlayerMercsOrgMsg/StrikeGroupDefeatedAll	Шеф, все противники в системе <Star> ликвидированы. Продолжаем патрулирование системы в поисках подходящих целей.
3091	Script/Mod_ShuMercs/PlayerMercsOrgMsg/StrikeGroupDefeatedTargetAndReturning	<color=255,240,100>Доклад ударной группы:</color>
3092	Script/Mod_ShuMercs/PlayerMercsOrgMsg/StrikeGroupDefeatedTargetAndReturning	Шеф, цель ликвидирована. Возвращаемся в штаб на дозаправку.
3093	Script/Mod_ShuMercs/PlayerMercsOrgMsg/StrikeGroupReturned	<color=255,240,100>Доклад ударной группы:</color>
3094	Script/Mod_ShuMercs/PlayerMercsOrgMsg/StrikeGroupReturned	Шеф, докладываем об успешном возвращении группы на штаб. По завершению ремонтных работ будем готовы в любой момент выдвинуться по твоему приказу. Конец связи
3095	Script/Mod_ShuMercs/PlayerMercsOrgMsg/StrikeGroupReturning	<color=255,240,100>Доклад ударной группы:</color>
3096	Script/Mod_ShuMercs/PlayerMercsOrgMsg/StrikeGroupReturning	Ну, время нашего вылета истекло, босс, возвращаемся на базу. Если что-то вдруг снова понадобится - зови.
3097	Script/Mod_ShuMercs/PlayerMercsOrgMsg/StrikeGroupReturningOnlyCruiser	<color=255,240,100>Донесение с крейсера:</color>
3098	Script/Mod_ShuMercs/PlayerMercsOrgMsg/StrikeGroupReturningOnlyCruiser	Похоже, все наши ребята из "ударной" полегли в неравном бою, босс. Стало быть, домой в этот раз возвращаемся только мы одни.
3099	Script/Mod_ShuMercs/PlayerMercsOrgMsg/StrikeGroupWasLost	<color=255,240,100>Донесение из штаба:</color>
3100	Script/Mod_ShuMercs/PlayerMercsOrgMsg/StrikeGroupWasLost	Все бойцы ударной группы полегли в бою с противником. Вечная им память.
3101	Script/Mod_ShuMercs/PlayerMercsOrgMsg/StrikeGroupWasQuit	<color=255,240,100>Донесение из штаба:</color>
3102	Script/Mod_ShuMercs/PlayerMercsOrgMsg/StrikeGroupWasQuit	Все бойцы ударной группы покинули нашу организацию, босс. Больше прикрывать тебя в бою будет некому.
3103	Script/Mod_ShuMercs/PlayerMercsOrgMsg/StrikeGroupWasQuitMoney	<color=255,240,100>Донесение из штаба:</color>
3104	Script/Mod_ShuMercs/PlayerMercsOrgMsg/StrikeGroupWasQuitMoney	Все бойцы ударной группы покинули организацию по причине <color=255,240,100>отсутствия денег</color> на их зарплаты. Может, и мне последовать их примеру, босс?
3105	Script/Mod_ShuMercs/PlayerMercsOrgMsg/StrikeGroupWasReturn	<color=255,240,100>Донесение из штаба:</color>
3106	Script/Mod_ShuMercs/PlayerMercsOrgMsg/StrikeGroupWasReturn	Шеф, корабли ударной группы заправлены и отремонтированы. Пилоты готовы выдвинуться по твоей команде.
3107	Script/Mod_ShuMercs/PlayerMercsOrgMsg/StrikeMercLeftOrg	<color=255,240,100>Донесение из штаба:</color>
3108	Script/Mod_ShuMercs/PlayerMercsOrgMsg/StrikeMercLeftOrg	Боец ударной группы <Name> покинул организацию, не получив в этом месяце обещанную зарплату.
3124	Script/Mod_ShuMercs/PlayerMercsStrikeGroup/AreLeavingByPlayerHit	Ты что, совсем из ума выжил? Я, значит, на тебя горбачусь, а ты решил меня грохнуть? Ай, да иди-ка ты подальше со своей организацией, у меня теперь своя дорога!
3125	Script/Mod_ShuMercs/PlayerMercsStrikeGroup/AtEasy	Понял тебя, шеф, переходим в режим свободной охоты.
3126	Script/Mod_ShuMercs/PlayerMercsStrikeGroup/AtEasyNoTargets	Шеф, согласно моим данным, враждебных тебе целей в системе не обнаружено, так что мы пока просто полетаем следом в качестве боевого эскорта.
3127	Script/Mod_ShuMercs/PlayerMercsStrikeGroup/AtEasyRogerRoger	Как скажешь, босс. Специально преследовать этого чмобыра больше не буду.
3128	Script/Mod_ShuMercs/PlayerMercsStrikeGroup/AttackAll	Приказ ясен. Приступаем к ликвидации цели.
3129	Script/Mod_ShuMercs/PlayerMercsStrikeGroup/AttackOne	Приказ ясен. Приступаю к ликвидации цели.
3130	Script/Mod_ShuMercs/PlayerMercsStrikeGroup/AttackWhat	Какой корабль мне атаковать?
3134	Script/Mod_ShuMercs/PlayerMercsStrikeGroup/CandidatesList/Class1/1/Description	Имя: <Name>
3135	Script/Mod_ShuMercs/PlayerMercsStrikeGroup/CandidatesList/Class1/1/Description	Резюме: Работал плазмопроводчиком вместе со своим безвременно почившим братом. Утверждает, будто бы его брата съел огнедышащий дракон, когда тот пытался спасти фэянскую принцессу. После потери брата пытался записаться на звёздный флот, но медкомиссия признала его душевнобольным. Если закрыть глаза на весь его горячечный бред, то, в целом, достойный кандидат.
3136	Script/Mod_ShuMercs/PlayerMercsStrikeGroup/CandidatesList/Class1/1/Description	Класс: <clr>Опытный<clrEnd>
3137	Script/Mod_ShuMercs/PlayerMercsStrikeGroup/CandidatesList/Class1/1/Description	Стоимость найма: <Cost> cr.
3139	Script/Mod_ShuMercs/PlayerMercsStrikeGroup/CandidatesList/Class1/1/Name	Луирио
3140	Script/Mod_ShuMercs/PlayerMercsStrikeGroup/CandidatesList/Class1/1/NameInGenitive	Луирио
3144	Script/Mod_ShuMercs/PlayerMercsStrikeGroup/CandidatesList/Class1/10/Description	Имя: <Name>
3145	Script/Mod_ShuMercs/PlayerMercsStrikeGroup/CandidatesList/Class1/10/Description	Резюме: Торгаш до мозга костей. Хоть убей, не пойму, чего ему вообще приспичило записаться в наёмники. Пока стоял в очереди, сумел перепродать нашим постовым их же собственное оружие по двойной цене. Уникальный пеленг! Хотя воевать не умеет абсолютно.
3146	Script/Mod_ShuMercs/PlayerMercsStrikeGroup/CandidatesList/Class1/10/Description	Класс: <clr>Опытный<clrEnd>
3147	Script/Mod_ShuMercs/PlayerMercsStrikeGroup/CandidatesList/Class1/10/Description	Стоимость найма: <Cost> cr.
3149	Script/Mod_ShuMercs/PlayerMercsStrikeGroup/CandidatesList/Class1/10/Name	Шойша
3150	Script/Mod_ShuMercs/PlayerMercsStrikeGroup/CandidatesList/Class1/10/NameInGenitive	Шойшу
3154	Script/Mod_ShuMercs/PlayerMercsStrikeGroup/CandidatesList/Class1/11/Description	Имя: <Name>
3155	Script/Mod_ShuMercs/PlayerMercsStrikeGroup/CandidatesList/Class1/11/Description	Резюме: Печальная история о парне, который просто очень любил свистеть в закрытых помещениях. Он свистел так часто и с такой страстью, что в конечном итоге лишился всего: состояния, дома, семьи... даже любимой собаки. Оставшись на обочине жизни, он решил с горя податься в солдаты удачи, где и пребывает по сей день, в надежде однажды вернуть себе былое счастье.
3156	Script/Mod_ShuMercs/PlayerMercsStrikeGroup/CandidatesList/Class1/11/Description	Класс: <clr>Опытный<clrEnd>
3157	Script/Mod_ShuMercs/PlayerMercsStrikeGroup/CandidatesList/Class1/11/Description	Стоимость найма: <Cost> cr.
3159	Script/Mod_ShuMercs/PlayerMercsStrikeGroup/CandidatesList/Class1/11/Name	Просвистелкин
3160	Script/Mod_ShuMercs/PlayerMercsStrikeGroup/CandidatesList/Class1/11/NameInGenitive	Просвистелкина
3164	Script/Mod_ShuMercs/PlayerMercsStrikeGroup/CandidatesList/Class1/2/Description	Имя: <Name>
3165	Script/Mod_ShuMercs/PlayerMercsStrikeGroup/CandidatesList/Class1/2/Description	Резюме: Утверждает, что сидит исключительно на грунтовой диете. На наш запрос центр наёмников прислал его персональное досье, в котором было написано всего три слова: "Он ест грунт". Команды выполняет хорошо, на зарплату жаловаться определённо не станет.
3166	Script/Mod_ShuMercs/PlayerMercsStrikeGroup/CandidatesList/Class1/2/Description	Класс: <clr>Опытный<clrEnd>
3167	Script/Mod_ShuMercs/PlayerMercsStrikeGroup/CandidatesList/Class1/2/Description	Стоимость найма: <Cost> cr.
3169	Script/Mod_ShuMercs/PlayerMercsStrikeGroup/CandidatesList/Class1/2/Name	Грунт
3170	Script/Mod_ShuMercs/PlayerMercsStrikeGroup/CandidatesList/Class1/2/NameInGenitive	Грунта
3172	Script/Mod_ShuMercs/PlayerMercsStrikeGroup/CandidatesList/Class1/2/PersonalPhrases/AreLeavingByPlayerHit	Я ЕМ ГРУНТ!!!
3173	Script/Mod_ShuMercs/PlayerMercsStrikeGroup/CandidatesList/Class1/2/PersonalPhrases/AtEasy	Я ем грунт!!!
3174	Script/Mod_ShuMercs/PlayerMercsStrikeGroup/CandidatesList/Class1/2/PersonalPhrases/AtEasyNoTargets	Я ем грунт.
3175	Script/Mod_ShuMercs/PlayerMercsStrikeGroup/CandidatesList/Class1/2/PersonalPhrases/AtEasyRogerRoger	Я ем грунт.
3176	Script/Mod_ShuMercs/PlayerMercsStrikeGroup/CandidatesList/Class1/2/PersonalPhrases/AttackAll	Я ем грунт!!! Я ем грунт!!!
3177	Script/Mod_ShuMercs/PlayerMercsStrikeGroup/CandidatesList/Class1/2/PersonalPhrases/AttackOne	Я ем грунт!
3178	Script/Mod_ShuMercs/PlayerMercsStrikeGroup/CandidatesList/Class1/2/PersonalPhrases/AttackWhat	Я ем грунт?
3179	Script/Mod_ShuMercs/PlayerMercsStrikeGroup/CandidatesList/Class1/2/PersonalPhrases/DefendingHQStar	Я! ЕМ! ГРУУУНТ!!!
3180	Script/Mod_ShuMercs/PlayerMercsStrikeGroup/CandidatesList/Class1/2/PersonalPhrases/DontTakeAwayMyEngineBoss	Я ем грунт!
3181	Script/Mod_ShuMercs/PlayerMercsStrikeGroup/CandidatesList/Class1/2/PersonalPhrases/DontTakeAwayMyFuelTankBoss	Я ем грунт!
3182	Script/Mod_ShuMercs/PlayerMercsStrikeGroup/CandidatesList/Class1/2/PersonalPhrases/DontTakeAwayMyLastGunBoss	Я ем грунт!!!
3183	Script/Mod_ShuMercs/PlayerMercsStrikeGroup/CandidatesList/Class1/2/PersonalPhrases/FollowAll	Я ем грунт!!! Я ем грунт!!!
3184	Script/Mod_ShuMercs/PlayerMercsStrikeGroup/CandidatesList/Class1/2/PersonalPhrases/FollowOne	Я ем грунт!
3185	Script/Mod_ShuMercs/PlayerMercsStrikeGroup/CandidatesList/Class1/2/PersonalPhrases/GroupHasArrived	Я ем грунт!
3186	Script/Mod_ShuMercs/PlayerMercsStrikeGroup/CandidatesList/Class1/2/PersonalPhrases/GroupIsReturning	Я ем грунт.
3187	Script/Mod_ShuMercs/PlayerMercsStrikeGroup/CandidatesList/Class1/2/PersonalPhrases/HelpRogerRoger	Я ем грунт!!!
3188	Script/Mod_ShuMercs/PlayerMercsStrikeGroup/CandidatesList/Class1/2/PersonalPhrases/HelpWhoToShootAt	Я ем грунт?
3189	Script/Mod_ShuMercs/PlayerMercsStrikeGroup/CandidatesList/Class1/2/PersonalPhrases/IAmOverloadedBoss	Я ем грунт!!!
3190	Script/Mod_ShuMercs/PlayerMercsStrikeGroup/CandidatesList/Class1/2/PersonalPhrases/IHaveMaxTrancsBoss	Я ем грунт!
3191	Script/Mod_ShuMercs/PlayerMercsStrikeGroup/CandidatesList/Class1/2/PersonalPhrases/IsItGroupOrder	Я ем грунт??
3192	Script/Mod_ShuMercs/PlayerMercsStrikeGroup/CandidatesList/Class1/2/PersonalPhrases/IsItGroupOrderStrike	Я ем грунт??
3193	Script/Mod_ShuMercs/PlayerMercsStrikeGroup/CandidatesList/Class1/2/PersonalPhrases/NotEnoughTechSkillForTrancsBoss	Я ем грунт.
3194	Script/Mod_ShuMercs/PlayerMercsStrikeGroup/CandidatesList/Class1/2/PersonalPhrases/OrderToReturn	Я ем грунт!
3195	Script/Mod_ShuMercs/PlayerMercsStrikeGroup/CandidatesList/Class1/2/PersonalPhrases/PlayerCallAtEasy	Благодарю за помощь, но можешь уже оставить <TargetShip> в покое, он меня больше не интересует
3196	Script/Mod_ShuMercs/PlayerMercsStrikeGroup/CandidatesList/Class1/2/PersonalPhrases/PlayerCallForHelp	Мне нужна твоя помощь в бою
3197	Script/Mod_ShuMercs/PlayerMercsStrikeGroup/CandidatesList/Class1/2/PersonalPhrases/PlayerCallForHelpWith	Мне нужна твоя помощь в бою с <TargetShip>
3198	Script/Mod_ShuMercs/PlayerMercsStrikeGroup/CandidatesList/Class1/2/PersonalPhrases/PlayerNoItsPersonal	Этот приказ я отдаю тебе лично, Грунт. Справишься?
3199	Script/Mod_ShuMercs/PlayerMercsStrikeGroup/CandidatesList/Class1/2/PersonalPhrases/PlayerNoItsPersonalStrike	Этот приказ я отдаю тебе лично, Грунт. Справишься?
3200	Script/Mod_ShuMercs/PlayerMercsStrikeGroup/CandidatesList/Class1/2/PersonalPhrases/PlayerOrderAtEasy	Передай всем, чтобы вступали в бой с любыми враждебными целями в системе, Грунт. Пожалуйста...
3201	Script/Mod_ShuMercs/PlayerMercsStrikeGroup/CandidatesList/Class1/2/PersonalPhrases/PlayerOrderAttack	Приказываю атаковать указанный корабль...
3202	Script/Mod_ShuMercs/PlayerMercsStrikeGroup/CandidatesList/Class1/2/PersonalPhrases/PlayerOrderAttackOn	Приказываю начать атаку на <TargetShip>
3203	Script/Mod_ShuMercs/PlayerMercsStrikeGroup/CandidatesList/Class1/2/PersonalPhrases/PlayerOrderFollowMe	Приказываю бросить все прочие дела и следовать за мной
3204	Script/Mod_ShuMercs/PlayerMercsStrikeGroup/CandidatesList/Class1/2/PersonalPhrases/PlayerOrderToReturn	Возвращайтесь обратно в штаб... И ты тоже, Грунт.
3205	Script/Mod_ShuMercs/PlayerMercsStrikeGroup/CandidatesList/Class1/2/PersonalPhrases/PlayerYesItsForGroup	Это приказ для всех, с каждым отдельно я общаться не намерен. Ты ведь меня понял, Грунт?
3206	Script/Mod_ShuMercs/PlayerMercsStrikeGroup/CandidatesList/Class1/2/PersonalPhrases/PlayerYesItsForGroupStrike	Эмм... Сможешь передать этот приказ всей остальной группе, так ведь?
3207	Script/Mod_ShuMercs/PlayerMercsStrikeGroup/CandidatesList/Class1/2/PersonalPhrases/ReturningFromDefendingHQStar	Я ем грунт.
3208	Script/Mod_ShuMercs/PlayerMercsStrikeGroup/CandidatesList/Class1/2/PersonalPhrases/TalkBegin	Я ем грунт?
3213	Script/Mod_ShuMercs/PlayerMercsStrikeGroup/CandidatesList/Class1/3/Description	Имя: <Name>
3214	Script/Mod_ShuMercs/PlayerMercsStrikeGroup/CandidatesList/Class1/3/Description	Резюме: Великий шахматист, оплативший полную криозаморозку, чтобы своими глазами увидеть мир будущего. Мир будущего настал, но едва размороженный гроссмейстер получил счёт за содержание криокапсулы в течение доброй тысячи лет, как тут же смотал ноги и подался на полулегальные наёмничьи хлеба. Мы-то с них справку об отсутствии судимостей не берём, хе-хе.
3215	Script/Mod_ShuMercs/PlayerMercsStrikeGroup/CandidatesList/Class1/3/Description	Класс: <clr>Опытный<clrEnd>
3216	Script/Mod_ShuMercs/PlayerMercsStrikeGroup/CandidatesList/Class1/3/Description	Стоимость найма: <Cost> cr.
3218	Script/Mod_ShuMercs/PlayerMercsStrikeGroup/CandidatesList/Class1/3/Name	Карспаров
3219	Script/Mod_ShuMercs/PlayerMercsStrikeGroup/CandidatesList/Class1/3/NameInGenitive	Карспарова
3223	Script/Mod_ShuMercs/PlayerMercsStrikeGroup/CandidatesList/Class1/4/Description	Имя: <Name>
3224	Script/Mod_ShuMercs/PlayerMercsStrikeGroup/CandidatesList/Class1/4/Description	Резюме: В прошлом звезда крупного стереосериала. Настолько вжился в роль, что сам превратился в персонажа, которого играл, за что в конечном итоге и был уволен. Тип немного эксцентричный, и я бы ни за что не предложил тебе его кандидатуру, если бы он на коленях вместе со своим плюшевым медведем не умолял нас три часа подряд принять его в наёмничьи ряды.
3225	Script/Mod_ShuMercs/PlayerMercsStrikeGroup/CandidatesList/Class1/4/Description	Класс: <clr>Опытный<clrEnd>
3226	Script/Mod_ShuMercs/PlayerMercsStrikeGroup/CandidatesList/Class1/4/Description	Стоимость найма: <Cost> cr.
3228	Script/Mod_ShuMercs/PlayerMercsStrikeGroup/CandidatesList/Class1/4/Name	Мистер Крин
3229	Script/Mod_ShuMercs/PlayerMercsStrikeGroup/CandidatesList/Class1/4/NameInGenitive	Мистера Крина
3233	Script/Mod_ShuMercs/PlayerMercsStrikeGroup/CandidatesList/Class1/5/Description	Имя: <Name>
3234	Script/Mod_ShuMercs/PlayerMercsStrikeGroup/CandidatesList/Class1/5/Description	Резюме: Создатель линейки гравикаров, работающих на принципе кубербуленции ионного топлива. Был миллиардером, пока не принялся вкладывать деньги в безумные колонизационные проекты планет класса "Чёртова дыра". Ради очередной безуспешной попытки заселить такую, продал свою компанию и среднюю почку, но поскольку и этого распильщикам бюджета оказалось мало, пришёл зарабатывать на новые инвестиции к нам.
3235	Script/Mod_ShuMercs/PlayerMercsStrikeGroup/CandidatesList/Class1/5/Description	Класс: <clr>Опытный<clrEnd>
3236	Script/Mod_ShuMercs/PlayerMercsStrikeGroup/CandidatesList/Class1/5/Description	Стоимость найма: <Cost> cr.
3238	Script/Mod_ShuMercs/PlayerMercsStrikeGroup/CandidatesList/Class1/5/Name	Оон-Траск
3239	Script/Mod_ShuMercs/PlayerMercsStrikeGroup/CandidatesList/Class1/5/NameInGenitive	Оон-Траска
3243	Script/Mod_ShuMercs/PlayerMercsStrikeGroup/CandidatesList/Class1/6/Description	Имя: <Name>
3244	Script/Mod_ShuMercs/PlayerMercsStrikeGroup/CandidatesList/Class1/6/Description	Резюме: Мой давний кореш. Он так-то простой фермер - пенчекряков разводит, но уже давненько жаловался, что ему осточертела вся эта скучная деревенская жизнь. Захотел, понимаешь, настоящих приключений пацан. В отряде он тебе проблем не доставит - лично за него ручаюсь.
3245	Script/Mod_ShuMercs/PlayerMercsStrikeGroup/CandidatesList/Class1/6/Description	Класс: <clr>Опытный<clrEnd>
3246	Script/Mod_ShuMercs/PlayerMercsStrikeGroup/CandidatesList/Class1/6/Description	Стоимость найма: <Cost> cr.
3248	Script/Mod_ShuMercs/PlayerMercsStrikeGroup/CandidatesList/Class1/6/Name	Рябчехан
3249	Script/Mod_ShuMercs/PlayerMercsStrikeGroup/CandidatesList/Class1/6/NameInGenitive	Рябчехана
3253	Script/Mod_ShuMercs/PlayerMercsStrikeGroup/CandidatesList/Class1/7/Description	Имя: <Name>
3254	Script/Mod_ShuMercs/PlayerMercsStrikeGroup/CandidatesList/Class1/7/Description	Резюме: Сердобольный дальнобойщик, которому надоело жить от зарплаты до зарплаты, питаться гобширкаками и подвозить фэянских попутчиц... или попутчиков. От остальных кандидатов отличается пониманием ключевого различия между бластером и резаком.
3255	Script/Mod_ShuMercs/PlayerMercsStrikeGroup/CandidatesList/Class1/7/Description	Класс: <clr>Опытный<clrEnd>
3256	Script/Mod_ShuMercs/PlayerMercsStrikeGroup/CandidatesList/Class1/7/Description	Стоимость найма: <Cost> cr.
3258	Script/Mod_ShuMercs/PlayerMercsStrikeGroup/CandidatesList/Class1/7/Name	Михойлыч
3259	Script/Mod_ShuMercs/PlayerMercsStrikeGroup/CandidatesList/Class1/7/NameInGenitive	Михойлыча
3263	Script/Mod_ShuMercs/PlayerMercsStrikeGroup/CandidatesList/Class1/8/Description	Имя: <Name>
3264	Script/Mod_ShuMercs/PlayerMercsStrikeGroup/CandidatesList/Class1/8/Description	Резюме: Выдающийся учёный с планеты <clr>Арнарик Гаудад<clrEnd>. Вывел формулу, по которой можно с точностью до занозы определить шероховатость любой деревянной табуретки, а также выдвинул провокационную гипотезу "О замещении трёх табуреток одной скамейкой". Поскольку у малоков любая гипотеза должна подтверждаться прикладным экспериментом, решил временно податься к нам для укрепления практической стороны научных изысканий.
3265	Script/Mod_ShuMercs/PlayerMercsStrikeGroup/CandidatesList/Class1/8/Description	Класс: <clr>Опытный<clrEnd>
3266	Script/Mod_ShuMercs/PlayerMercsStrikeGroup/CandidatesList/Class1/8/Description	Стоимость найма: <Cost> cr.
3268	Script/Mod_ShuMercs/PlayerMercsStrikeGroup/CandidatesList/Class1/8/Name	Думберт Гумбей
3269	Script/Mod_ShuMercs/PlayerMercsStrikeGroup/CandidatesList/Class1/8/NameInGenitive	Думберта Гумбея
3273	Script/Mod_ShuMercs/PlayerMercsStrikeGroup/CandidatesList/Class1/9/Description	Имя: <Name>
3274	Script/Mod_ShuMercs/PlayerMercsStrikeGroup/CandidatesList/Class1/9/Description	Резюме: В прошлом работал послом планеты <clr>Эйпентак<clrEnd>. На собственной шкуре убедился, что мирно урегулировать конфликт возможно далеко не всегда. После восемнадцатого ограбления был уволен с должности. Все оставшиеся деньги потратил на абонемент в тир, благодаря чему сдал мои вступительные нормативы на минимальный балл.
3275	Script/Mod_ShuMercs/PlayerMercsStrikeGroup/CandidatesList/Class1/9/Description	Класс: <clr>Опытный<clrEnd>
3276	Script/Mod_ShuMercs/PlayerMercsStrikeGroup/CandidatesList/Class1/9/Description	Стоимость найма: <Cost> cr.
3278	Script/Mod_ShuMercs/PlayerMercsStrikeGroup/CandidatesList/Class1/9/Name	Кеофирлис
3279	Script/Mod_ShuMercs/PlayerMercsStrikeGroup/CandidatesList/Class1/9/NameInGenitive	Кеофирлиса
3286	Script/Mod_ShuMercs/PlayerMercsStrikeGroup/CandidatesList/Class2/1/Description	Имя: <Name>
3287	Script/Mod_ShuMercs/PlayerMercsStrikeGroup/CandidatesList/Class2/1/Description	Резюме: Бывший контрабандист, сумевший провезти несколько десятков тонн бижутерии на <clr>Рамгатру<clrEnd> под видом плазменных гильз и ружейного масла. Также протащил через пиратский кордон легендарное кольцо <clr>Рачехана<clrEnd>, которое почти всю дорогу известнейший пират галактики носил на третьем пальце четвертой руки. Везучий чудик, одним словом - таких ещё поискать.
3288	Script/Mod_ShuMercs/PlayerMercsStrikeGroup/CandidatesList/Class2/1/Description	Класс: <clr>Ветеран<clrEnd>
3289	Script/Mod_ShuMercs/PlayerMercsStrikeGroup/CandidatesList/Class2/1/Description	Стоимость найма: <Cost> cr.
3291	Script/Mod_ShuMercs/PlayerMercsStrikeGroup/CandidatesList/Class2/1/Name	Цука Щупкин
3292	Script/Mod_ShuMercs/PlayerMercsStrikeGroup/CandidatesList/Class2/1/NameInGenitive	Цуку Щупкина
3296	Script/Mod_ShuMercs/PlayerMercsStrikeGroup/CandidatesList/Class2/2/Description	Имя: <Name>
3297	Script/Mod_ShuMercs/PlayerMercsStrikeGroup/CandidatesList/Class2/2/Description	Резюме: Заядлый любитель космосимуляторов, а, в прошлом, известный скалолаз. В детстве лишился ног после "несчастного случая" с подглядыванием за малокскими молодожёнами. Теперь он просто любитель космосимуляторов. И хотя рукопашный боец из него никудышный, в роли пилота он продемонстрировал впечатляющие результаты на всех наших тестах.
3298	Script/Mod_ShuMercs/PlayerMercsStrikeGroup/CandidatesList/Class2/2/Description	Класс: <clr>Ветеран<clrEnd>
3299	Script/Mod_ShuMercs/PlayerMercsStrikeGroup/CandidatesList/Class2/2/Description	Стоимость найма: <Cost> cr.
3301	Script/Mod_ShuMercs/PlayerMercsStrikeGroup/CandidatesList/Class2/2/Name	Хванцон Жмарк
3302	Script/Mod_ShuMercs/PlayerMercsStrikeGroup/CandidatesList/Class2/2/NameInGenitive	Хванцона Жмарка
3306	Script/Mod_ShuMercs/PlayerMercsStrikeGroup/CandidatesList/Class2/3/Description	Имя: <Name>
3307	Script/Mod_ShuMercs/PlayerMercsStrikeGroup/CandidatesList/Class2/3/Description	Резюме: Очень добр и дружелюбен. Даже слишком. После недолгого общения с ним я на какое-то время захотел сделать пожертвование в пользу фонда помощи семьям, пострадавшим в войне с доминаторами, построить небольшой домик у озера и стать рыбаком. Помимо этого обладает отменной реакцией и превосходными боевыми навыками.
3308	Script/Mod_ShuMercs/PlayerMercsStrikeGroup/CandidatesList/Class2/3/Description	Класс: <clr>Ветеран<clrEnd>
3309	Script/Mod_ShuMercs/PlayerMercsStrikeGroup/CandidatesList/Class2/3/Description	Стоимость найма: <Cost> cr.
3311	Script/Mod_ShuMercs/PlayerMercsStrikeGroup/CandidatesList/Class2/3/Name	Даа-Руто
3312	Script/Mod_ShuMercs/PlayerMercsStrikeGroup/CandidatesList/Class2/3/NameInGenitive	Даа-Руто
3316	Script/Mod_ShuMercs/PlayerMercsStrikeGroup/CandidatesList/Class2/4/Description	Имя: <Name>
3317	Script/Mod_ShuMercs/PlayerMercsStrikeGroup/CandidatesList/Class2/4/Description	Резюме: По его собственному утверждению, в прошлой жизни являлся адмиралом флота какой-то могущественной галактической империи. В этой жизни является продавцом стереовизоров, однако продемонстрировал незаурядные задатки боевого пилота во время пробной симуляции, за что и попал в этот список.
3318	Script/Mod_ShuMercs/PlayerMercsStrikeGroup/CandidatesList/Class2/4/Description	Класс: <clr>Ветеран<clrEnd>
3319	Script/Mod_ShuMercs/PlayerMercsStrikeGroup/CandidatesList/Class2/4/Description	Стоимость найма: <Cost> cr.
3321	Script/Mod_ShuMercs/PlayerMercsStrikeGroup/CandidatesList/Class2/4/Name	Онилкин
3322	Script/Mod_ShuMercs/PlayerMercsStrikeGroup/CandidatesList/Class2/4/NameInGenitive	Онилкина
3326	Script/Mod_ShuMercs/PlayerMercsStrikeGroup/CandidatesList/Class2/5/Description	Имя: <Name>
3327	Script/Mod_ShuMercs/PlayerMercsStrikeGroup/CandidatesList/Class2/5/Description	Резюме: Пират в отставке. Решил завязать с карьерой грозы лайнеров и торгашей из-за неразделенной любви, но больше двух дней без боя продержаться не смог. Ну а потом неумолимая жажда приключений привела его прямиком на наш порог. Как говорится: можно выбить малока из драки, но драку из малока - никогда.
3328	Script/Mod_ShuMercs/PlayerMercsStrikeGroup/CandidatesList/Class2/5/Description	Класс: <clr>Ветеран<clrEnd>
3329	Script/Mod_ShuMercs/PlayerMercsStrikeGroup/CandidatesList/Class2/5/Description	Стоимость найма: <Cost> cr.
3331	Script/Mod_ShuMercs/PlayerMercsStrikeGroup/CandidatesList/Class2/5/Name	Драк Вмордубей
3332	Script/Mod_ShuMercs/PlayerMercsStrikeGroup/CandidatesList/Class2/5/NameInGenitive	Драка Вмордубея
3336	Script/Mod_ShuMercs/PlayerMercsStrikeGroup/CandidatesList/Class2/6/Description	Имя: <Name>
3337	Script/Mod_ShuMercs/PlayerMercsStrikeGroup/CandidatesList/Class2/6/Description	Резюме: Работал крупье в подпольном казино на <clr>Эйпентаке<clrEnd>. Казино прикрыли, а всем бывшим сотрудникам поставили метку в досье, из-за которой путь в любые военные структуры для них заказан. На выбор оставались только пиратство да наёмничество. На тестах показал, что крутить штурвал у него выходит не хуже, чем тасовать краплёные карты.
3338	Script/Mod_ShuMercs/PlayerMercsStrikeGroup/CandidatesList/Class2/6/Description	Класс: <clr>Ветеран<clrEnd>
3339	Script/Mod_ShuMercs/PlayerMercsStrikeGroup/CandidatesList/Class2/6/Description	Стоимость найма: <Cost> cr.
3341	Script/Mod_ShuMercs/PlayerMercsStrikeGroup/CandidatesList/Class2/6/Name	Гвирилти
3342	Script/Mod_ShuMercs/PlayerMercsStrikeGroup/CandidatesList/Class2/6/NameInGenitive	Гвирилти
3346	Script/Mod_ShuMercs/PlayerMercsStrikeGroup/CandidatesList/Class2/7/Description	Имя: <Name>
3347	Script/Mod_ShuMercs/PlayerMercsStrikeGroup/CandidatesList/Class2/7/Description	Резюме: Крайне известная персона на галактической сцене - уже немолодой актёр голотеатра, кино и озвучки, которому не повезло сняться в слишком острой социальной сатире. Но актёр не растерялся и решил "тряхнуть стариной". Я навёл справки, шеф: в молодости он отучился в Академии, участвовал в нескольких антипиратских операциях, а после из-за проблем со здоровьем перевёлся в разведку. Ценный "актив", скажу я вам!
3348	Script/Mod_ShuMercs/PlayerMercsStrikeGroup/CandidatesList/Class2/7/Description	Класс: <clr>Ветеран<clrEnd>
3349	Script/Mod_ShuMercs/PlayerMercsStrikeGroup/CandidatesList/Class2/7/Description	Стоимость найма: <Cost> cr.
3351	Script/Mod_ShuMercs/PlayerMercsStrikeGroup/CandidatesList/Class2/7/Name	Кристобаль Лий
3352	Script/Mod_ShuMercs/PlayerMercsStrikeGroup/CandidatesList/Class2/7/NameInGenitive	Кристобаля Лия
3359	Script/Mod_ShuMercs/PlayerMercsStrikeGroup/CandidatesList/Class3/1/Description	Имя: <Name>
3360	Script/Mod_ShuMercs/PlayerMercsStrikeGroup/CandidatesList/Class3/1/Description	Резюме: Легендарный агент Дзухаллага, отправленный на пенсию лишь после пятнадцатого провала попытки похищения фэянского автономного шагохода с испытательного полигона. Его блестящая репутация говорит сама за себя.
3361	Script/Mod_ShuMercs/PlayerMercsStrikeGroup/CandidatesList/Class3/1/Description	Класс: <clr>Элита<clrEnd>
3362	Script/Mod_ShuMercs/PlayerMercsStrikeGroup/CandidatesList/Class3/1/Description	Стоимость найма: <Cost> cr.
3364	Script/Mod_ShuMercs/PlayerMercsStrikeGroup/CandidatesList/Class3/1/Name	Квонд
3365	Script/Mod_ShuMercs/PlayerMercsStrikeGroup/CandidatesList/Class3/1/NameInGenitive	Квонда
3369	Script/Mod_ShuMercs/PlayerMercsStrikeGroup/CandidatesList/Class3/2/Description	Имя: <Name>
3370	Script/Mod_ShuMercs/PlayerMercsStrikeGroup/CandidatesList/Class3/2/Description	Резюме: Настоящий пс... профи. Убил всех претендентов в очереди перед собой, только чтобы не ждать. Стреляет единожды и всегда точно в голову. Если не захочешь его нанимать, то потрудись хотя бы выдумать какую-то вескую причину, иначе на одного твоего помощника в штабе скоро станет меньше.
3371	Script/Mod_ShuMercs/PlayerMercsStrikeGroup/CandidatesList/Class3/2/Description	Класс: <clr>Элита<clrEnd>
3372	Script/Mod_ShuMercs/PlayerMercsStrikeGroup/CandidatesList/Class3/2/Description	Стоимость найма: <Cost> cr.
3374	Script/Mod_ShuMercs/PlayerMercsStrikeGroup/CandidatesList/Class3/2/Name	Шаббат
3375	Script/Mod_ShuMercs/PlayerMercsStrikeGroup/CandidatesList/Class3/2/NameInGenitive	Шаббата
3379	Script/Mod_ShuMercs/PlayerMercsStrikeGroup/CandidatesList/Class3/3/Description	Имя: <Name>
3380	Script/Mod_ShuMercs/PlayerMercsStrikeGroup/CandidatesList/Class3/3/Description	Резюме: Поговаривали, что он давным-давно помер, но, как видишь, обивает наши пороги во вполне себе добром здравии. Этот малок сумел в одиночку пробраться через кишащую пиратскими отбросами планету-тюрьму и вызволить высокопоставленного коалиционного адмирала из лап местного заправилы.
3381	Script/Mod_ShuMercs/PlayerMercsStrikeGroup/CandidatesList/Class3/3/Description	Класс: <clr>Элита<clrEnd>
3382	Script/Mod_ShuMercs/PlayerMercsStrikeGroup/CandidatesList/Class3/3/Description	Стоимость найма: <Cost> cr.
3384	Script/Mod_ShuMercs/PlayerMercsStrikeGroup/CandidatesList/Class3/3/Name	Джейк Финскин
3385	Script/Mod_ShuMercs/PlayerMercsStrikeGroup/CandidatesList/Class3/3/NameInGenitive	Джейка Финскина
3389	Script/Mod_ShuMercs/PlayerMercsStrikeGroup/CandidatesList/Class3/4/Description	Имя: <Name>
3390	Script/Mod_ShuMercs/PlayerMercsStrikeGroup/CandidatesList/Class3/4/Description	Резюме: Странное имечко, да? Когда я спросил парня про его кличку, тот громко заверещал что-то про скорость и про сверхсилы, дарованные ему початком... Как бы там ни было, но своих врагов этот "любитель фастфуда" разделывает и впрямь очень быстро.
3391	Script/Mod_ShuMercs/PlayerMercsStrikeGroup/CandidatesList/Class3/4/Description	Класс: <clr>Элита<clrEnd>
3392	Script/Mod_ShuMercs/PlayerMercsStrikeGroup/CandidatesList/Class3/4/Description	Стоимость найма: <Cost> cr.
3394	Script/Mod_ShuMercs/PlayerMercsStrikeGroup/CandidatesList/Class3/4/Name	Турбожмых
3395	Script/Mod_ShuMercs/PlayerMercsStrikeGroup/CandidatesList/Class3/4/NameInGenitive	Турбожмыха
3399	Script/Mod_ShuMercs/PlayerMercsStrikeGroup/CandidatesList/Class3/5/Description	Имя: <Name>
3400	Script/Mod_ShuMercs/PlayerMercsStrikeGroup/CandidatesList/Class3/5/Description	Резюме: О-очень старый гаалец. По меркам представителей других рас так даже суперстарый! Никто из ныне живущих не знает его точного возраста. Одни доктора утверждают, что ему больше полуторасотни, другие - что он и вовсе застал времена первого контакта с махпеллой. Наверняка можно сказать лишь одно - навыки пилотирования звездолёта у него отменные. На вопрос: "Зачем вы пришли к нам?" - ответил, что хочет "познать пацифизм через призму алчности и беспринципности"... А ещё добавил, что у него квартира в ипотеке.
3401	Script/Mod_ShuMercs/PlayerMercsStrikeGroup/CandidatesList/Class3/5/Description	Класс: <clr>Элита<clrEnd>
3402	Script/Mod_ShuMercs/PlayerMercsStrikeGroup/CandidatesList/Class3/5/Description	Стоимость найма: <Cost> cr.
3404	Script/Mod_ShuMercs/PlayerMercsStrikeGroup/CandidatesList/Class3/5/Name	Деру-Ун
3405	Script/Mod_ShuMercs/PlayerMercsStrikeGroup/CandidatesList/Class3/5/NameInGenitive	Деру-Уна
3409	Script/Mod_ShuMercs/PlayerMercsStrikeGroup/CandidatesList/Class3/6/Description	Имя: <Name>
3410	Script/Mod_ShuMercs/PlayerMercsStrikeGroup/CandidatesList/Class3/6/Description	Резюме: Крайне мутный тип. Никакой информации в Галанете по нему просто не существует. Общается со мной удалённо синтезированным голосом, да и вживую его вне корабля никто из наших не видел. Тем не менее, на лётных испытаниях продемонстрировал высочайший класс, за что был записан в кандидаты, несмотря на отсутствие какой-либо биографии.
3411	Script/Mod_ShuMercs/PlayerMercsStrikeGroup/CandidatesList/Class3/6/Description	Класс: <clr>Элита<clrEnd>
3412	Script/Mod_ShuMercs/PlayerMercsStrikeGroup/CandidatesList/Class3/6/Description	Стоимость найма: <Cost> cr.
3414	Script/Mod_ShuMercs/PlayerMercsStrikeGroup/CandidatesList/Class3/6/Name	В
3415	Script/Mod_ShuMercs/PlayerMercsStrikeGroup/CandidatesList/Class3/6/NameInGenitive	В
3419	Script/Mod_ShuMercs/PlayerMercsStrikeGroup/CandidatesList/Class3/7/Description	Имя: <Name>
3420	Script/Mod_ShuMercs/PlayerMercsStrikeGroup/CandidatesList/Class3/7/Description	Резюме: Ничего толком не могу сказать про этого парня, кроме того, что пилот он отменный, а ещё пугает меня одним своим видом просто до чёртиков. Полагаю, таких головорезов лучше иметь на своей стороне, когда нагрянет крупная заваруха.
3421	Script/Mod_ShuMercs/PlayerMercsStrikeGroup/CandidatesList/Class3/7/Description	Класс: <clr>Элита<clrEnd>
3422	Script/Mod_ShuMercs/PlayerMercsStrikeGroup/CandidatesList/Class3/7/Description	Стоимость найма: <Cost> cr.
3424	Script/Mod_ShuMercs/PlayerMercsStrikeGroup/CandidatesList/Class3/7/Name	Пеен-Умбра
3425	Script/Mod_ShuMercs/PlayerMercsStrikeGroup/CandidatesList/Class3/7/NameInGenitive	Пеен-Умбру
3429	Script/Mod_ShuMercs/PlayerMercsStrikeGroup/CandidatesList/Class3/8/Description	Имя: <Name>
3430	Script/Mod_ShuMercs/PlayerMercsStrikeGroup/CandidatesList/Class3/8/Description	Резюме: Гениальный пиратский стратег и первоклассный пилот. Благодаря его таланту и хорошим организаторским способностям пиратский клан выиграл не одно сражение, в том числе в системе <clr>Элга<clrEnd>, где нескольким устаревшим клановым корытам противостояла хорошо вооружённая Коалиционная эскадра. Один из практиков стратегии <clr>"молниеносной войны"<clrEnd>. Не вписавшись в интриги в руководстве Клана, принял решение скрыться за чьей-то влиятельной тенью - например, нашей.
3431	Script/Mod_ShuMercs/PlayerMercsStrikeGroup/CandidatesList/Class3/8/Description	Класс: <clr>Элита<clrEnd>
3432	Script/Mod_ShuMercs/PlayerMercsStrikeGroup/CandidatesList/Class3/8/Description	Стоимость найма: <Cost> cr.
3434	Script/Mod_ShuMercs/PlayerMercsStrikeGroup/CandidatesList/Class3/8/Name	Ёкарин Роммеус
3435	Script/Mod_ShuMercs/PlayerMercsStrikeGroup/CandidatesList/Class3/8/NameInGenitive	Ёкарина Роммеуса
3441	Script/Mod_ShuMercs/PlayerMercsStrikeGroup/DefendingHQStar	В системе замечены вражеские корабли, босс. Я готовлюсь занять позицию для обороны штаба. Битва обещает быть жаркой!
3442	Script/Mod_ShuMercs/PlayerMercsStrikeGroup/DontTakeAwayMyEngineBoss	Пожалуйста, босс, не забирайте мой <clr>двигатель<clrEnd>.
3443	Script/Mod_ShuMercs/PlayerMercsStrikeGroup/DontTakeAwayMyEngineBoss	Без него я даже взлететь
3444	Script/Mod_ShuMercs/PlayerMercsStrikeGroup/DontTakeAwayMyEngineBoss	не смогу!
3445	Script/Mod_ShuMercs/PlayerMercsStrikeGroup/DontTakeAwayMyFuelTankBoss	Пожалуйста, босс, не забирайте мой <clr>топливный бак<clrEnd>. Он у меня всего один.
3446	Script/Mod_ShuMercs/PlayerMercsStrikeGroup/DontTakeAwayMyLastGunBoss	Пожалуйста, босс, не забирайте мою <clr>последнюю пушку<clrEnd>! Чем потом прикажете прикрывать вас в бою?
3447	Script/Mod_ShuMercs/PlayerMercsStrikeGroup/FollowAll	Приказ ясен. Следуем за тобой, босс.
3448	Script/Mod_ShuMercs/PlayerMercsStrikeGroup/FollowOne	Приказ ясен, босс. Теперь ты мой ведущий.
3449	Script/Mod_ShuMercs/PlayerMercsStrikeGroup/GroupHasArrived	Ударная группа прибыла согласно вашему приказу, босс. Какие будут указания?
3450	Script/Mod_ShuMercs/PlayerMercsStrikeGroup/GroupIsReturning	Мы возвращаемся в штаб, босс. Дайте нам пару дней передохнуть, и мы будем готовы к новому вылету.
3451	Script/Mod_ShuMercs/PlayerMercsStrikeGroup/HelpRogerRoger	Так точно, босс! Выполняю приказ.
3452	Script/Mod_ShuMercs/PlayerMercsStrikeGroup/HelpWhoToShootAt	С кем тебе нужно помочь?
3453	Script/Mod_ShuMercs/PlayerMercsStrikeGroup/IAmOverloadedBoss	Босс, с таким перегрузом я никак не смогу прийти к тебе на помощь в случае необходимости. Для нас обоих будет лучше, если ты пересмотришь мою экипировку.
3454	Script/Mod_ShuMercs/PlayerMercsStrikeGroup/IHaveMaxTrancsBoss	Прости, босс, но за таким большим числом транклюкаторов в бою я уследить никак не смогу.
3455	Script/Mod_ShuMercs/PlayerMercsStrikeGroup/IsItGroupOrder	Это приказ лично мне или всем нашим?
3456	Script/Mod_ShuMercs/PlayerMercsStrikeGroup/IsItGroupOrderStrike	Это приказ лично мне или по всей группе?
3457	Script/Mod_ShuMercs/PlayerMercsStrikeGroup/NotEnoughTechSkillForTrancsBoss	Извини, босс, но моих навыков техники недостаточно, чтобы управлять таким количеством транклюкаторов.
3458	Script/Mod_ShuMercs/PlayerMercsStrikeGroup/OrderToReturn	Понял, босс, возвращаемся домой. Если понадобимся снова - дай знать.
3459	Script/Mod_ShuMercs/PlayerMercsStrikeGroup/PlayerCallAtEasy	Благодарю за помощь, но можешь уже оставить <TargetShip> в покое, он меня больше не интересует
3460	Script/Mod_ShuMercs/PlayerMercsStrikeGroup/PlayerCallForHelp	Мне нужна твоя помощь в бою
3461	Script/Mod_ShuMercs/PlayerMercsStrikeGroup/PlayerCallForHelpWith	Мне нужна твоя помощь в бою с <TargetShip>
3462	Script/Mod_ShuMercs/PlayerMercsStrikeGroup/PlayerNoItsPersonal	Нет, это персональный приказ
3463	Script/Mod_ShuMercs/PlayerMercsStrikeGroup/PlayerNoItsPersonalStrike	Нет, это персональный приказ
3464	Script/Mod_ShuMercs/PlayerMercsStrikeGroup/PlayerOrderAtEasy	Передай всем, чтобы вступали в бой с любыми враждебными целями в системе
3465	Script/Mod_ShuMercs/PlayerMercsStrikeGroup/PlayerOrderAttack	Приказываю атаковать указанный корабль...
3466	Script/Mod_ShuMercs/PlayerMercsStrikeGroup/PlayerOrderAttackOn	Приказываю начать атаку на <TargetShip>
3467	Script/Mod_ShuMercs/PlayerMercsStrikeGroup/PlayerOrderFollowMe	Приказываю бросить все прочие дела и следовать за мной
3468	Script/Mod_ShuMercs/PlayerMercsStrikeGroup/PlayerOrderToReturn	Возвращайтесь обратно в штаб
3469	Script/Mod_ShuMercs/PlayerMercsStrikeGroup/PlayerYesItsForGroup	Это приказ для всех, с каждым отдельно я общаться не намерен
3470	Script/Mod_ShuMercs/PlayerMercsStrikeGroup/PlayerYesItsForGroupStrike	Это приказ для всех, с каждым отдельно я общаться не намерен
3471	Script/Mod_ShuMercs/PlayerMercsStrikeGroup/ReturningFromDefendingHQStar	Это нападение мы отбили, босс - возвращаемся обратно в штаб. Если будем нужны тебе где-то ещё - только дай знать.
3472	Script/Mod_ShuMercs/PlayerMercsStrikeGroup/TalkBegin	Босс, приём. Есть новый приказ?
3475	Script/Mod_ShuMercs/PlayerMercsTalks/AreLeavingByPlayerHit	Ты что, совсем из ума выжил? Я, значит, на тебя горбачусь, а ты решил меня грохнуть? Ай, да иди-ка ты подальше со своей организацией, у меня теперь своя дорога!
3476	Script/Mod_ShuMercs/PlayerMercsTalks/AtEasyRogerRoger	Как скажешь, босс. Специально преследовать этого чмобыра больше не буду.
3477	Script/Mod_ShuMercs/PlayerMercsTalks/GreetingWhileAttack1	Салют, босс! Я тут работаю в поте лица, пытаюсь задушить <TargetShipFull>. Ну или он пытается задушить меня, пока что не разобрался. А ты чего хотел-то?
3478	Script/Mod_ShuMercs/PlayerMercsTalks/GreetingWhileAttack2	Выставить фланговые щиты, тягу в реверс, главному орудию огонь! О, хорошо пошла... Да кто там ещё маячит?! А, это ты, босс. Прости, у меня сейчас бой с <TargetShipFull>. У тебя что-то срочное?
3479	Script/Mod_ShuMercs/PlayerMercsTalks/GreetingWhileAttack3	Эй, босс, вон тот негодяй - <TargetShip> - только что обозвал нашу организацию "сборищем жалких жвырклацев"! Похоже, ему срочно требуется подышать свежим вакуумом. Осталось вот только форточек в корпусе понаделать... А вы сами как, в деле?
3480	Script/Mod_ShuMercs/PlayerMercsTalks/GreetingWhileDefending	В системе замечены вражеские корабли, босс. Я готовлюсь занять позицию для обороны штаба. Битва обещает быть жаркой!
3481	Script/Mod_ShuMercs/PlayerMercsTalks/GreetingWhileDelivery1	Отвези туда, принеси то, подай это... Э-эх, неужели у них работы никакой больше не было, кроме как везти вот эту ерунду? Посмотри на меня, босс. Я теперь вовсе не крутой наёмник, который одним своим видом распугивает всю пиратскую шпану, которого облетают торгаши, едва завидев на радаре, или которого берут на прицел военные патрули - нет! Я теперь - курьер! Боевой почтальон, чтоб им пусто было!
3482	Script/Mod_ShuMercs/PlayerMercsTalks/GreetingWhileDelivery1	Но ты не обращай внимания, это я так, за между прочим. Чего случилось-то?
3483	Script/Mod_ShuMercs/PlayerMercsTalks/GreetingWhileDelivery2	Слушай, там, далеко-далеко, есть земля
3484	Script/Mod_ShuMercs/PlayerMercsTalks/GreetingWhileDelivery2	Там новый год, ты не поверишь,
3485	Script/Mod_ShuMercs/PlayerMercsTalks/GreetingWhileDelivery2	Там новый год два раза в год. Вот.
3487	Script/Mod_ShuMercs/PlayerMercsTalks/GreetingWhileDelivery2	Ой, шеф, прошу прощения, не заметил твой входящий. Вспомнился что-то сериал из детства, там два дальнобойщика летали по разным системам и попадали в такие передряги, ух. Аж дух захватывало! Вот и мне сейчас дали задание довезти одну безделушку на планету <TargetPlanet>, а я так хочу какого-нибудь приключения! Ну, чтобы какой-нибудь пират попытался меня грабануть или чтобы я затерялся в гипере в поисках точки выхода...
3488	Script/Mod_ShuMercs/PlayerMercsTalks/GreetingWhileDelivery2	Ну а у тебя как дела?
3489	Script/Mod_ShuMercs/PlayerMercsTalks/GreetingWhileDelivery3	А я лечу в соседнюю систему,
3490	Script/Mod_ShuMercs/PlayerMercsTalks/GreetingWhileDelivery3	Развожу посылки - что куда-аа-...
3491	Script/Mod_ShuMercs/PlayerMercsTalks/GreetingWhileDelivery3	Главное - поспеть за смену,
3492	Script/Mod_ShuMercs/PlayerMercsTalks/GreetingWhileDelivery3	А не то наступит боль-беда-а-а...
3494	Script/Mod_ShuMercs/PlayerMercsTalks/GreetingWhileDelivery3	О, здоровенько буде, начальник! Вам чего надобно?
3495	Script/Mod_ShuMercs/PlayerMercsTalks/GreetingWhileDelivery4	Привет, начальник! Везу вот тут посылку на планету <TargetPlanet>. Работка, конечно, не самая веселая, но зато непыльная и прибыльная.
3496	Script/Mod_ShuMercs/PlayerMercsTalks/GreetingWhileDelivery4	Если у тебя ничего срочного, то я погнал, а то ведь так и опоздать можно...
3497	Script/Mod_ShuMercs/PlayerMercsTalks/GreetingWhileEarning1	Здорова, начальник! Какими судьбами? Я вот тут минеральчики подбираю, за обстановкой наблюдаю, клиентов подыскиваю... Работа кипит, в общем. А ты по делу или так, потрещать?
3498	Script/Mod_ShuMercs/PlayerMercsTalks/GreetingWhileEarning2	Привет, босс! Видал последний сезон сериала "Забава табуретов"? Ужас просто! Как можно было так бездарно концовку слить?! Все ждали, что Седой ходунец перелупит всех в Вестеркроссе, а вышло такое уныние... Так чего ты хотел-то?
3499	Script/Mod_ShuMercs/PlayerMercsTalks/GreetingWhileEarning3	То-о-о-лько-о-о, уо-уо, шот втыки-и-и-ллы на столе-е-е!!!
3500	Script/Mod_ShuMercs/PlayerMercsTalks/GreetingWhileEarning3	Эх, душевные песни у людей были, не то что сейчас. Всякие Абэндшмэрны и Гаогаги заполонили радио, аж слушать противно! Ну вот разве я не прав, шеф?
3501	Script/Mod_ShuMercs/PlayerMercsTalks/GreetingWhileEarning4	Стоять бояться, это служба галанаркоконтроля! Выкидываем всё из трюма на проверку, или я за себя не руч... Ууупс, ошибочка вышла.
3502	Script/Mod_ShuMercs/PlayerMercsTalks/GreetingWhileEarning4	Приношу свои извинения, босс, неправильно сигнатуру корабля прочитал. Ээ-э... чем могу быть полезен?
3503	Script/Mod_ShuMercs/PlayerMercsTalks/GreetingWhileEarning5	Здравия желаю, босс!
3504	Script/Mod_ShuMercs/PlayerMercsTalks/GreetingWhileEarning5	Давно хотел поблагодарить за то, что взяли к себе на службу. Очень нравится мне у вас - зарплата хорошая, пайки вкусные, а уж какие вечеринки по выходным в штабе! Девочки просто м-м-м... Ой, кажется, управляющий просил об этом не говорить...
3505	Script/Mod_ShuMercs/PlayerMercsTalks/GreetingWhileEarning5	Так что от меня требуется?
3506	Script/Mod_ShuMercs/PlayerMercsTalks/GreetingWhileEarning6	<MercName> на связи. Готов оказать поддержку в любую минуту, босс - только скажи.
3507	Script/Mod_ShuMercs/PlayerMercsTalks/GreetingWhileEarning7	Здравия желаю, босс! Орудия заряжены, двигатели в норме, корабль в полной боевой готовности. Если у вас возникли какие-то проблемы, готов помочь с их разрешением.
3508	Script/Mod_ShuMercs/PlayerMercsTalks/GreetingWhileEarning8	Здравия желаю! Что-то с заказами в этом месяце не шибко густо, босс. Может вам какое объявление в Галанете разместить?
3509	Script/Mod_ShuMercs/PlayerMercsTalks/GreetingWhileEarning9	Из темноты к звезде Гралгара
3510	Script/Mod_ShuMercs/PlayerMercsTalks/GreetingWhileEarning9	Прёт железная армада!
3511	Script/Mod_ShuMercs/PlayerMercsTalks/GreetingWhileEarning9	Ожидает их засада,
3512	Script/Mod_ShuMercs/PlayerMercsTalks/GreetingWhileEarning9	Хлад космического ада...
3514	Script/Mod_ShuMercs/PlayerMercsTalks/GreetingWhileEarning9	Уже слышали эту песню, босс? Мощнейшее гитарное соло самого <clr>Равилио Тапка<clrEnd>!
3515	Script/Mod_ShuMercs/PlayerMercsTalks/GreetingWhileEarning9	Так это... Вам от меня что-нибудь нужно?
3516	Script/Mod_ShuMercs/PlayerMercsTalks/GreetingWhileGuarding1	О, давно не виделись, начальник. Как жизнь молодая? Что нового расскажешь? Я вот сопровождаю <TargetShipFull>. Не знаю, зачем ему понадобилась охрана, но деньги платит хорошие, таких клиентов сейчас мало.
3517	Script/Mod_ShuMercs/PlayerMercsTalks/GreetingWhileGuarding2	Здорова, шеф. Видишь во-о-о-н того лошка, которого я пасу? Да, я про <TargetShip>. Представляешь, хотел его на бабки развести, "охрану" ему предложить, так сказать. А он воспринял буквально и заплатил как за нормальный эскорт. Так что я теперь натурально почётный караул, хе-хе.
3518	Script/Mod_ShuMercs/PlayerMercsTalks/GreetingWhileGuarding3	Привет, босс. Я вот тут по контракту <TargetShipFull> охраняю, а надо ли? Быть может, естественный отсев гражданского поголовья пиратами и прочими любителями лёгкой наживы Галактике как раз во благо? Тогда бы, может, и торговцы лучше вооружались, а там, глядишь, один дипломат мог бы сам и нападения на системы отбивать...
3519	Script/Mod_ShuMercs/PlayerMercsTalks/GreetingWhileGuarding3	Эх, что-то меня на метаиронию потянуло после третьей банки. А у вас там что, случилось чего?
3520	Script/Mod_ShuMercs/PlayerMercsTalks/GreetingWhileOnQuestHQ	Прямо сейчас я на задании, шеф, а потому никак не могу помочь. Свяжись с кем-нибудь ещё из наших, если тебе требуется поддержка.
3521	Script/Mod_ShuMercs/PlayerMercsTalks/GreetingWhilePartner	Босс, согласно контракту я нахожусь под командованием рейнджера <TargetShip> до <EndPartnerDate>. До тех пор я подчиняюсь только его приказам, а потому заранее прошу меня простить - помочь вам я не могу.
3522	Script/Mod_ShuMercs/PlayerMercsTalks/GreetingWhileReturning1	Уфф, ну и намотался же я! Наконец-то лечу на базу, хоть немного отдохну. Что-то случилось, босс?
3523	Script/Mod_ShuMercs/PlayerMercsTalks/GreetingWhileReturning2	Фу, какая же всё-таки гадость этот ваш янвелб! Выбросил его за борт к чёртовой матери, пусть пиратские "лошарики" допивают! Ну а мне бы уже пора и в штаб наведаться - затариться нормальным бухлом, так сказать. Надеюсь, у тебя, босс, не что-то срочное?
3524	Script/Mod_ShuMercs/PlayerMercsTalks/GreetingWhileReturning3	Шеф, моя смена недавно закончилась, и я как раз направляюсь в штаб. Но если вдруг что-то нужно - только скажи.
3525	Script/Mod_ShuMercs/PlayerMercsTalks/GreetingWhileReturningAtReady	Врагов на горизонте больше не видно, так что я возвращаюсь в штаб на дежурство. Если тебе нужно с чем-то помочь, босс, обратись к другим бойцам.
3526	Script/Mod_ShuMercs/PlayerMercsTalks/GuardingQuestOverByPlayer	Шеф, вижу у тебя какие-то тёрки с <GuardedShip>. В таком случае я прекращаю сопровождение и разрываю контракт. Если нужна будет помощь - вызывай.
3527	Script/Mod_ShuMercs/PlayerMercsTalks/HelpIHaveQuest	Босс, при всём уважении, я сейчас на задании. Ты уверен, что моя помощь необходима?
3528	Script/Mod_ShuMercs/PlayerMercsTalks/HelpRogerRoger	Так точно, босс! Выполняю приказ.
3529	Script/Mod_ShuMercs/PlayerMercsTalks/HelpWhoToShootAt	С кем тебе нужно помочь?
3530	Script/Mod_ShuMercs/PlayerMercsTalks/IsItGroupOrder	Это приказ лично мне или всем нашим?
3531	Script/Mod_ShuMercs/PlayerMercsTalks/MercAskAttack1	Шеф, у меня тут беда - <TargetShip> не хочет решать конфликт мирным путём. Подсобишь немного?
3532	Script/Mod_ShuMercs/PlayerMercsTalks/MercAskAttack2	Начальник, прости, что тревожу, но у меня возникли проблемы с <TargetShip>. Помоги осилить, а то чувствую, что один не справлюсь.
3533	Script/Mod_ShuMercs/PlayerMercsTalks/PlayerCallAtEasy	Благодарю за помощь, но можешь уже оставить <TargetShip> в покое, он меня больше не интересует
3534	Script/Mod_ShuMercs/PlayerMercsTalks/PlayerCallForHelp	Мне нужна твоя помощь в бою
3535	Script/Mod_ShuMercs/PlayerMercsTalks/PlayerCallForHelpWith	Мне нужна твоя помощь в бою с <TargetShip>
3536	Script/Mod_ShuMercs/PlayerMercsTalks/PlayerNoItsPersonal	Нет, это персональный приказ
3537	Script/Mod_ShuMercs/PlayerMercsTalks/PlayerYesItsForGroup	Это приказ для всех, с каждым отдельно я общаться не намерен
3538	Script/Mod_ShuMercs/PlayerMercsTalks/SalaryIncrease1	Э, я дико извиняюсь, что побеспокоил, шеф. Но у меня небольшая просьба - ты не мог бы подкинуть пару кредитов? Жена вчера звонила, говорит, что сынишка уже с памперсов вырос, ему горшок купить надо... с подогревом и вентиляцией. Ну, в общем, если не в напряг... мне немного надо, всего <Payment> cr. Буду очень признателен.
3539	Script/Mod_ShuMercs/PlayerMercsTalks/SalaryIncrease2	Здорова, шеф! Я тут это, чё хотел собственно... А, вспомнил - подкинь <Payment> до зарплаты, а? Позавчера всё на черное зарядил и теперь даже банку "Махпеллы" купить не на что.
3540	Script/Mod_ShuMercs/PlayerMercsTalks/SalaryIncrease3	Доброго времени галасуток, начальник.
3541	Script/Mod_ShuMercs/PlayerMercsTalks/SalaryIncrease3	Несколько дней назад общими выборами меня назначили главой профсоюза в нашей организации. От лица всех работников хочу выразить обеспокоенность отсутствием дополнительного премирования, декретных отпусков, а также бесплатных путёвок на курорты. Однако, если вы прямо сейчас премируете меня суммой в <Payment> cr., то, так уж и быть, я не стану отправлять петицию в Галактический союз рабочих всех рас и народов.
3542	Script/Mod_ShuMercs/PlayerMercsTalks/SalaryIncrease4	Босс, тут такое дело. В общем, я с детства коллекционирую древнее оружие. И так получилось, что недавно на аукцион выставили малокскую бургебузу - уникальный экземпляр времён аж пятнадцатого века! Я почти собрал денег, чтобы её выкупить, не хватает каких-то несчастных <Payment> cr. Очень прошу, подкинь до зарплаты, а то ведь заберут!
3543	Script/Mod_ShuMercs/PlayerMercsTalks/SalaryIncreaseNo1	Понял-понял, шеф. Извиняй, меня уже нету.
3544	Script/Mod_ShuMercs/PlayerMercsTalks/SalaryIncreaseNo2	Вот же ты злыдень, шеф! Ну да ладно, сам виноват... Вот поставлю в следующий раз на красное - точно фартанёт!
3545	Script/Mod_ShuMercs/PlayerMercsTalks/SalaryIncreaseNo3	Да ну ты чего, начальник? Пошутить нельзя что ли? Уже лечу восвояси, только никаких сортиров, ладно?
3546	Script/Mod_ShuMercs/PlayerMercsTalks/SalaryIncreaseNo4	Эх... не думал я, что ты такой скупердяй, босс. Ну да ладно, мои проблемы. Прости, что потревожил.
3547	Script/Mod_ShuMercs/PlayerMercsTalks/SalaryIncreasePlayerNo1	А может ему ещё ароматизатора туда не хватает? Лети работать, папаша!
3548	Script/Mod_ShuMercs/PlayerMercsTalks/SalaryIncreasePlayerNo2	Ничего, до зарплаты перебьёшься. Будет хоть тебе наука!
3549	Script/Mod_ShuMercs/PlayerMercsTalks/SalaryIncreasePlayerNo3	Ты там что, башкой ударился? Какой к чёрту профсоюз? Да я тебя сейчас так премирую, что будешь сортиры на станции месяц драить! А ну прочь с глаз моих!
3550	Script/Mod_ShuMercs/PlayerMercsTalks/SalaryIncreasePlayerNo4	Какая, к пенчекряку, бургебуза?! Работать лети, филонщик!
3551	Script/Mod_ShuMercs/PlayerMercsTalks/SalaryIncreasePlayerYes1	Ну раз на горшок - грех не помочь. Вот твои <Payment> cr.
3552	Script/Mod_ShuMercs/PlayerMercsTalks/SalaryIncreasePlayerYes2	Ладно, держи свои <Payment> cr., но если ещё хоть раз в казино увижу - мигом уволю!
3553	Script/Mod_ShuMercs/PlayerMercsTalks/SalaryIncreasePlayerYes3	Вот твои <Payment> cr., троглодит, только не нужно никаких петиций
3554	Script/Mod_ShuMercs/PlayerMercsTalks/SalaryIncreasePlayerYes4	Тебе очень повезло, сейчас у меня как раз есть лишние <Payment> cr.
3555	Script/Mod_ShuMercs/PlayerMercsTalks/SalaryIncreaseYes1	Спасибо тебе огромное, шеф! Сынишка теперь всегда тебя вспоминать будет, когда ну... это... спасибо, в общем!
3556	Script/Mod_ShuMercs/PlayerMercsTalks/SalaryIncreaseYes2	Ты настоящий полковник, шеф, век не забуду!
3557	Script/Mod_ShuMercs/PlayerMercsTalks/SalaryIncreaseYes3	От лица всех сотрудников организации <Payment> cr. выражаю признательность вашей щедрости и благоразумию. Счастливого пути.
3558	Script/Mod_ShuMercs/PlayerMercsTalks/SalaryIncreaseYes4	Спасибо, босс! Если будет свободная минутка, заходи к нам в казарму, покажу свою коллекцию. Даже дам пострелять, если захочешь! Ну всё, я погнал за покупкой.
3561	Script/Mod_ShuMercs/QuestBeforePlayerOrgDialogs/BlasterTziptzilotName	Бластер Ципцилот
3564	Script/Mod_ShuMercs/QuestBeforePlayerOrgDialogs/HoloTabletPickedUpMsg	Едва вы поднесли палец к планшету, как на экране появилась надпись:
3566	Script/Mod_ShuMercs/QuestBeforePlayerOrgDialogs/HoloTabletPickedUpMsg	"Перевод должностного векселя с пользователя <clr>Ципцилот<clrEnd> на пользователя <Player> успешно завершён."
3567	Script/Mod_ShuMercs/QuestBeforePlayerOrgDialogs/InsertAnswer	Введите ответ:
3568	Script/Mod_ShuMercs/QuestBeforePlayerOrgDialogs/MercCenterAboutTziptzilotsKey	О, гляжу, у вас ключ самого <clr>Бластера Ципцилота<clrEnd>. Видать, старый пеленг подрастерял былую хватку. Впрочем, это всё не моё дело. Вот доступ к его хранилищу - оно теперь ваше.
3569	Script/Mod_ShuMercs/QuestBeforePlayerOrgDialogs/PlayerAfterForgive	Бывай
3570	Script/Mod_ShuMercs/QuestBeforePlayerOrgDialogs/PlayerAfterNonForgive	Конец связи
3571	Script/Mod_ShuMercs/QuestBeforePlayerOrgDialogs/PlayerAfterPay	Чтоб тебе плату закоротило, консервная ты банка!
3574	Script/Mod_ShuMercs/QuestBeforePlayerOrgDialogs/PlayerAgreedButRefusedToPickUpMsg	Ну и козёл же ты, <Player>!
3575	Script/Mod_ShuMercs/QuestBeforePlayerOrgDialogs/PlayerAgreedToForgive	Так и быть - проехали
3576	Script/Mod_ShuMercs/QuestBeforePlayerOrgDialogs/PlayerAgreedToPay	У меня тут как раз завалялись лишние <Cost> cr. - забирайте и отвалите
3577	Script/Mod_ShuMercs/QuestBeforePlayerOrgDialogs/PlayerAgreedToPayAfterTalk	Ладно, вот ваши <Cost> cr., кровососы! Забирайте и отвалите нахрен!
3578	Script/Mod_ShuMercs/QuestBeforePlayerOrgDialogs/PlayerAskAboutTziptzilotsKey	У меня тут при себе ключ от одной ячейки, могу я получить её содержимое?
3579	Script/Mod_ShuMercs/QuestBeforePlayerOrgDialogs/PlayerAutographAgreedFirst	Ну ладно, почему бы и нет. Только где тебе его поставить?
3580	Script/Mod_ShuMercs/QuestBeforePlayerOrgDialogs/PlayerAutographAgreedFirstDone	Давай скидывай, только побыстрее
3581	Script/Mod_ShuMercs/QuestBeforePlayerOrgDialogs/PlayerAutographAgreedSecond	Ну хорошо, так и быть - куда тебе поставить этот автограф?
3582	Script/Mod_ShuMercs/QuestBeforePlayerOrgDialogs/PlayerAutographAgreedSecondDone	Давай скидывай, только побыстрее
3583	Script/Mod_ShuMercs/QuestBeforePlayerOrgDialogs/PlayerAutographRefusedFirst	У меня сейчас нет времени на всякие глупости
3584	Script/Mod_ShuMercs/QuestBeforePlayerOrgDialogs/PlayerAutographRefusedSecond	Слышь, мужик, никаких автографов я не раздаю, понял?! А ну лети отсюда, пока цел!
3585	Script/Mod_ShuMercs/QuestBeforePlayerOrgDialogs/PlayerCheckTziptzilotsStorage	[<clr>Изучить содержимое тайника<clrEnd>]
3586	Script/Mod_ShuMercs/QuestBeforePlayerOrgDialogs/PlayerEndBetrayal	И вам не хвора... А, точно.
3587	Script/Mod_ShuMercs/QuestBeforePlayerOrgDialogs/PlayerInsertAnswer	Ввести ответ
3588	Script/Mod_ShuMercs/QuestBeforePlayerOrgDialogs/PlayerOnAnswerBetrayal	Кстати, передайте своему начальству: у меня есть информация о том злостном неплательщике, которого вы преследовали, и который нагло обманул меня. Пересылаю данные.
3589	Script/Mod_ShuMercs/QuestBeforePlayerOrgDialogs/PlayerOnAnswerIsCorrect	Понабирают, блин, роботов бракованных по объявлениям с Гаалвито...
3590	Script/Mod_ShuMercs/QuestBeforePlayerOrgDialogs/PlayerRefusesToAnswer	Вы там что, совсем кукухой кудахнулись? Какие ещё автоматические запросы?! Не стану я ни на что отвечать!
3591	Script/Mod_ShuMercs/QuestBeforePlayerOrgDialogs/PlayerRefusesToForgive	Ну уж нет, хитрая ты морда! Я сейчас с тобой за всё рассчитаюсь!
3592	Script/Mod_ShuMercs/QuestBeforePlayerOrgDialogs/PlayerRefusesToPay	Это ошибка! Меня подставили! Я не тот, кто вам нужен!
3593	Script/Mod_ShuMercs/QuestBeforePlayerOrgDialogs/PlayerRefusesToPayTrue	Да, чёрт побери, ещё как желаю!
3594	Script/Mod_ShuMercs/QuestBeforePlayerOrgDialogs/PlayerTrancOut	Ещё посмотрим, кто кого конфискует...
3595	Script/Mod_ShuMercs/QuestBeforePlayerOrgDialogs/PlayerWantsToSendRequest	Я хочу отправить запрос для пересмотра личности должника
3596	Script/Mod_ShuMercs/QuestBeforePlayerOrgDialogs/TrancAnswerBetrayal	Благодарим за содействие, информация пересылается координационному центру. Удачного дня.
3597	Script/Mod_ShuMercs/QuestBeforePlayerOrgDialogs/TrancAnswerIsCorrect	Ответ принят. Отправляю запрос в службу поддержки, ожидайте.
3599	Script/Mod_ShuMercs/QuestBeforePlayerOrgDialogs/TrancAnswerIsCorrect	После проведённой проверки мы обнаружили вмешательство в систему распознавания личности. От лица компании <clr>ЗАО "Нанозайм"<clrEnd> приношу извинения за доставленные неудобства. Желаем приятного дня!
3600	Script/Mod_ShuMercs/QuestBeforePlayerOrgDialogs/TrancAnswerNoMoreTries	Сожалею, ваш ответ снова неверен. Допустимое число попыток для составления запроса <clr>исчерпано<clrEnd>.
3601	Script/Mod_ShuMercs/QuestBeforePlayerOrgDialogs/TrancAnswerNoMoreTries	Приготовьтесь к плановой конфискации. Желаем приятного дня!
3603	Script/Mod_ShuMercs/QuestBeforePlayerOrgDialogs/TrancAskForCaptcha1	(х<clr>^2<clrEnd> - <clr>4<clrEnd>)<clr>^2<clrEnd> + <clr>3<clrEnd>(x<clr>^2<clrEnd> - <clr>4<clrEnd>) - <clr>10<clrEnd> = <clr>0<clrEnd>
3604	Script/Mod_ShuMercs/QuestBeforePlayerOrgDialogs/TrancAskForCaptcha1	Вопрос: Чему равен x<clr>^2<clrEnd>?
3606	Script/Mod_ShuMercs/QuestBeforePlayerOrgDialogs/TrancAskForCaptcha2	Малок приобрёл у пеленга бутылку с янвелбом за <clr>300<clrEnd> cr. Известно, что пеленг завысил цену бутылки, и она обошлась малоку на <clr>280<clrEnd> cr. дороже содержимого.
3607	Script/Mod_ShuMercs/QuestBeforePlayerOrgDialogs/TrancAskForCaptcha2	Вопрос: Сколько кредитов стоил янвелб в бутылке?
3608	Script/Mod_ShuMercs/QuestBeforePlayerOrgDialogs/TrancAskForCaptchaAfterMistake	Вы дали неверный ответ, осталось попыток <Count>:
3609	Script/Mod_ShuMercs/QuestBeforePlayerOrgDialogs/TrancAskForCaptchaStart	В таком случае, в качестве меры защиты от создания автоматических запросов, вы должны дать правильный ответ на следующий вопрос (осталось попыток <Count>):
3610	Script/Mod_ShuMercs/QuestBeforePlayerOrgDialogs/TrancCollectorGreets	Уважаемый <Player>, вас приветствует автоматический робот-коллектор компании <clr>ЗАО "Нанозайм"<clrEnd>. Согласно нашим данным, вы стали обладателем долгового векселя <clr>№7854<clrEnd>. Сумма вашего текущего долга составляет <Cost> cr.
3611	Script/Mod_ShuMercs/QuestBeforePlayerOrgDialogs/TrancCollectorGreets	Пожалуйста, погасите озвученный долг как можно скорее. В противном случае мы будем вынуждены произвести конфискацию всего вашего наличного имущества. Конфискация будет производиться <clr>ударно-разрывным<clrEnd> путём, который совет директоров признал наиболее эффективным в вопросах взыскания задолженностей в особо крупных размерах.
3612	Script/Mod_ShuMercs/QuestBeforePlayerOrgDialogs/TrancName1	Коллектор B1-B4
3613	Script/Mod_ShuMercs/QuestBeforePlayerOrgDialogs/TrancName2	Коллектор B0-B4
3614	Script/Mod_ShuMercs/QuestBeforePlayerOrgDialogs/TrancOfferToSendRequest	Желаете оформить обращение в нашу службу поддержки для пересмотра вашего случая?
3615	Script/Mod_ShuMercs/QuestBeforePlayerOrgDialogs/TrancOnRefuse	В таком случае я не смогу отправить запрос и продолжу выполнять поставленную задачу. Желаем приятного дня!
3616	Script/Mod_ShuMercs/QuestBeforePlayerOrgDialogs/TrancReceivesPayment	Компания <clr>ЗАО "Нанозайм"<clrEnd> благодарит вас за своевременное погашение долга. Желаем приятного дня!
3617	Script/Mod_ShuMercs/QuestBeforePlayerOrgDialogs/TrancWhileChaseTziptzilot	Компания <clr>ЗАО "Нанозайм"<clrEnd> желает вам приятного дня!
3618	Script/Mod_ShuMercs/QuestBeforePlayerOrgDialogs/TrancWhileFlyAway	Компания <clr>ЗАО "Нанозайм"<clrEnd> больше не имеет к вам никаких претензий. Желаем приятного дня!
3619	Script/Mod_ShuMercs/QuestBeforePlayerOrgDialogs/TrancWhilePlayerCalling	Уважаемый <Player>, вас приветствует автоматический бот-коллектор <clr>ЗАО "Нанозайм"<clrEnd>. Пожалуйста, отключитесь от данного канала связи, дабы не создавать помеху для выполнения ботом своих прямых обязанностей.
3620	Script/Mod_ShuMercs/QuestBeforePlayerOrgDialogs/TziptzilotAfterConflictDone	О, гляжу, ты разобрался с этими консервными жбанками. А я в тебе ни секунды не сомневался! Вот она - легенда во плоти! И ты это... Уж прости старого пеленга, я ж это всё не со зла. Давай поскорее забудем об этом досадном инциденте, а? Посидим в баре на <clr>базе наёмников<clrEnd>, покумекаем... Первый янвелб с меня! Ты ж мне всё-таки жизнь спас, как-никак.
3621	Script/Mod_ShuMercs/QuestBeforePlayerOrgDialogs/TziptzilotAfterForgive	Вот спасибо, дружище - век не забуду! Кстати, если у тебя вдруг будут какие-то дела с <clr>наймитами на их базе<clrEnd> - обращайся смело. Я у них там что-то вроде местного авторитета, хе-хе, так что помогу чем осилю. А, и чуть не забыл - лови небольшой подарочек. Так сказать, обмыть знакомство. Бывай, рейнджер!
3622	Script/Mod_ShuMercs/QuestBeforePlayerOrgDialogs/TziptzilotAfterNonForgive	Ну вот зачем ты так, рейнджер? Я ведь хотел всё мирно уладить, а теперь придётся по старинке...
3623	Script/Mod_ShuMercs/QuestBeforePlayerOrgDialogs/TziptzilotAfterQuestDone	Говорить нам с тобой, <Player>, больше не о чем. Конец связи.
3624	Script/Mod_ShuMercs/QuestBeforePlayerOrgDialogs/TziptzilotAskAutographFirst	Ого, да это же сам рейнджер <Player>! Видел тебя недавно в новостях. Я твой большой фанат, а моя племянница <clr>Чеквуша<clrEnd> от тебя вообще без ума! Скажи, могу я попросить твой автограф?
3625	Script/Mod_ShuMercs/QuestBeforePlayerOrgDialogs/TziptzilotAskAutographFirstDone	Спасибо, <Player>! Вот племяшка обрадуется! Я тебе сейчас скину планшет, просто поставь там свой отпечаток пальца.
3626	Script/Mod_ShuMercs/QuestBeforePlayerOrgDialogs/TziptzilotAskAutographSecond	Эх, бедная моя <clr>Чеквушечка<clrEnd>, как же она расстроится! Я ведь ей уже пообещал, что непременно привезу твой автограф. Может, передумаешь?
3627	Script/Mod_ShuMercs/QuestBeforePlayerOrgDialogs/TziptzilotAskAutographSecondDone	Спасибо, <Player>! Вот племяшка обрадуется! Я тебе сейчас скину планшет, просто оставь там свой отпечаток пальца.
3628	Script/Mod_ShuMercs/QuestBeforePlayerOrgDialogs/TziptzilotAskAutographSecondRefused	Грубиян ты, конечно, <Player>. Таких, как ты, бездарных рейнджеришек, кругом пруд пруди, а толку?
3629	Script/Mod_ShuMercs/QuestBeforePlayerOrgDialogs/TziptzilotAskAutographSecondRefused	Отвлекать больше не стану - иди и ты к девияблу.
3630	Script/Mod_ShuMercs/QuestBeforePlayerOrgDialogs/TziptzilotOnPlayerAggression	Ну вот зачем ты так? Я ведь хотел всё по-хорошему уладить, а теперь придётся по старинке. Эх...
3631	Script/Mod_ShuMercs/QuestBeforePlayerOrgDialogs/TziptzilotOnPlayerAggressionAtBegin	Эй-эй, да ты чего, совсем сдурел!? Ну ладно, пиратом больше - пиратом меньше, глядишь, Галактика не оскудеет...
3632	Script/Mod_ShuMercs/QuestBeforePlayerOrgDialogs/TziptzilotVerySorry	Извини, <Player>, но мне эти поганые кредиторы никак житья не давали. Уж и не знал, в каком гадюшнике от них укрыться. Если избавишься от них, залетай на базу - с меня ящик пива и хороший закусон.
3633	Script/Mod_ShuMercs/QuestBeforePlayerOrgDialogs/TziptzilotsStorageContentMsg	В хранилище <clr>Ципцилота<clrEnd> вы обнаружили всего два предмета. Дебетовую карту с внушительным балансом в <Money> cr. и странную статуэтку, которую вы на всякий случай решили оставить у себя.
3636	Script/Mod_ShuMercs/RanksCoalition/0	Новичок
3637	Script/Mod_ShuMercs/RanksCoalition/1	Кадет
3638	Script/Mod_ShuMercs/RanksCoalition/2	Пилот
3639	Script/Mod_ShuMercs/RanksCoalition/3	Капитан
3640	Script/Mod_ShuMercs/RanksCoalition/4	Истребитель
3641	Script/Mod_ShuMercs/RanksCoalition/5	Ас
3642	Script/Mod_ShuMercs/RanksCoalition/6	Командор
3643	Script/Mod_ShuMercs/RanksCoalition/7	Адмирал
3646	Script/Mod_ShuMercs/RanksPirateClan/0	Cалага
3647	Script/Mod_ShuMercs/RanksPirateClan/1	Юнга
3648	Script/Mod_ShuMercs/RanksPirateClan/2	Рейдер
3649	Script/Mod_ShuMercs/RanksPirateClan/3	Шкипер
3650	Script/Mod_ShuMercs/RanksPirateClan/4	Головорез
3651	Script/Mod_ShuMercs/RanksPirateClan/5	Атаман
3652	Script/Mod_ShuMercs/RanksPirateClan/6	Хан
3653	Script/Mod_ShuMercs/RanksPirateClan/7	Барон
3660	Script/Mod_ShuMercsHQ/196	Так вот, нам помнилось, что вы с ним не в ладах, поэтому мы с ним по-свойски разобрались, а потому он вам больше не помешает.
3661	Script/Mod_ShuMercsHQ/197	Шеф, к нам на станцию забрался один неприятный тип, звать его
3662	Script/Mod_ShuMercsHQ/198	Меня интересует смена подданства
3668	Script/Mod_ShuMercsHQ/PlayerHQPortalGeneratorDialog/AfterPlayerLongJumpCancel	Ну и правильно. Мне эта система тоже никогда особо не нравилась.
3669	Script/Mod_ShuMercsHQ/PlayerHQPortalGeneratorDialog/ExtractionConfirm	Что, жарковато стало, а? Из системы <Star> сможем тебя забрать через <Days> дн. Только учти, что после такой перегрузки генератор придётся восстанавливать дней <Cooldown> минимум.
3670	Script/Mod_ShuMercsHQ/PlayerHQPortalGeneratorDialog/ExtractionConfirm	Запрос подтверждаешь?
3671	Script/Mod_ShuMercsHQ/PlayerHQPortalGeneratorDialog/ExtractionNo	Ну, если что, ты там смотри - не подставляйся. Живым и здоровым ты нам куда полезнее, босс.
3672	Script/Mod_ShuMercsHQ/PlayerHQPortalGeneratorDialog/ExtractionYes	Ну тогда держись там, уже отправляемся! И будь готов запрыгнуть на борт в течение <WaitDays> дн. Большей задержки в промежуточной гиперкоординате наш генератор просто не выдержит.
3673	Script/Mod_ShuMercsHQ/PlayerHQPortalGeneratorDialog/Greeting	Разумеется, босс. Как именно ты хочешь использовать наш генератор?
3674	Script/Mod_ShuMercsHQ/PlayerHQPortalGeneratorDialog/InHyper	Как ты мог заметить, босс, прямо сейчас наш штаб находится внутри гиперпространственного пузыря. По расчётам, мы достигнем системы <Star> всего через <DaysLeft> дн. Делать нам всё это время особо нечего, поэтому предлагаю тебе занять козырное место в баре и с комфортом дожидаться прибытия.
3675	Script/Mod_ShuMercsHQ/PlayerHQPortalGeneratorDialog/LongJumpActivation	Как скажешь, босс.
3676	Script/Mod_ShuMercsHQ/PlayerHQPortalGeneratorDialog/LongJumpActivation	Курс на систему <Star> установлен - гиперпространственный пузырь готов. Ждём твоего подтверждения для скачка.
3677	Script/Mod_ShuMercsHQ/PlayerHQPortalGeneratorDialog/LongJumpCancelConfirm	Уверен? Если потом передумаешь, нашим бюрократюгам ведь снова придётся принтер прогревать, да всякие бумажки копировать.
3678	Script/Mod_ShuMercsHQ/PlayerHQPortalGeneratorDialog/LongJumpCancelConfirmNo	Что-то непостоянен ты в своих желаниях, босс. Впрочем, это не моё дело.
3679	Script/Mod_ShuMercsHQ/PlayerHQPortalGeneratorDialog/LongJumpCancelConfirmYes	Ну хорошо, давай сюда всю эту чёртову макулатуру. В этом месяце на туалетной бумаге можно будет сэкономить.
3680	Script/Mod_ShuMercsHQ/PlayerHQPortalGeneratorDialog/LongJumpDeactivation	Понял тебя, схлопываем пузырь.
3681	Script/Mod_ShuMercsHQ/PlayerHQPortalGeneratorDialog/LongJumpDeactivation	Дело, в общем-то, твоё, но ты учти, что сегодня мы уже скакнуть никуда не сможем. Сперва необходимо генератор остудить.
3682	Script/Mod_ShuMercsHQ/PlayerHQPortalGeneratorDialog/LongJumpGo	Окей, шеф - начинаем гиперпространственный скачок.
3683	Script/Mod_ShuMercsHQ/PlayerHQPortalGeneratorDialog/LongJumpGo	Открытие портала через: 3... 2... 1...
3684	Script/Mod_ShuMercsHQ/PlayerHQPortalGeneratorDialog/LongJumpNoStars	Извини, босс, но, похоже, что перемещаться нам сейчас попросту некуда.
3685	Script/Mod_ShuMercsHQ/PlayerHQPortalGeneratorDialog/LongJumpRegistration	Да без проблем, шеф. Перескакнуть в <Star> мы можем всего за <JumpTime> дн., однако сперва нам нужно получить все необходимые бумаги.
3686	Script/Mod_ShuMercsHQ/PlayerHQPortalGeneratorDialog/LongJumpRegistration	Как ты помнишь, при оформлении разрешения на строительство штаба тебе пришлось получать <clr>разрешения<clrEnd> от представителей всех <clr>местных планет<clrEnd>. Если мы хотим перебазировать штаб в другую систему, нам придётся вновь прибегнуть к этой унылой бюрократии. Как глава организации, заниматься оформлением таких документов должен именно ты. Согласишься взяться за это дело?
3687	Script/Mod_ShuMercsHQ/PlayerHQPortalGeneratorDialog/LongJumpRegistrationNo	Ну в таком случае переместиться в систему <Star> мы никак не сможем. Извини, босс - таков уж современный галазакон. За его нарушение нашу организацию объявят ренегатом, после чего ни один нормальный заказчик не захочет иметь с нами дел.
3688	Script/Mod_ShuMercsHQ/PlayerHQPortalGeneratorDialog/LongJumpRegistrationStarted	Хорошо. Тогда возьми вот эту кипу макулатуры и тщательно заполни их у представителей <clr>всех планет<clrEnd> в системе <Star>. Процедура стандартная, так что особых проблем возникнуть не должно.
3689	Script/Mod_ShuMercsHQ/PlayerHQPortalGeneratorDialog/LongJumpRegistrationStarted	Возвращайся сюда, как только закончишь всю волокиту, и я с радостью отдам ребятам приказ на подготовку к скачку.
3690	Script/Mod_ShuMercsHQ/PlayerHQPortalGeneratorDialog/LongJumpWhatStar	Понял тебя, босс. В какую систему хочешь нас передислоцировать?
3691	Script/Mod_ShuMercsHQ/PlayerHQPortalGeneratorDialog/PlayerAskExtraction	Запрашиваю экстренное извлечение из системы <Star>
3692	Script/Mod_ShuMercsHQ/PlayerHQPortalGeneratorDialog/PlayerAskLongJump	Я хочу переместить штаб в другую систему
3693	Script/Mod_ShuMercsHQ/PlayerHQPortalGeneratorDialog/PlayerAskLongJumpCancel	Я передумал перемещать штаб в систему <Star>
3694	Script/Mod_ShuMercsHQ/PlayerHQPortalGeneratorDialog/PlayerAskLongJumpReady	Собрал все необходимые подписи, можно отправляться в <Star>
3695	Script/Mod_ShuMercsHQ/PlayerHQPortalGeneratorDialog/PlayerAskShortJump	Я хочу сменить позицию штаба в этой системе
3696	Script/Mod_ShuMercsHQ/PlayerHQPortalGeneratorDialog/PlayerBack	Я передумал
3697	Script/Mod_ShuMercsHQ/PlayerHQPortalGeneratorDialog/PlayerCoordsTooClose	[слишком близко к звезде]
3698	Script/Mod_ShuMercsHQ/PlayerHQPortalGeneratorDialog/PlayerCoordsTooFar	[слишком далеко от звезды]
3699	Script/Mod_ShuMercsHQ/PlayerHQPortalGeneratorDialog/PlayerExtractionNo	Да нет, пожалуй, я тут и сам справлюсь
3700	Script/Mod_ShuMercsHQ/PlayerHQPortalGeneratorDialog/PlayerExtractionYes	Подтверждаю, вылетайте
3701	Script/Mod_ShuMercsHQ/PlayerHQPortalGeneratorDialog/PlayerInHyper	Расслабиться и наслаждаться полётом
3702	Script/Mod_ShuMercsHQ/PlayerHQPortalGeneratorDialog/PlayerLongJumpCancelConfirmNo	Вот ты меня спросил, и я как-то засомневался...
3703	Script/Mod_ShuMercsHQ/PlayerHQPortalGeneratorDialog/PlayerLongJumpCancelConfirmYes	Да, уверен, как никогда в жизни
3704	Script/Mod_ShuMercsHQ/PlayerHQPortalGeneratorDialog/PlayerLongJumpGo	Скачок!
3705	Script/Mod_ShuMercsHQ/PlayerHQPortalGeneratorDialog/PlayerLongJumpGoBridge	Удачи!
3706	Script/Mod_ShuMercsHQ/PlayerHQPortalGeneratorDialog/PlayerLongJumpNo	Чёт я передумал, сдувайте пузырь
3707	Script/Mod_ShuMercsHQ/PlayerHQPortalGeneratorDialog/PlayerLongJumpNoStars	Понятно
3708	Script/Mod_ShuMercsHQ/PlayerHQPortalGeneratorDialog/PlayerLongJumpRegistrationNo	Шо, опять!? Да ни в жизнь я больше не стану унижаться перед этими утырками!
3709	Script/Mod_ShuMercsHQ/PlayerHQPortalGeneratorDialog/PlayerLongJumpRegistrationYes	Эхх, и чего только не сделаешь ради любимого дела... Я согласен
3710	Script/Mod_ShuMercsHQ/PlayerHQPortalGeneratorDialog/PlayerLongJumpToStar	В систему <Star>
3711	Script/Mod_ShuMercsHQ/PlayerHQPortalGeneratorDialog/PlayerLongJumpYes	Ну так чего ждёте? Погнали!
3712	Script/Mod_ShuMercsHQ/PlayerHQPortalGeneratorDialog/PlayerOut	Пожалуй, воспользуюсь генератором как-нибудь в другой раз
3713	Script/Mod_ShuMercsHQ/PlayerHQPortalGeneratorDialog/PlayerShortJumpGo	Скачок!
3714	Script/Mod_ShuMercsHQ/PlayerHQPortalGeneratorDialog/PlayerShortJumpGoBridge	Удачи!
3715	Script/Mod_ShuMercsHQ/PlayerHQPortalGeneratorDialog/PlayerShortJumpMyCoords	На координаты <clr>моего корабля<clrEnd>
3716	Script/Mod_ShuMercsHQ/PlayerHQPortalGeneratorDialog/PlayerShortJumpNo	Чёт я передумал, сдувайте пузырь
3717	Script/Mod_ShuMercsHQ/PlayerHQPortalGeneratorDialog/PlayerShortJumpPlanetCoords	К координатам планеты <Planet>
3718	Script/Mod_ShuMercsHQ/PlayerHQPortalGeneratorDialog/PlayerShortJumpYes	Ну так чего ждёте? Погнали!
3719	Script/Mod_ShuMercsHQ/PlayerHQPortalGeneratorDialog/PlayerWaitingForExtraction	Расслабиться и дожидаться возвращения
3720	Script/Mod_ShuMercsHQ/PlayerHQPortalGeneratorDialog/ShortJumpActivation	Как скажешь, босс.
3721	Script/Mod_ShuMercsHQ/PlayerHQPortalGeneratorDialog/ShortJumpActivation	Координаты <Place> заданы - гиперпространственный пузырь сформирован. Ждём твоего подтверждения для скачка.
3722	Script/Mod_ShuMercsHQ/PlayerHQPortalGeneratorDialog/ShortJumpDeactivation	Понял тебя, схлопываем пузырь.
3723	Script/Mod_ShuMercsHQ/PlayerHQPortalGeneratorDialog/ShortJumpDeactivation	Дело, в общем-то, твоё, но ты учти, что сегодня мы уже скакнуть никуда не сможем. Сперва необходимо генератор остудить.
3724	Script/Mod_ShuMercsHQ/PlayerHQPortalGeneratorDialog/ShortJumpGo	Окей, шеф - начинаем гиперпространственный скачок.
3725	Script/Mod_ShuMercsHQ/PlayerHQPortalGeneratorDialog/ShortJumpGo	Открытие портала через: 3... 2... 1...
3726	Script/Mod_ShuMercsHQ/PlayerHQPortalGeneratorDialog/ShortJumpPlacePlanet	планеты <Planet>
3727	Script/Mod_ShuMercsHQ/PlayerHQPortalGeneratorDialog/ShortJumpPlacePlayer	<clr>твоего корабля<clrEnd>
3728	Script/Mod_ShuMercsHQ/PlayerHQPortalGeneratorDialog/ShortJumpWhatCoords	Понял тебя, босс. По каким координатам нам совершить скачок?
3729	Script/Mod_ShuMercsHQ/PlayerHQPortalGeneratorDialog/WaitingForExtraction	Рад видеть тебя в добром здравии, шеф! Мы вот-вот совершим скачок обратно в систему <Star>. Генератор уже на ладан дышит, но на последний рывок его мощности должно хватить. Предлагаю тебе пока отдохнуть и прийти в себя, скоро будем дома.
3732	Script/Mod_ShuMercsHQ/PlayerHQRelocation/PlanetGovCoalBad	Мы вам совершенно не доверяем, <Player>. Я даже не поручил бы вам доставить пиццу в соседний отдел. А в таких делах, доверие - самое главное.
3733	Script/Mod_ShuMercsHQ/PlayerHQRelocation/PlanetGovCoalBad	Ни о каком разрешении не может быть и речи!
3734	Script/Mod_ShuMercsHQ/PlayerHQRelocation/PlanetGovCoalBribe	Я готов хоть прямо сейчас перевести пожертвование в пользу фонда защиты бездомных котопсов, только назовите номер счёта
3735	Script/Mod_ShuMercsHQ/PlayerHQRelocation/PlanetGovCoalBribeCost	Ах, котопсы, ну конечно! И как я мог забыть об этих милых мохнатых уродцах? Ваша забота крайне похвальна, <Player>. Думаю, что сумма в <Cost> cr. поможет этим бедным тварям чувствовать себя в полной безопасности, находясь на территории новой загородной виллы с видом на океан.
3736	Script/Mod_ShuMercsHQ/PlayerHQRelocation/PlanetGovCoalBribeNo	А знаете, что-то я передумал
3737	Script/Mod_ShuMercsHQ/PlayerHQRelocation/PlanetGovCoalBribeNoOut	Тогда чего вы мне голову морочите? Передумал он, видите ли. А как же бедные котопсы!? И не стыдно вам, рейнджер?
3738	Script/Mod_ShuMercsHQ/PlayerHQRelocation/PlanetGovCoalBribeYes	С вами приятно иметь дело [<color=0,50,200>заплатить</color>]
3739	Script/Mod_ShuMercsHQ/PlayerHQRelocation/PlanetGovCoalGood	Что-что, рейнджер <Player>? Я не ослышался? Вы хотите, чтобы я выдал вам разрешение на перемещение к нам вооружённой станции, которая не будет подчинена ни одному правительству, на которой смогут укрываться преступники и которая будет нависать постоянной угрозой над нашей безопасностью? А может вам ещё выдать ключи от квартиры, где деньги лежат?
3740	Script/Mod_ShuMercsHQ/PlayerHQRelocation/PlanetGovCoalGood	Так вот знайте, <Player>, никакого разрешения я вам выдавать не буду. По крайней мере до тех пор, пока не увижу в этом выгоды для себ... эмм, то есть для <color=0,50,200>нашего народа</color>.
3741	Script/Mod_ShuMercsHQ/PlayerHQRelocation/PlanetGovCoalPersuasion	В случае вторжения доминаторов, я готов предоставить дополнительную защиту системы. Помогая мне сегодня - вы обеспечиваете свою безопасность на годы вперёд.
3742	Script/Mod_ShuMercsHQ/PlayerHQRelocation/PlanetGovCoalPersuasionFail	Для таких целей у нас имеется собственный вооружённый флот. Да и скорее уж систему придётся защищать не от доминаторов, а от ваших разгулявшихся бойцов, так что нет, спасибо, <Player>, но лишней головной боли нам не надо.
3743	Script/Mod_ShuMercsHQ/PlayerHQRelocation/PlanetGovCoalPersuasionFail	У вас остались ещё какие-то вопросы?
3744	Script/Mod_ShuMercsHQ/PlayerHQRelocation/PlanetGovCoalPersuasionSuccess	Хм, а ведь верно, в ваших словах есть здравый смысл. Думаю, начальство не будет против, если я выдам вам такое разрешение. Безопасность в наше время дорогого стоит.
3745	Script/Mod_ShuMercsHQ/PlayerHQRelocation/PlanetGovCoalPersuasionSuccessP	Благодарю за сотрудничество
3746	Script/Mod_ShuMercsHQ/PlayerHQRelocation/PlanetGovCoalQuest	Возможно, у вас имеются нерешённые вопросы личного характера? С этим я бы мог помочь...
3747	Script/Mod_ShuMercsHQ/PlayerHQRelocation/PlanetGovCoalQuestInProcess	Почему вы все ещё здесь, <Player>? Я не желаю с вами общаться на эту тему до тех пор, пока вы не исполните свою часть уговора.
3748	Script/Mod_ShuMercsHQ/PlayerHQRelocation/PlanetGovCoalQuestNo	Что ж, похвальная инициатива, <Player>, но нет, у нас всё относительно спокойно и ваши услуги нам не нужны.
3749	Script/Mod_ShuMercsHQ/PlayerHQRelocation/PlanetGovCoalQuestNoP	Понятно
3750	Script/Mod_ShuMercsHQ/PlayerHQRelocation/PlanetGovCoalReturn	Поговорим на другую тему
3751	Script/Mod_ShuMercsHQ/PlayerHQRelocation/PlanetGovCoalThreatBad	А вдруг с тобой что-то случится к концу дня, если не будет разрешения. Как тебе такое доверие?
3752	Script/Mod_ShuMercsHQ/PlayerHQRelocation/PlanetGovCoalThreatBadSuccess	Всё-всё, я понял. Не надо никаких случаев. Вот твои бумаги, только больше здесь не появляйся!
3753	Script/Mod_ShuMercsHQ/PlayerHQRelocation/PlanetGovCoalThreatFail	Охрана! Тут угроза должностному лицу при исполнении служебных обязанностей! Задержать преступника!
3754	Script/Mod_ShuMercsHQ/PlayerHQRelocation/PlanetGovCoalThreatFailP	Нет-нет, вы всё неправильно поняли!
3755	Script/Mod_ShuMercsHQ/PlayerHQRelocation/PlanetGovCoalThreatGood	Здоровье ваших родных и близких в обозримом будущем, не это ли величайшая выгода?
3756	Script/Mod_ShuMercsHQ/PlayerHQRelocation/PlanetGovCoalThreatGoodSuccess	А я был о вас лучшего мнения, <Player>. Вот ваши бумаги. Надеюсь, наши дороги больше никогда не пересекутся.
3757	Script/Mod_ShuMercsHQ/PlayerHQRelocation/PlanetGovCoalThreatNotSure	Что вы сказали? Это что, была угроза?
3758	Script/Mod_ShuMercsHQ/PlayerHQRelocation/PlanetGovCoalThreatNotSureFail	Охрана! Тут угроза должностному лицу при исполнении служебных обязанностей! Задержать преступника!
3759	Script/Mod_ShuMercsHQ/PlayerHQRelocation/PlanetGovCoalThreatNotSureFailP	Нет! Не стреляйте! Я сдаюсь
3760	Script/Mod_ShuMercsHQ/PlayerHQRelocation/PlanetGovCoalThreatNotSureNoP	О нет, что вы! Вы меня просто не так поняли
3761	Script/Mod_ShuMercsHQ/PlayerHQRelocation/PlanetGovCoalThreatNotSureSuccess	Спокойно, спокойно. Не надо криков. Я всё понял. Вот ваши бумаги, <Player>, а теперь прошу, оставьте меня и мою семью в покое и просто уходите.
3762	Script/Mod_ShuMercsHQ/PlayerHQRelocation/PlanetGovCoalThreatNotSureSuccessP	Вот так бы сразу!
3763	Script/Mod_ShuMercsHQ/PlayerHQRelocation/PlanetGovCoalThreatNotSureYesP	Да, и если ты прямо сейчас не подпишешь эти чёртовы бумаги, то я за себя не ручаюсь!
3764	Script/Mod_ShuMercsHQ/PlayerHQRelocation/PlanetGovCoalThreatOutOfPrison	Поздравляю с выходом на волю, рейнджер <Player>. Надеюсь, дни, проведённые в заключении пошли вам на пользу и вы переосмыслили своё поведение. В следующий раз хорошенько подумайте, что и кому вы говорите. Всего хорошего.
3765	Script/Mod_ShuMercsHQ/PlayerHQRelocation/PlanetGovCoalThreatSuccessP	Благодарю за сотрудничество, шкет
3766	Script/Mod_ShuMercsHQ/PlayerHQRelocation/PlanetGovPirBad	Мутный ты тип, <Player>. Слишком правильный какой-то. Ты определись для начала, в чью сторону у тебя стволы смотрят, а потом поговорим.
3767	Script/Mod_ShuMercsHQ/PlayerHQRelocation/PlanetGovPirBribe	Я готов хоть прямо сейчас перевести пожертвование в пользу фонда защиты бездомных котопсов, только назовите номер счёта
3768	Script/Mod_ShuMercsHQ/PlayerHQRelocation/PlanetGovPirBribeCost	А? Чего? Каких ещё котопсов? Ты там что, янвелба перебрал?
3769	Script/Mod_ShuMercsHQ/PlayerHQRelocation/PlanetGovPirBribeCost	Аааа, так вот оно в чём дело. Забыл, где мы находимся? Говори прямо: "Хочу дать взятку за разрешение".
3770	Script/Mod_ShuMercsHQ/PlayerHQRelocation/PlanetGovPirBribeCost	Вон видишь, позади тебя терминал стоит? А что на нём написано? Правильно - "Взятки ложить сюда". Подходишь к нему, проводишь свою карту, переводишь <Cost> cr. по указанному счёту и получаешь нужные тебе бумаги. Всё просто.
3771	Script/Mod_ShuMercsHQ/PlayerHQRelocation/PlanetGovPirBribeNo	А знаете, что-то я передумал
3772	Script/Mod_ShuMercsHQ/PlayerHQRelocation/PlanetGovPirBribeYes	Мда уж, и впрямь просто [<color=0,50,200>заплатить</color>]
3773	Script/Mod_ShuMercsHQ/PlayerHQRelocation/PlanetGovPirGood	Штаб наёмников, говоришь? Решил оттяпать себе лакомый кусочек от нашего "внутрисистемного пирога"? Ого, <Player>, неслабо ты так замахнулся. А потянешь?
3774	Script/Mod_ShuMercsHQ/PlayerHQRelocation/PlanetGovPirGood	Впрочем, не моё это дело. Я всё равно не могу помочь. Пойми, <Player>, я лично против тебя ничего не имею и всеми руками за, но вот мои боссы просто не поймут, если я выдам такое разрешение. Мне же нужно им как-то объяснить такой шаг, и это объяснение должно им понравиться.
3775	Script/Mod_ShuMercsHQ/PlayerHQRelocation/PlanetGovPirQuest	В таком случае, возможно, я мог бы оказать вам некую услугу?
3776	Script/Mod_ShuMercsHQ/PlayerHQRelocation/PlanetGovPirQuestInProcess	Хватит тут околачиваться, <Player>! Возвращайся, когда выполнишь свою часть сделки.
3777	Script/Mod_ShuMercsHQ/PlayerHQRelocation/PlanetGovPirQuestNo	Извиняй, <Player>, но у нас и так всё на мази. Твоя помощь сейчас без надобности.
3778	Script/Mod_ShuMercsHQ/PlayerHQRelocation/PlanetGovPirQuestNoP	Понятно
3779	Script/Mod_ShuMercsHQ/PlayerHQRelocation/PlanetGovPirReturn	Поговорим на другую тему
3780	Script/Mod_ShuMercsHQ/PlayerHQRelocation/PlanetGovPirThreatBad	Видишь мой бластер? А вот он тебя видит... и видит хорошо
3781	Script/Mod_ShuMercsHQ/PlayerHQRelocation/PlanetGovPirThreatDead	Жизнь великого рейнджера закончилась
3783	Script/Mod_ShuMercsHQ/PlayerHQRelocation/PlanetGovPirThreatFail	Мда, видать ты совсем с кукухой не в ладах. Впрочем, это уже не мои проблемы. Ребятки, вы знаете что делать...
3784	Script/Mod_ShuMercsHQ/PlayerHQRelocation/PlanetGovPirThreatGood	Если я не увижу нужное мне разрешение через пять минут, то будешь объяснять своему начальству, почему у тебя вместо башки лишь оплавленная головешка!
3785	Script/Mod_ShuMercsHQ/PlayerHQRelocation/PlanetGovPirThreatHaHa	Ахахахах... Ой, не могу, держите меня шестеро! <Player>, ты кого тут напугать решил? Ты хоть догоняешь где находишься и с кем говоришь? Стоит мне щелкнуть пальцами и от тебя и пылинки не останется, смекаешь? А хотя знаешь что, я уже давненько так не ржал. Тут на работе одна рутина, все ходят с кислыми рожами, аж смотреть противно.
3786	Script/Mod_ShuMercsHQ/PlayerHQRelocation/PlanetGovPirThreatHaHa	Но ты меня позабавил, поэтому так уж и быть, сделаю тебе скидку за храбрость, так сказать, и выдам твоё разрешение всего за <Cost> cr.
3787	Script/Mod_ShuMercsHQ/PlayerHQRelocation/PlanetGovPirThreatHaHa	Предложение <clr>ограниченное<clrEnd>, так что советую его принять. В следующий раз будешь платить уже по стандартному "тарифу".
3788	Script/Mod_ShuMercsHQ/PlayerHQRelocation/PlanetGovPirThreatHaHaP1	Эм, ну ладно, спасибо [<color=0,50,200>заплатить</color>]
3789	Script/Mod_ShuMercsHQ/PlayerHQRelocation/PlanetGovPirThreatHaHaP2	Я сейчас в твоей башке дырку проковыряю по ограниченному тарифу! А ну живо давай сюда разрешение!!!
3790	Script/Mod_ShuMercsHQ/PlayerHQRelocation/PlanetGovPirThreatHaHaP3	Спасибо за предложение, но я лучше пойду
3791	Script/Mod_ShuMercsHQ/PlayerHQRelocation/PlanetGovPirThreatSuccess	Спокойно, братан, я же пошутил! Видать, ты в юморе не силён, но это такое, с каждым бывает. Вот твоё разрешение, и разойдемся с миром.
3792	Script/Mod_ShuMercsHQ/PlayerHQRelocation/PlanetGovPirThreatSuccessP	Благодарю за сотрудничество, "братишка"
3793	Script/Mod_ShuMercsHQ/PlayerHQRelocation/PlanetPlayerAsk1	Я бы хотел получить разрешение на перемещение своего штаба наёмников в вашу систему
3794	Script/Mod_ShuMercsHQ/PlayerHQRelocation/PlanetPlayerQuestAsk1	Кстати, насчёт разрешения...
3796	Script/Mod_ShuMercsHQ/PlayerHQRelocation/QuestMessage/Complete	Вы успешно завершили передислокацию штаба в систему <Star>. Отныне ваши наёмники будут совершать свои операции прямо оттуда.
3797	Script/Mod_ShuMercsHQ/PlayerHQRelocation/QuestMessage/Failed1	Система <Star>, которую вы ранее выбрали в качестве нового места базирования штаба, была захвачена - дальнейшее продолжение строительства невозможно.
3798	Script/Mod_ShuMercsHQ/PlayerHQRelocation/QuestMessage/Failed2	Система <Star>, которую вы ранее выбрали в качестве нового места базирования штаба, не подконтрольна <color=255,240,100>Коалиции</color> - дальнейшее продолжение строительства невозможно.
3799	Script/Mod_ShuMercsHQ/PlayerHQRelocation/QuestMessage/Failed3	Система <Star>, которую вы ранее выбрали в качестве нового места базирования штаба, не подконтрольна <color=255,240,100>пиратскому клану</color> - дальнейшее продолжение строительства невозможно.
3800	Script/Mod_ShuMercsHQ/PlayerHQRelocation/QuestMessage/Stage1	Вы выбрали систему <Star> новым местом расположения вашего штаба. Перед началом постройки вам необходимо получить одобрение правителей всех <color=255,240,100>местных планет</color>.
3801	Script/Mod_ShuMercsHQ/PlayerHQRelocation/QuestMessage/Stage2	Вы выбрали систему <Star> новым местом расположения вашего штаба и уже собрали все необходимые бумаги и подписи. Можно смело отправляться обратно в <clr>штаб<clrEnd> для завершения приготовлений и совершения гиперпространственного скачка.
3802	Script/Mod_ShuMercsHQ/PlayerHQRelocation/QuestMessage/Title	<color=255,240,100>Передислокация штаба в другую систему</color>
3812	Script/Mod_ShuMercsHQ/PlayerHQShipyardProjects/Special/PlayerOrgCruiser/ConstructionDoneMsg	<color=255,240,100>Донесение из штаба:</color>
3813	Script/Mod_ShuMercsHQ/PlayerHQShipyardProjects/Special/PlayerOrgCruiser/ConstructionDoneMsg	Дело сделано, босс - принимай работу! Новейший, мощнейший и квакейший из всех <color=255,240,100>боевых крейсеров</color> готов!
3814	Script/Mod_ShuMercsHQ/PlayerHQShipyardProjects/Special/PlayerOrgCruiser/Description	Проект: <clr>Боевой крейсер<clrEnd>
3815	Script/Mod_ShuMercsHQ/PlayerHQShipyardProjects/Special/PlayerOrgCruiser/Description	Описание: Наша неподдельная гордость - собственный боевой крейсер организации <OrganisationName>! И хотя поддержание в строю на верфи штаба даже одной такой махины выльется в серьёзные издержки, огневая мощь этого красавца позволит кратно усилить оборону всей системы.
3816	Script/Mod_ShuMercsHQ/PlayerHQShipyardProjects/Special/PlayerOrgCruiser/Description	Заплатишь за постройку - не пожалеешь! Ну и да, к слову, за подряд готов взяться мой родной кузен, так что за качество работы можешь быть спокоен.
3818	Script/Mod_ShuMercsHQ/PlayerHQShipyardProjects/Special/PlayerOrgCruiser/Description	Стоимость: <Cost> cr.
3819	Script/Mod_ShuMercsHQ/PlayerHQShipyardProjects/Special/PlayerOrgCruiser/Description	Длительность производства: <ProductionTime> дн.
3820	Script/Mod_ShuMercsHQ/PlayerHQShipyardProjects/Special/PlayerOrgCruiser/Name	Боевой крейсер
3825	Script/Mod_ShuMercsHQ/PlayerHQShipyardProjects/Tranclucator/ConstructionDoneMsg	<color=255,240,100>Донесение из штаба:</color>
3826	Script/Mod_ShuMercsHQ/PlayerHQShipyardProjects/Tranclucator/ConstructionDoneMsg	Мы закончили сборку <color=255,240,100>транклюкатора</color>, босс. Новый механический друг с завидным нетерпением ожидает тебя на складе.
3840	Script/Mod_ShuMercsHQ/PlayerHQShipyardProjects/Tranclucator/DelayInProductionAddText	[станет доступно через <NextProductionDaysLeft> дн.]
3841	Script/Mod_ShuMercsHQ/PlayerHQShipyardProjects/Tranclucator/Description	Проект: <clr>Транклюкатор<clrEnd>
3842	Script/Mod_ShuMercsHQ/PlayerHQShipyardProjects/Tranclucator/Description	Описание: Стандартный транклюкатор класса "Долбобот", какие в качестве автономной рабочей силы использовал ещё мой прадедушка. С началом доминаторской агрессии многие стали относиться к этим "парням" с опаской, однако можешь быть спокоен - для внезапного "восстания машин" их электронные мозги никак не годятся. Уж больно тупые.
3843	Script/Mod_ShuMercsHQ/PlayerHQShipyardProjects/Tranclucator/Description	Однако не забывай, что после постройки такой машины следующую ты сможешь заказать не раньше, чем <clr>через год<clrEnd>. Таковы уж условия частного лицензионного производства - тут ничего не поделать.
3845	Script/Mod_ShuMercsHQ/PlayerHQShipyardProjects/Tranclucator/Description	Минимальная репутация: <RequiredReputation>
3846	Script/Mod_ShuMercsHQ/PlayerHQShipyardProjects/Tranclucator/Description	Стоимость: <Cost> cr.
3847	Script/Mod_ShuMercsHQ/PlayerHQShipyardProjects/Tranclucator/Description	Длительность производства: <ProductionTime> дн.
3849	Script/Mod_ShuMercsHQ/PlayerHQShipyardProjects/Tranclucator/Name	Транклюкатор
3871	Talk/PirateClan/Attack/RangerFear	Да ты что, мне моя жизнь ещё дорога! Поищи себе пушечное мясо на другой частоте.
3872	Talk/PirateClan/Attack/RangerFear1	Нетушки, приятель! Если меня порешат, то кто будет взбивать подушку моей престарелой матушке?
3873	Talk/PirateClan/Attack/RangerFear2	Если тебе охота искать на свой центр тяжести приключений, то лично мне как-то не очень.
3874	Talk/PirateClan/Attack/RangerFear3	Да пошёл бы ты в червоточину со своими атаками-шматаками! Я тут из-за тебя сбился на 98 уровне!
3875	Talk/PirateClan/Attack/RangerFear4	Сражаться ни с кем не хочу, но готов побыть секундантом.
3876	Talk/PirateClan/Attack/RangerHaveBusiness	Очень некстати ты сейчас обратился. Дел просто по горло.
3877	Talk/PirateClan/Attack/RangerHaveBusiness1	У меня сейчас хватает и собственных дел, обратись к кому-нибудь другому.
3878	Talk/PirateClan/Attack/RangerHaveBusiness2	Некогда отвлекаться, совершенно некогда отвлекаться! Не до тебя, приятель.
3879	Talk/PirateClan/Attack/RangerHaveBusiness3	В другое время я бы тебе помог, но пока передо мной стоят куда более приоритетные задачи.
3880	Talk/PirateClan/Attack/RangerHaveBusiness4	Ну ты и выбрал времечко, конечно. Сейчас мне некогда решать твои проблемы, дружище.
3881	Talk/PirateClan/Attack/RangerItsMyTranc	А может тебе ещё вина красного, да Махпеллу рыжую? А ну-ка быстро отвалил от моего транклюкатора, не то в следующий раз с тобой заговорят мои пушки!
3882	Talk/PirateClan/Attack/RangerItsYourTranc	Ты, <Player>, видно больной? А на вид вроде кажешься здоровым...<br>В общем, разбирайся со своими транклюкаторами сам, я в этом цирке участвовать не буду.
3883	Talk/PirateClan/Attack/RangerOk	Хорошая идея! Давно чесались руки как следует надрать дюзы этому выскочке!
3884	Talk/PirateClan/Attack/RangerOk1	И в самом деле, почему бы мне не тряхнуть стариной? Есть ещё порох в пороховницах!
3885	Talk/PirateClan/Attack/RangerOk2	Только было подумал уже, что не на ком новую пушечку проверить, как тут ты со своим предложением! Я в деле!
3886	Talk/PirateClan/Attack/RangerOk3	Согласен, его металлолом только портит красивый пейзаж. Всю энергию на орудия!
3887	Talk/PirateClan/Attack/RangerOk4	Помнится, капитан этого корабля как-то мне крупную сумму задолжал... И правда, мне с ним есть что обсудить.
3888	Talk/PirateClan/Attack/RangerSend	Не подсобишь в битве с <Target>? Вместе мы его точняк ухайдокаем!
3889	Talk/PirateClan/Attack/RangerSend1	У тебя есть уникальный шанс разогреть свои пушечки! Давай покажем <Target>, кого надо уважать в этой системе!
3890	Talk/PirateClan/Attack/RangerSend2	Заскучал уже, небось, без активных-то действий? Присоединяйся к моей атаке на <Target>, а то лицо у тебя какое-то совсем кислое.
3891	Talk/PirateClan/Attack/RangerSend3	Тут <Target> по закрытому каналу очень нехорошим словом тебя обозвал! Я уже лечу дать ему за твою оскорбленную честь по мозгам, а ты давай перезаряжайся и за мной!
3892	Talk/PirateClan/Attack/RangerSend4	Я лечу выяснить отношения с <Target>. Ты со мной?
3893	Talk/PirateClan/Attack/RangerSuspect	Да ну тебя, по глазам же видно, что подведешь в самый ответственный момент.
3894	Talk/PirateClan/Attack/RangerSuspect1	Нет, я тебе ни капли не доверяю. На мою помощь можешь даже не рассчитывать.
3895	Talk/PirateClan/Attack/RangerSuspect2	Посмотри на себя в зеркало! На лбу же написано: "Мне доверять ни-ни!"
3896	Talk/PirateClan/Attack/RangerSuspect3	Какая-то ты мутная личность, и я не собираюсь иметь с тобой каких-либо совместных дел.
3897	Talk/PirateClan/Attack/RangerSuspect4	Обязательно! Но сначала назови хотя бы три причины, по которым мне следует тебе доверять.
3898	Talk/PirateClan/Attack/RangerWeFriends	Я с капитаном этого судна не ссорился.
3899	Talk/PirateClan/Attack/RangerWeFriends1	Ты что, мы с ним вместе на флоте служили! Да и тебе не советую с ним ссориться: целее будешь.
3900	Talk/PirateClan/Attack/RangerWeFriends2	Здесь я тебе не помощник: я искренне дорожу хорошими отношениями с этим пилотом.
3901	Talk/PirateClan/Attack/RangerWeFriends3	Нет, он мой друг! Мы с ним целый пуд соли съели на бескрайних просторах космоса.
3902	Talk/PirateClan/Attack/RangerWeFriends4	Ты предлагаешь мне напасть на друга? Нет уж, уволь.
3903	Talk/PirateClan/Attack/RangerWeFriendsTranc	Да чем тебе вообще мог навредить этот невинный робот? Мой ответ - категорическое нет.
3904	Talk/PirateClan/Attack/RangerWeFriendsTranc1	Ну уж нет, чужую собственность я портить не намерен! Если у тебя какие-то проблемы с хозяином этого транклюкатора - так и скажи.
3905	Talk/PirateClan/Attack/RangerWeFriendsTranc2	Была у меня как-то в детстве заводная игрушка робота, и этот транклюкатор её очень сильно напоминает. Извини, не хочу омрачать детские воспоминания.
3908	Talk/PirateClan/Goods/RangerLongDistance	Ну ты даёшь! Я со смеху чуть бутербродом не подавился! Ты бы ещё дальше отлетел и оттуда угрожал!
3909	Talk/PirateClan/Goods/RangerLongDistance1	Дружок, может, эта новость тебя и шокирует, но даже если до меня и достал твой радар, то ещё далеко не факт, что достанут пушки.
3910	Talk/PirateClan/Goods/RangerLongDistance2	Приятель, ты сделал мой день! Ну неужели ты думаешь, что все такие наивные, как ты? Догнал бы меня сначала, а потом уже и приставал со всякой ерундой.
3911	Talk/PirateClan/Goods/RangerLongDistance3	У тебя смелости хватает только с большого расстояния тявкать? У бабушки своей груз требуй!
3912	Talk/PirateClan/Goods/RangerLongDistance4	Мне только кажется, или ты действительно под кайфом? Поинтересуйся хотя бы у своего бортового компьютера, какие у тебя шансы меня догнать.
3913	Talk/PirateClan/Goods/RangerNo	Проснись сначала, а то несёшь тут какую-то околесицу.
3914	Talk/PirateClan/Goods/RangerNo1	А ты давай, отбери у меня груз. Или только по коммуникатору такой грозный?
3915	Talk/PirateClan/Goods/RangerNo2	Груз, говоришь? Так уж и быть, готов специально для тебя сбросить герметичный пакетик с содержимым туалета. Или ты о чём-то другом?
3916	Talk/PirateClan/Goods/RangerNo3	Проучил бы тебя, да пожалею космическую экологию. Это ж сколько потом от твоего судёнышка обломков останется...
3917	Talk/PirateClan/Goods/RangerNo4	Груз я тебе не отдам принципиально. Ты только крепись там.
3918	Talk/PirateClan/Goods/RangerOk	Твоя взяла. Прекращай палить, сейчас выброшу груз.
3919	Talk/PirateClan/Goods/RangerOk1	А почему бы и нет? Нет, не из-за тебя выброшу часть груза, просто места на корабле действительно мало.
3920	Talk/PirateClan/Goods/RangerOk2	Груз-то я выброшу, но тебя я хорошенько запомнил! Лучше не попадайся больше мне на глаза.
3921	Talk/PirateClan/Goods/RangerOk3	Я ради этого груза вкалывал с утра до ночи вовсе не для того, чтобы потом отдать его засранцу вроде тебя. Так уж и быть, держи, но это в последний раз!
3922	Talk/PirateClan/Goods/RangerOk4	Всё-таки пушки - самый весомый аргумент в цивилизованном споре. Не стреляй, сейчас будет тебе груз.
3925	Talk/PirateClan/Money/RangerLongDistance	А? Деньги? Ну конечно, меня же хлебом не корми, дай только перечислить деньжат первому встречному неадеквату, вещающему в эфир с другого конца системы. Если вдруг не дошло, чему я буду не удивлен, то это сарказм.
3926	Talk/PirateClan/Money/RangerLongDistance1	И откуда вы такие только берётесь-то?<br>Какие тебе нафиг деньги? Да ты меня даже догнать не сможешь!
3927	Talk/PirateClan/Money/RangerLongDistance2	А если я вдруг откажусь, то ты на меня очень сильно разозлишься и не догонишь?<br>О нет, не делай этого! Прошу тебя!
3928	Talk/PirateClan/Money/RangerLongDistance3	Какой смысл тебе платить, если с такого расстояния ты не представляешь для меня совершенно никакой угрозы?
3929	Talk/PirateClan/Money/RangerLongDistance4	Мне становится страшно за наше пиратское ремесло, когда я встречаю таких, как ты. Прежде чем вымогать, хотя бы подлети поближе к жертве! Всему-то приходится учить современную молодёжь...
3930	Talk/PirateClan/Money/RangerLongDistance5	Ха-ха! Надо полагать, твоя наглость прямо пропорциональна расстоянию между нами?
3931	Talk/PirateClan/Money/RangerLongDistance6	Ой, какие мы дерзкие! Ты фоточку-то свою пришли, как сяду на ближайшую планету, так обязательно продам журналистам. Только представь: репортаж "Дебил года"! Так и вижу: "Он грабит суда с невероятных расстояний!"<br>Эй, ты чего? Да остынь, приятель, это же шутка.
3932	Talk/PirateClan/Money/RangerLongDistance7	Только если ты меня догонишь и назовёшь убедительную причину тебе заплатить. Ах да, тебе же это не светит. Ну, тогда нет.
3933	Talk/PirateClan/Money/RangerLongDistance8	Я бы при всём желании не смог перевести тебе деньги на таком огромном расстоянии, так что извини. Нет, я не смеюсь - это такие помехи.
3934	Talk/PirateClan/Money/RangerNo	Уже перевожу. Как это не пришло? Ну... Я здесь не при делах. Вот.
3935	Talk/PirateClan/Money/RangerNo1	Летел бы ты, грабитель-недоучка! Сейчас я своему корешу чиркану, так он тебе дюзы вправит!
3936	Talk/PirateClan/Money/RangerNo2	Братуха, ты кое-что попутал: я тебе не банкомат, так что шевели двиглом куда-нибудь к гобзавру в берлогу, а?
3937	Talk/PirateClan/Money/RangerNo3	Я свои деньги честно награбил и тебе не отдам!
3938	Talk/PirateClan/Money/RangerNo4	Чего-о? Мне это показалось, или ты сейчас и правда хотел затребовать у меня деньги?<br>А ну-ка давай шуруй отсюдова, пока я ещё добрый!
3939	Talk/PirateClan/Money/RangerNo5	Это деньги не мои, а вон того транспортника, вот у него их и требуй.
3940	Talk/PirateClan/Money/RangerNo6	Нет-нет-нет! И без того ипотеку выплачиваю. Ты меня по миру пустить хочешь, да?
3941	Talk/PirateClan/Money/RangerNo7	Но ведь тогда мне не хватит на корм моему попугаю! Неужели ты хочешь, чтобы бедная птичка голодала?<br>Какой ты жестокий.
3942	Talk/PirateClan/Money/RangerOk	Ну ладно-ладно, можешь убрать свои пушки, вот деньги. Всё равно не мои, считай, ничего не потерял!
3943	Talk/PirateClan/Money/RangerOk1	Вот я их копил, копил, грабил, торговал контрабандой, ночей не спал, кушал плохо! А тут ты нарисовался! Ну не стыдно тебе, а? Ладно, держи уж...
3944	Talk/PirateClan/Money/RangerOk2	Ну вот, придётся заначку доставать... Так, теперь хватает! Бери, только отстань!
3945	Talk/PirateClan/Money/RangerOk3	Малокское твёрдо-красное, смешанное с зелёным сюрпризом! Ну ты и приставучий! Всё-всё, бери, молодец, крутой.
3946	Talk/PirateClan/Money/RangerOk4	Легко пришли - легко ушли. Полечу-ка я, попробую ещё раз догнать тот транспортник...
3947	Talk/PirateClan/Money/RangerOk5	Говорила мне бабушка: "Не летай, внучёк, по ночам!" А я её не слушал...
3948	Talk/PirateClan/Money/RangerOk6	А ведь так хотел ту пушку купить... Каждый день ходил, любовался на витрину... Ладно, придётся платить, забирай...
3949	Talk/PirateClan/Money/RangerOk7	А ведь верно: все в галактике должны делиться и всем будет хорошо! Сегодня я тебе, завтра ты мне!
3950	Talk/PirateClan/Money/RangerSumIsVeryBig	Ну ты загнул, откуда у меня могут быть такие деньжищи?!
3951	Talk/PirateClan/Money/RangerSumIsVeryBig1	С какого Ба-О'Бааба ты свалился? Такой суммы я никогда даже в руках не держал!
3952	Talk/PirateClan/Money/RangerSumIsVeryBig2	Приятель, пожалуйста, не пали по мне! Ну нет у меня такой суммы!
3953	Talk/PirateClan/Money/RangerSumIsVeryBig3	Боюсь, таких денег у меня попросту нет. Может, мы сможем сойтись на меньшей сумме?
3954	Talk/PirateClan/Money/RangerSumIsVeryBig4	Эх, польстил ты мне... Будь у меня такие деньги, я бы, пожалуй, не в космосе холодном зависал, а отдыхал бы сейчас где-нибудь на Мауна-Роа...
3957	Talk/PirateClan/Partner/FinancesCheck	Как твоё финансовое положение?
3958	Talk/PirateClan/Partner/FinancesConfirmed	Ясно
3959	Talk/PirateClan/Partner/FinancesGotGift	Спасибо, теперь на моём счету <Money> cr.
3960	Talk/PirateClan/Partner/FinancesOfferGift	Дать денег напарнику
3961	Talk/PirateClan/Partner/FinancesReport	<Player>, у меня на счету <Money> cr.
3962	Talk/PirateClan/Partner/FinancesSendGift	Возьми <Money> cr.
3963	Talk/PirateClan/Partner/FinancesWaitForGift	Итак, <Player>, сколько ты готов мне подкинуть?
3966	Talk/PirateClan/PreserveItems/RangerNo	Дружище, я не говорил тебе, что я из общества экологов? Нет, я категорически против того, чтобы захламлять космическое пространство.
3967	Talk/PirateClan/PreserveItems/RangerOk	Что, оставить мусор в покое? И откуда вы только такие берётесь... Ладно, штип с тобой, нужен он мне больно.
3970	Talk/PirateClan/Protect/RangerNo	Вот ещё! Да кто ты такой, чтобы я тебя слушал? Нет уж, <Target> от меня так просто не отделается, а ты теперь и сам на очереди.
3971	Talk/PirateClan/Protect/RangerNo1	У меня свои разборки с пилотом судна <Target>, в которые я тебе настоятельно рекомендую не влезать.
3972	Talk/PirateClan/Protect/RangerNo2	А не полетел бы ты, горе-миротворец, куда-нибудь к Махпелле на чаёк?
3973	Talk/PirateClan/Protect/RangerNo3	Слышишь, <Target>? Если тебя это утешит перед смертью, то за тебя здесь хоть кто-то заступился!
3974	Talk/PirateClan/Protect/RangerNo4	Твои усилия тщетны. Судно <Target> будет уничтожено очень и очень скоро. Просто смирись с этим.
3975	Talk/PirateClan/Protect/RangerNo5	Эй, <Target>, отпустить тебя? Нет? Ну ладно. Слышал, <Player>? Этот транспортник сам очень хочет, чтоб я его ограбил, не лишай его такой радости.
3976	Talk/PirateClan/Protect/RangerOk	Ну вот зачем ты влез! Я ж его почти укокошил! Так уж и быть, сегодня у этого прохвоста счастливый день.
3977	Talk/PirateClan/Protect/RangerOk1	Ну, раз уж ты просишь... Не, ты крутой парень, с тобой я связываться не буду.
3978	Talk/PirateClan/Protect/RangerOk2	<Target>, лети, пока я не передумал! Теперь придётся искать кого-нибудь другого, на ком можно проверить новую пушечку...
3979	Talk/PirateClan/Protect/RangerOk3	Я только разогрелся, а тут ты со своим миротворчеством! Хорошо, пускай живёт.
3980	Talk/PirateClan/Protect/RangerOk4	Ну вот, <Player>, нехорошо так веселье обламывать... Сегодня ты каждый встречный транспортник защищаешь, а что дальше? Каждого хрякоплюха спасать будешь? Ладно, не хочу иметь дел с защитниками животных... <Target>, лети, отпускаю.
3983	Talk/PirateClan/Truce/RangerNo	Вот в такие моменты начинаешь испытывать жалость к жертве собственного грабежа! Может, отпустить тебя сгонять за кредитом в бизнес-центр?
3984	Talk/PirateClan/Truce/RangerNo1	Мда... Ты бы хоть минеральчиков себе настрелял, нищеброд галактический!
3985	Talk/PirateClan/Truce/RangerNo2	Эти деньги не скомпенсируют мне даже того, что я был вынужден лицезреть твою физиономию на дисплее.
3986	Talk/PirateClan/Truce/RangerNo3	Ты хочешь меня разжалобить? Так и тянет дать тебе в долг, только чтобы ты смог предложить не такую мизерную сумму!
3987	Talk/PirateClan/Truce/RangerNo4	Ну ты даёшь! Да я за одно посещение бара больше трачу! Так, кстати, а какие там нынче расценки... О, Гайднет говорит, что ром подорожал... Слышишь, не смей оставлять меня без рома!
3988	Talk/PirateClan/Truce/RangerNo5	Ну как так? Я тут стараюсь, аккуратно тебе корабль распиливаю, а ты мне так мало предлагаешь! Совсем мой труд не ценишь!
3989	Talk/PirateClan/Truce/RangerOk	Хорошо, что в галактике полно таких лошков, как ты! А то работать бы пришлось.
3990	Talk/PirateClan/Truce/RangerOk1	Поздравляю, вы только что купили себе одноразовый билет на пролёт по системе! Не желаете ли приобрести абонемент на весь год?
3991	Talk/PirateClan/Truce/RangerOk2	Вот сразу бы так. А то гоняться ещё за вами приходится, топливо тратить...
3992	Talk/PirateClan/Truce/RangerOk3	В другой раз я бы с тебя вытряхнул побольше, но уж больно у меня сегодня хорошее настроение. Или это ликер? А, впрочем, неважно.
3993	Talk/PirateClan/Truce/RangerOk4	Не переживай, все вырученные средства пойдут исключительно на благо нашего благородного клана!
3994	Talk/PirateClan/Truce/RangerSend	Дружище, ты всё перепутал! Я не учебный астероид! Возьми вот эти <Money> cr., только перестань корежить моё корыто!
3995	Talk/PirateClan/Truce/RangerSend1	Всё, всё, ты круче меня, круче всех здесь, я согласен! Держи <Money> cr., я их очень долго копил, только позволь улететь куда подальше!
3996	Talk/PirateClan/Truce/RangerSend2	Я тут подумал, и пришёл к выводу, что эти <Money> cr. мне совершенно не нужны. Может быть, ты возьмёшь их себе, и мы мирно разлетимся?
3997	Talk/PirateClan/Truce/RangerSend3	Признаю, я несколько переоценил свои силы и недооценил твои. Предлагаю тебе <Money> cr. за то, чтобы ты оставил меня, наконец, в покое.
3998	Talk/PirateClan/Truce/RangerSend4	Приятель, ты действительно заслуживаешь этих денег! Предлагаю тебе заманчивую сумму в <Money> cr., после чего я преспокойно улетаю восвояси. Идёт?
4065	ShipInfo/AddInfo/CustomInfos/ChangeShipScriptGroupInfo/Name	Корабли с этой маркерной инфошкой будут автоматически переводиться в указанную скриптовую группу в тех скриптах, где для этого предусмотрены специальные проверки
4070	ShipInfo/AddInfo/CustomInfos/DeadByHitInfo/Name	Корабли с этой маркерной инфошкой будут получать фатальный урон в случае попадания по ним корабля/оружия/предмета указанного в инфошке типа (можно вешать несколько инфошек сразу, если необходимо, чтобы цель погибала от нескольких разных типов урона)
4107	ShipInfo/AddInfo/CustomInfos/IgnoreCamoInfo/Name	Корабли с этой маркерной инфошкой будут адекватно реагировать на игрока в камуфляже
4110	ShipInfo/AddInfo/CustomInfos/ShuMercsHQ_EMPTorpedo/Description	Новейшая разработка <color=255,240,100>пиратского клана</color> - массивная <color=255,240,100>ЭМП торпеда</color>, способная на некоторое время вывести из строя целый линкор.
4112	ShipInfo/AddInfo/CustomInfos/ShuMercsHQ_EMPTorpedo/Name	ЭМП торпеда
4147	ShipInfo/AddInfo/CustomInfos/ShuMercsHQ_EMPTorpedoTargetHit/Name	Производит ЭМП взрыв при попадании ЭМП торпеды в цель (вешается на цель)
4171	ShipInfo/AddInfo/CustomInfos/ShuMercsHQ_ExpirinStimulant/Description	Подставляется из раздела стимулятора.
4173	ShipInfo/AddInfo/CustomInfos/ShuMercsHQ_ExpirinStimulant/Name	Экспирин
4240	ShipInfo/AddInfo/CustomInfos/ShuMercsHQ_GluonizationEffect/Name	Эффект глюонизации (со временем спадает)
4258	ShipInfo/AddInfo/CustomInfos/ShuMercsHQ_GluonizationEffect/StatusEffect	Глюонизация
4263	ShipInfo/AddInfo/CustomInfos/ShuMercsHQ_GuardedShip/Name	Проверяет, не атаковал ли игрок охраняемый его наёмником корабль, и если атаковал, завершает квест наёмника
4320	ShipInfo/AddInfo/CustomInfos/ShuMercsHQ_MercTalksBlock/Name	Запрещает наёмнику вести переговоры во время нападения на цель по приказу игрока.
4338	ShipInfo/AddInfo/CustomInfos/ShuMercsHQ_MoveRangeController/Name	Автоматически тормозит корабль при пересечении определённой границы (по дальности) сближения с указанным объектом
4367	ShipInfo/AddInfo/CustomInfos/ShuMercsHQ_PlayerMercHQAutoRepair/Description	Скрытая инфошка для автоперезарядки и автоулучшения верфей
4431	ShipInfo/AddInfo/CustomInfos/ShuMercsHQ_PlayerOrgTrancInfo/Name	Автоматически добавляет иконки кастомной фракции во время возвращения транклюкатора организации игрока в трюм (игра в этот момент сбрасывает транкам скриптовую группу)
4451	ShipInfo/AddInfo/CustomInfos/ShuMercsHQ_PlayerOwnerSwitcherInfo/Name	Автоматически меняет овнера игрока при влёте и вылете в атакуемую/защищаемую его наёмниками систему
4492	ShipInfo/AddInfo/CustomInfos/ShuMercsHQ_PortalGenerator/AtReady	Готов
4493	ShipInfo/AddInfo/CustomInfos/ShuMercsHQ_PortalGenerator/DaysLeft	</color> дн.
4494	ShipInfo/AddInfo/CustomInfos/ShuMercsHQ_PortalGenerator/Description	На эту станцию был
4495	ShipInfo/AddInfo/CustomInfos/ShuMercsHQ_PortalGenerator/Description	установлен <color=255,240,100>портальный генератор</color>, позволяющий ей совершать гиперпространственные скачки:
4497	ShipInfo/AddInfo/CustomInfos/ShuMercsHQ_PortalGenerator/Description	Максимальная дальность скачка: <Data1> пк.
4498	ShipInfo/AddInfo/CustomInfos/ShuMercsHQ_PortalGenerator/Description	Готовность к скачку через: <TextData1>
4500	ShipInfo/AddInfo/CustomInfos/ShuMercsHQ_PortalGenerator/Name	Портальный генератор
4513	ShipInfo/AddInfo/CustomInfos/ShuMercsHQ_QuestShipNotScriptDialog/Name	Просто маркер, что данному квестовому кораблю не нужно подставлять скриптовый диалог
4518	ShipInfo/AddInfo/CustomInfos/ShuMercsHQ_QuestShipsOutOnPlayerAttack/Name	Автоматически выводит из группы все указанные корабли, если их атакует игрок (также может выводить записанное уведомление)
4579	ShipInfo/AddInfo/CustomInfos/ShuMercsHQ_QuestTargetAttackMark/Name	Автоматически выводит уведомление и портит отношение с напавшими наёмниками и игроком, в случае получения урона конкретной целью или кораблями её группы
4657	ShipInfo/AddInfo/CustomInfos/ShuMercsHQ_QuestTrancOwner/Name	Выпускает/призывает обратно в трюм транков, а также по указателю из ChangeShipScriptGroupInfo заносит их в скриптовые группы
4704	ShipInfo/AddInfo/CustomInfos/ShuMercsHQ_ShipDestroysItem/Name	Заставляет корабль уничтожить предмет, если до него достает хотя бы одна пушка в космосе без отключения логики самого корабля
4738	ShipInfo/AddInfo/CustomInfos/ShuMercsHQ_StrikeGroupMercInfo/Name	Блокирует игроку неограниченный доступ к экипировке наёмников из ударной группы
5288	UselessItems/ShuMercsHQ_AgedEkupBottle/Name	Бутылка выдержанного янвелба
5291	UselessItems/ShuMercsHQ_AgedEkupBottle/Text	Вкус, достойный королей.
5295	UselessItems/ShuMercsHQ_ApprovalDocuments/Name	Документы на утверждение строительства
5296	UselessItems/ShuMercsHQ_ApprovalDocuments/NameRelocation	Документы на утверждение передислокации
5299	UselessItems/ShuMercsHQ_ApprovalDocuments/Text	Пара бумаг, необходимых для получения разрешения на постройку собственного штаба наёмников.<br><clr><clrEnd><br>
5300	UselessItems/ShuMercsHQ_ApprovalDocuments/TextCoalitionPermNo	Разрешение Совета Коалиции: <color=255,0,0>Не получено</color>
5301	UselessItems/ShuMercsHQ_ApprovalDocuments/TextCoalitionPermYes	Разрешение Совета Коалиции: <color=0,255,0>Получено</color>
5302	UselessItems/ShuMercsHQ_ApprovalDocuments/TextPiratePermNo	Разрешение Совета клана: <color=255,0,0>Не получено</color>
5303	UselessItems/ShuMercsHQ_ApprovalDocuments/TextPiratePermYes	Разрешение Совета клана: <color=0,255,0>Получено</color>
5304	UselessItems/ShuMercsHQ_ApprovalDocuments/TextPlanetPermNo	Разрешение планеты <Planet>: <color=255,0,0>Не получено</color>
5305	UselessItems/ShuMercsHQ_ApprovalDocuments/TextPlanetPermYes	Разрешение планеты <Planet>: <color=0,255,0>Получено</color>
5306	UselessItems/ShuMercsHQ_ApprovalDocuments/TextRelocation	Пара бумаг, необходимых для получения разрешения на передислокацию штаба наёмников.<br><clr><clrEnd><br>
5307	UselessItems/ShuMercsHQ_ApprovalDocuments/TextSystemNo	Место строительства: <color=255,240,100>Не выбрано</color>
5308	UselessItems/ShuMercsHQ_ApprovalDocuments/TextSystemRelocation	Место передислокации: <color=255,240,100>Система <Star></color>
5309	UselessItems/ShuMercsHQ_ApprovalDocuments/TextSystemYes	Место строительства: <color=255,240,100>Система <Star></color>
5313	UselessItems/ShuMercsHQ_DurableAluminumCase/Name	Надёжный алюминиевый кейс
5316	UselessItems/ShuMercsHQ_DurableAluminumCase/OnUseCode/02	MessageBox('Ваше любопытство уже не раз сослужило вам хорошую службу, так что вы без особых раздумий распахнули кейс и сперва даже не поверили собственным глазам...' + CT('FormInfo.br') + '<clr><clrEnd>' + CT('FormInfo.br') + 'Сотнями аккуратных штабелей в кейсе были уложены тысячи и даже миллионы кредитов! Примерно <color=0,50,200>10.000.000</color> cr. вам удалось насчитать, прежде чем ваш взгляд упал на странный продолговатый предмет в самом углу контейнера.' + CT('FormInfo.br') + '<clr><clrEnd>' + CT('FormInfo.br') + '«Это что, бом...» - успело пронестись в вашей голове, прежде чем мощный взрыв навсегда оборвал жизнь великого, но не в меру любопытного рейнджера-простофили.');
5321	UselessItems/ShuMercsHQ_DurableAluminumCase/Text	Кажется, заказчик просил его не открывать.
5325	UselessItems/ShuMercsHQ_DynamiteBundle/Name	Связка динамита
5328	UselessItems/ShuMercsHQ_DynamiteBundle/Text	Небольшая связка шашек древней бризантной взрывчатки.
5335	UselessItems/ShuMercsHQ_Geniusphone/Text	Лимитированное издание с алмазным экраном.
5339	UselessItems/ShuMercsHQ_GoldIngots/Description1	Слышал, у тебя возникли серьёзные проблемы? Ну так а я бы их мог все быстренько порешить...
5340	UselessItems/ShuMercsHQ_GoldIngots/Description2	Всего <color=255,240,100>99.9%</color> годовых!
5341	UselessItems/ShuMercsHQ_GoldIngots/Description3	Да ну перестань, не стану я с тебя требовать всё и сразу - ты ж мой бро! Расплатишься, как будет возможность, а сроки в таком деле всего лишь бумажная формальность...
5342	UselessItems/ShuMercsHQ_GoldIngots/Description4	Народ любит сильную власть, а знаешь, в чём сила, брат? А сила, брат, всегда в деньгах! И не верь безымянным нищебродам, утверждающим обратное.
5343	UselessItems/ShuMercsHQ_GoldIngots/Description5	Личный бромированный флаер? Космическая яхта? Особняк над жерлом действующего вулкана!? Просто поставь вот здесь свою всемогущую подпись.
5344	UselessItems/ShuMercsHQ_GoldIngots/Name	Золотые слитки
5347	UselessItems/ShuMercsHQ_GoldIngots/Text	Обыкновенные золотые слитки. Как водится, крайне тяжёлые и, как водится, крайне дорогие.
5351	UselessItems/ShuMercsHQ_GoodsImitation3/Name	Роскошь
5365	UselessItems/ShuMercsHQ_GoodsImitation3/Text	Драгоценности, произведения искусства и другие предметы роскоши.
5369	UselessItems/ShuMercsHQ_GoodsImitation6/Name	Оружие
5383	UselessItems/ShuMercsHQ_GoodsImitation6/Text	Всевозможные виды оружия: холодное, ручное, ядерное, психотропное и прочее.
5387	UselessItems/ShuMercsHQ_GoodsImitation7/Name	Наркотики
5401	UselessItems/ShuMercsHQ_GoodsImitation7/Text	Запрещенные гаостимуляторы и прочая наркотическая продукция.
5405	UselessItems/ShuMercsHQ_HoloTablet/Name	Голографический планшет
5596	UselessItems/ShuMercsHQ_HoloTablet/Text	Обычный планшет, из тех, какие обычно продаются на любой мало-мальски развитой планете.
5600	UselessItems/ShuMercsHQ_HugeBrilliant/Name	Огромный бриллиант
5603	UselessItems/ShuMercsHQ_HugeBrilliant/Text	Алмаз весом <color=255,240,100>10000</color> карат. Вряд ли в галактике не то что знают, сколько он стоит, а скорее не знают, во сколько его оценить.
5607	UselessItems/ShuMercsHQ_PirateContainer/Name	Контейнер
5632	UselessItems/ShuMercsHQ_PirateContainer/Text	С виду обычный контейнер. Что внутри - неизвестно.
5636	UselessItems/ShuMercsHQ_PirateFlashDrive/Name	Флешка
5639	UselessItems/ShuMercsHQ_PirateFlashDrive/Text	Очень старая, даже уже подёрнутая ржавчиной, флешка с семейными фотографиями. Наверное, они были очень дороги её владельцу.
5640	UselessItems/ShuMercsHQ_PirateFlashDrive/TextBlueprint	Блок памяти военного образца с чертежами пехотного штурмового вооружения восьмого поколения. Совершенно секретно.
5641	UselessItems/ShuMercsHQ_PirateFlashDrive/TextZetacoin	Уникальный цифровой накопитель, внутри которого содержится <clr>1<clrEnd> зеттакойн. Корпус на <clr>42%<clrEnd> состоит из чистой платины.
5645	UselessItems/ShuMercsHQ_PowderKeg/Name	Бочка пороха
5648	UselessItems/ShuMercsHQ_PowderKeg/Text	Бочонок настоящего дымного ружейного пороха, какими когда-то, в глубокой древности, были забиты трюмы пиратских галеонов. Ар-р!
5652	UselessItems/ShuMercsHQ_RadioactiveWaste/Name	Радиоактивные отходы
5667	UselessItems/ShuMercsHQ_RadioactiveWaste/Text	Фоняют так, что нос отваливается.
5671	UselessItems/ShuMercsHQ_SuspiciousEnvelope/Name	Подозрительный конверт
5674	UselessItems/ShuMercsHQ_SuspiciousEnvelope/Text	Хорошо запечатанный конверт с неизвестным содержимым.
5678	UselessItems/ShuMercsHQ_TNT/Name	Тротиловая шашка
5681	UselessItems/ShuMercsHQ_TNT/Text	Устаревшая разновидность военной взрывчатки.
5685	UselessItems/ShuMercsHQ_TurbinatorFigurine/Name	Статуэтка "Арнинатор"
5691	UselessItems/ShuMercsHQ_TurbinatorFigurine/Text	Миниатюрная модель давным-давно устаревшего боевого робота. На подставке проглядывается потёртая гравировка со словами: <color=255,240,100>"В память о единстве"</color>.
5695	UselessItems/ShuMercsHQ_TziptzilotsKey/Name	Ключ Ципцилота
5698	UselessItems/ShuMercsHQ_TziptzilotsKey/Text	Ключ от личной ячейки в <color=255,240,100>центре наёмников</color>.
5702	ShipCharacterPlayerMerc/00	15, 50, 35, Наемник
5705	ShipCharacterPlayerMercCruiser/00	0, 0, 100, Крейсер
5708	ShipCharacterStarCockerel/00	34, 33, 33, Наемник
5711	ShipCharacterBlasterTziptzilot/00	34, 33, 33, Наемник
5717	ShipType/Fei/StarCockerel	Кумачок
5737	ShipType/TypeName/BlasterTziptzilot	Наемник
5738	ShipType/TypeName/PlayerMerc	Наемник
5739	ShipType/TypeName/PlayerMercCruiser	Крейсер
5740	ShipType/TypeName/PlayerMercHQ	Штаб организации
5741	ShipType/TypeName/PlayerMercHQSmall	Штаб
5742	ShipType/TypeName/PlayerMercHQ_licensed	Штаб организации
5743	ShipType/TypeName/PlayerMercHQ_licensedSmall	Штаб
5744	ShipType/TypeName/StarCockerel	Наемник